styrk08,overall_exposure,pctl_overall_exposure,q_overall_exposure,automation_share,pctl_automation_share,q_automation_share,augmentation_share,pctl_augmentation_share,q_augmentation_share,n_soc_matched,n_tasks_matched,n_tasks_total,task_coverage,has_partial_match,max_partial_fanout,manual_map
1111,0.02341738,36.75,2,0.33333333,63.53,4,0.66666667,62.96,4,1,5,30,0.1667,1,2,
1112,0.06960164,56.13,3,0.53229551,95.73,5,0.46770449,26.78,2,3,19,89,0.2135,1,7,
1114,0.21171499,81.48,5,0.30926876,60.4,4,0.69073124,66.67,4,3,51,253,0.2016,1,7,
1120,0.10173206,66.95,4,0.29844326,57.55,3,0.70155674,69.52,4,2,17,66,0.2576,1,7,
1211,0.22513547,82.34,5,0.28077754,52.14,3,0.71922246,74.93,4,1,19,43,0.4419,1,2,
1212,0.03570807,44.16,3,0.40809219,84.62,5,0.59190781,42.17,3,3,22,62,0.3548,0,0,
1213,0.45160614,92.02,5,0.28856891,54.42,3,0.71143109,71.79,4,1,41,217,0.1889,1,7,
1219,0.13935393,75.21,4,0.34085199,65.81,4,0.65914801,60.68,4,5,59,287,0.2056,1,7,
1221,0.03959385,46.15,3,0.31209368,61.54,4,0.68790632,65.53,4,2,15,37,0.4054,0,0,
1222,0.18646599,79.2,4,0.30824528,60.11,4,0.69175472,66.95,4,2,22,60,0.3667,1,3,
1223,0.10065363,65.81,4,0.30963465,60.68,4,0.69036535,66.38,4,2,26,110,0.2364,0,0,
1311,0.0408777,47.29,3,0.21052632,35.61,2,0.78947368,86.61,5,1,13,66,0.197,1,2,
1312,0.0408777,47.58,3,0.21052632,35.9,2,0.78947368,86.89,5,1,13,66,0.197,1,2,
1321,0.02002802,33.9,2,0.37704918,76.64,4,0.62295082,49.86,3,1,5,130,0.0385,0,0,
1322,0.45160614,92.31,5,0.28856891,54.7,3,0.71143109,72.08,4,1,41,217,0.1889,1,7,
1323,0.02999067,40.74,3,0.33632287,64.39,4,0.66367713,62.11,4,1,5,25,0.2,1,2,
1324,0.09361815,63.53,4,0.31061807,60.97,4,0.68938193,66.1,4,1,14,88,0.1591,0,0,
1330,0.07605512,59.83,3,0.1720339,28.77,2,0.8279661,91.74,5,1,7,17,0.4118,0,0,
1341,0.07364148,59.26,3,0.42787682,86.89,5,0.57212318,39.32,2,1,7,17,0.4118,0,0,
1342,0.07035483,56.98,3,0.21581549,37.89,2,0.78418451,84.9,5,1,5,18,0.2778,1,2,
1343,0.05448648,52.14,3,0.28021544,51.57,3,0.71978456,75.21,4,2,8,35,0.2286,1,7,
1344,0.01992531,33.62,2,0.36842105,74.36,4,0.63157895,52.42,3,1,2,16,0.125,0,0,
1345,0.28641779,87.75,5,0.35234624,68.66,4,0.64765376,57.55,3,3,30,105,0.2857,0,0,
1346,0.1318768,73.79,4,0.31269646,61.82,4,0.68730354,65.24,4,2,22,60,0.3667,1,7,
1349,0.45160614,92.59,5,0.28856891,54.99,3,0.71143109,72.36,4,1,41,217,0.1889,1,7,
1411,0.00677871,14.53,1,0.0,0.0,1,0.0,0.0,1,1,3,24,0.125,0,0,
1412,0.00996266,17.66,1,0.28395062,52.71,3,0.71604938,74.36,4,1,2,28,0.0714,0,0,
1420,0.03861813,45.3,3,0.34461538,66.67,4,0.65538462,59.26,3,1,3,17,0.1765,1,7,
1431,0.23032221,83.19,5,0.38039557,77.21,4,0.61960443,49.0,3,2,43,236,0.1822,1,7,
1439,0.45160614,92.88,5,0.28856891,55.27,3,0.71143109,72.65,4,1,41,217,0.1889,1,7,
2111,0.19360418,79.77,4,0.30578074,58.69,3,0.69421926,68.38,4,2,13,29,0.4483,0,0,
2112,0.12098977,70.94,4,0.30707071,59.54,3,0.69292929,67.52,4,1,10,24,0.4167,0,0,
2113,0.2307844,83.76,5,0.34453567,66.38,4,0.65546433,59.83,3,2,12,28,0.4286,1,2,
2114,0.11508408,69.52,4,0.26077986,46.44,3,0.73922014,78.92,4,2,11,56,0.1964,0,0,
2120,0.46688906,93.16,5,0.28607329,53.56,3,0.71392671,73.5,4,5,66,118,0.5593,0,0,
2131,0.13411355,74.36,4,0.16465565,25.93,2,0.83534435,93.16,5,9,86,194,0.4433,1,2,
2132,0.09813729,65.24,4,0.20546862,34.76,2,0.79453138,87.75,5,2,12,42,0.2857,1,2,
2133,0.11621386,70.09,4,0.3573817,70.94,4,0.6426183,55.84,3,2,27,161,0.1677,0,0,
2141,0.0923343,62.96,4,0.24816446,44.16,3,0.75183554,80.91,5,1,9,46,0.1957,0,0,
2142,0.04858078,49.57,3,0.30681818,59.26,3,0.69318182,67.81,4,1,11,43,0.2558,0,0,
2143,0.03995333,46.44,3,0.14285714,22.51,2,0.85714286,94.87,5,1,14,55,0.2545,0,0,
2144,0.04832401,49.29,3,0.37633992,76.35,4,0.62366008,50.14,3,4,23,141,0.1631,0,0,
2145,0.0210551,35.04,2,0.40769231,84.33,5,0.59230769,42.45,3,1,4,12,0.3333,0,0,
2146,0.08339872,61.82,4,0.19774011,33.33,2,0.80225989,89.17,5,2,7,38,0.1842,1,2,
2149,0.23907805,84.62,5,0.12969719,21.08,2,0.62030281,49.29,3,4,85,339,0.2507,0,0,
2151,0.0856583,62.39,4,0.22274143,39.6,2,0.77725857,83.76,5,1,10,22,0.4545,0,0,
2152,0.39112838,90.31,5,0.29677448,57.26,3,0.70322552,69.8,4,2,18,61,0.2951,1,2,
2153,0.12674141,72.93,4,0.42028986,86.04,5,0.57971014,40.46,3,1,13,43,0.3023,1,2,
2161,0.07662001,60.4,4,0.33843537,64.96,4,0.66156463,61.54,4,1,11,24,0.4583,0,0,
2162,0.05371617,51.57,3,0.39675174,80.34,5,0.60324826,46.15,3,1,6,19,0.3158,0,0,
2163,0.03271243,42.17,3,0.419619,85.75,5,0.580381,40.74,3,2,10,37,0.2703,0,0,
2164,0.04704017,49.0,3,0.33653846,64.67,4,0.66346154,61.82,4,1,7,19,0.3684,0,0,
2165,0.02495799,38.18,2,0.56464516,97.15,5,0.43535484,24.79,2,2,7,53,0.1321,0,0,
2166,0.41950996,91.45,5,0.45199516,88.03,5,0.54800484,37.89,2,2,16,31,0.5161,0,0,
2211,0.12937116,73.5,4,0.20550323,35.04,2,0.79449677,87.46,5,4,64,284,0.2254,1,2,
2212,0.10122024,66.1,4,0.12910744,20.8,2,0.47089256,27.35,2,5,53,292,0.1815,1,2,
2221,0.25676947,86.32,5,0.2578317,45.3,3,0.7421683,79.49,4,2,34,164,0.2073,0,0,
2222,0.06645194,54.99,3,0.35769231,71.23,4,0.64230769,55.56,3,1,10,20,0.5,0,0,
2223,0.25676947,86.61,5,0.2578317,45.58,3,0.7421683,79.77,4,2,34,164,0.2073,0,0,2221
2224,0.25676947,86.89,5,0.2578317,45.87,3,0.7421683,80.06,5,2,34,164,0.2073,0,0,2221
2250,0.03214754,41.6,3,0.19512195,32.76,2,0.80487805,89.74,5,1,2,23,0.087,0,0,
2261,0.01165733,21.94,2,0.05290102,16.52,1,0.19709898,12.25,1,4,9,55,0.1636,0,0,
2262,0.14820734,75.78,4,0.09682417,17.66,1,0.90317583,96.58,5,1,7,20,0.35,0,0,
2263,0.04662934,48.72,3,0.52771084,95.16,5,0.47228916,27.92,2,1,3,16,0.1875,0,0,
2264,0.08139592,61.25,4,0.18134691,29.63,2,0.81865309,90.88,5,2,13,49,0.2653,0,0,
2265,0.39768456,90.6,5,0.20458789,34.19,2,0.79541211,88.32,5,1,6,23,0.2609,0,0,
2266,0.01165733,22.22,2,0.0,0.28,1,1.0,97.44,5,2,9,44,0.2045,0,0,
2267,0.01201681,22.79,2,0.26732673,48.15,3,0.73267327,78.35,4,1,2,10,0.2,0,0,
2269,0.09079368,62.68,4,0.21532687,37.32,2,0.78467313,85.47,5,5,52,184,0.2826,1,3,
2310,0.10163082,66.67,4,0.31146596,61.25,4,0.68853404,65.81,4,35,637,838,0.7601,0,0,
2320,0.15526678,76.64,4,0.36819453,74.07,4,0.63180547,52.71,3,3,37,84,0.4405,0,0,
2330,0.05387764,51.85,3,0.39257775,79.49,4,0.60742225,46.72,3,1,18,32,0.5625,0,0,
2341,0.05755342,52.99,3,0.40727042,84.05,5,0.59272958,42.74,3,2,33,73,0.4521,0,0,
2342,0.02645666,38.75,2,0.45249765,88.32,5,0.54750235,37.61,2,2,22,71,0.3099,0,0,
2351,1.67239091,98.01,5,0.38323622,77.49,4,0.61676378,48.72,3,1,29,42,0.6905,0,0,
2352,0.04084814,47.01,3,0.49998756,92.31,5,0.50001244,33.05,2,5,52,175,0.2971,0,0,
2353,0.87680741,95.73,5,0.36533475,73.5,4,0.63466525,53.28,3,3,43,88,0.4886,1,6,
2354,0.22905172,82.62,5,0.40248933,81.48,5,0.59751067,44.73,3,1,13,30,0.4333,1,6,
2355,1.18545997,96.87,5,0.36040834,71.51,4,0.63959166,55.27,3,2,24,49,0.4898,1,6,
2356,0.02680673,39.03,2,0.36871508,74.64,4,0.63128492,51.85,3,1,4,20,0.2,1,2,
2359,1.29149101,97.44,5,0.30099609,58.12,3,0.69900391,68.95,4,2,25,53,0.4717,1,3,
2411,0.14995337,76.07,4,0.26511552,47.86,3,0.73488448,78.63,4,3,24,60,0.4,0,0,
2412,0.25353417,85.19,5,0.2579232,46.15,3,0.7420768,79.2,4,2,21,39,0.5385,1,2,
2413,0.09801747,64.96,4,0.18394741,31.05,2,0.48271926,29.34,2,3,14,45,0.3111,1,2,
2421,0.12271013,71.79,4,0.3879206,77.78,4,0.6120794,48.43,3,2,32,93,0.3441,0,0,
2422,0.63637746,94.87,5,0.35486874,69.8,4,0.64513126,56.98,3,1,49,137,0.3577,1,2,
2423,0.21139427,81.2,5,0.40588235,83.19,5,0.59411765,43.59,3,4,43,111,0.3874,1,2,
2424,0.02680673,39.32,2,0.36871508,74.93,4,0.63128492,52.14,3,1,4,20,0.2,1,2,
2431,0.97022912,96.3,5,0.40303511,82.34,5,0.59696489,44.16,3,2,28,41,0.6829,1,2,
2432,0.3995333,90.88,5,0.36468074,72.93,4,0.63531926,53.85,3,1,9,18,0.5,0,0,
2433,0.12484132,72.65,4,0.11808511,19.37,1,0.88191489,96.01,5,2,21,67,0.3134,1,9,
2434,0.10804859,68.38,4,0.16157504,25.64,2,0.83842496,93.45,5,3,31,92,0.337,1,9,
2511,1.37867232,97.72,5,0.199444,33.62,2,0.800556,88.89,5,2,33,53,0.6226,0,0,
2512,5.2910773,99.43,5,0.27050615,49.57,3,0.72949385,77.21,4,2,23,34,0.6765,0,0,
2513,4.49618749,99.15,5,0.33980446,65.53,4,0.66019554,60.97,4,1,26,37,0.7027,1,2,
2514,7.5065014,100.0,5,0.26860058,48.72,3,0.73139942,77.78,4,1,11,15,0.7333,0,0,
2519,7.13115579,99.72,5,0.22795605,40.17,3,0.77204395,83.48,5,1,141,290,0.4862,1,2,
2521,0.8980769,96.01,5,0.19412183,32.48,2,0.80587817,90.03,5,1,11,18,0.6111,0,0,
2522,3.00389468,98.29,5,0.09139518,17.09,1,0.90860482,96.87,5,1,10,20,0.5,1,2,
2523,0.26365089,87.18,5,0.21219282,36.75,2,0.78780718,86.04,5,1,27,59,0.4576,0,0,
2529,3.64440612,98.58,5,0.23095378,41.31,3,0.76904622,82.62,5,2,149,302,0.4934,1,2,
2611,0.11595709,69.8,4,0.1798419,29.34,2,0.8201581,91.17,5,1,6,22,0.2727,0,0,
2612,0.11621386,70.37,4,0.36068059,71.79,4,0.63931941,54.99,3,2,9,33,0.2727,0,0,
2619,0.1120542,68.95,4,0.30641822,58.97,3,0.69358178,68.09,4,1,8,20,0.4,0,0,
2621,0.5320777,94.59,5,0.41644092,85.47,5,0.58355908,41.03,3,2,15,28,0.5357,0,0,
2622,0.33467333,88.89,5,0.35113381,68.09,4,0.64886619,58.12,3,2,21,54,0.3889,0,0,
2631,0.23427646,84.33,5,0.22951629,40.46,3,0.77048371,83.19,5,1,14,31,0.4516,0,0,
2632,0.24533467,84.9,5,0.28811295,54.13,3,0.71188705,72.93,4,3,33,68,0.4853,0,0,
2633,0.29189553,88.32,5,0.34992512,67.81,4,0.65007488,58.4,3,3,34,55,0.6182,1,2,
2634,0.25457837,85.47,5,0.14575033,23.08,2,0.85424967,94.3,5,3,39,96,0.4062,0,0,
2635,0.09645729,64.67,4,0.09320348,17.38,1,0.76393938,81.77,5,7,35,133,0.2632,0,0,
2636,0.51343623,94.02,5,0.26943235,49.0,3,0.73056765,77.49,4,2,17,40,0.425,0,0,
2641,1.28049223,97.15,5,0.39799704,80.91,5,0.60200296,45.58,3,3,34,63,0.5397,1,2,
2642,0.51923922,94.3,5,0.39682689,80.63,5,0.60317311,45.87,3,2,16,47,0.3404,1,2,
2643,0.47502352,93.45,5,0.51613003,94.02,5,0.48386997,29.63,2,2,21,39,0.5385,1,2,
2651,0.42125599,91.74,5,0.52375185,94.87,5,0.47624815,28.21,2,2,21,41,0.5122,1,5,
2652,0.12242768,71.23,4,0.4399799,87.46,5,0.5600201,38.46,2,2,21,68,0.3088,0,0,
2653,0.08452851,62.11,4,0.56603774,97.44,5,0.43396226,24.5,2,1,4,18,0.2222,0,0,
2654,0.18357305,78.63,4,0.5283512,95.44,5,0.4716488,27.64,2,3,38,139,0.2734,0,0,
2655,1.04299759,96.58,5,0.68872261,99.43,5,0.31127739,16.52,1,1,8,19,0.4211,0,0,
2656,0.03084657,41.31,3,0.66026656,98.86,5,0.33973344,19.09,1,3,10,43,0.2326,0,0,
3112,0.07346175,58.97,3,0.15432065,24.79,2,0.34567935,19.94,1,4,11,130,0.0846,1,3,
3113,0.1233007,72.36,4,0.40495062,82.91,5,0.59504938,43.87,3,2,22,78,0.2821,1,4,
3114,0.20613453,80.34,5,0.39247005,78.63,4,0.60752995,47.01,3,1,14,43,0.3256,1,4,
3115,0.25533156,86.04,5,0.33502683,64.1,4,0.66497317,62.39,4,3,60,329,0.1824,1,4,
3116,0.68762864,95.16,5,0.27832726,50.43,3,0.72167274,76.35,4,1,45,258,0.1744,1,4,
3117,0.36250714,89.74,5,0.45140853,87.75,5,0.54859147,38.18,2,2,52,296,0.1757,1,4,
3118,0.13842442,74.93,4,0.40438204,82.62,5,0.34561796,19.66,1,4,29,102,0.2843,1,2,
3119,0.10908851,68.66,4,0.2831878,52.42,3,0.5918122,41.88,3,8,73,506,0.1443,1,4,
3121,0.02701215,39.6,2,0.375,75.21,4,0.625,50.71,3,1,5,30,0.1667,1,2,
3122,0.00328665,8.26,1,0.0,0.57,1,0.0,0.28,1,1,2,19,0.1053,1,3,
3123,0.02701215,39.89,2,0.375,75.5,4,0.625,51.0,3,1,5,30,0.1667,1,2,
3131,0.0100996,18.8,1,0.36568753,73.79,4,0.30097914,15.67,1,3,7,58,0.1207,1,3,
3132,0.01720355,30.48,2,0.1171875,18.8,1,0.3828125,21.94,2,2,5,92,0.0543,1,3,
3133,0.00503268,10.54,1,0.0,0.85,1,0.0,0.57,1,1,3,19,0.1579,0,0,
3134,0.02485528,37.89,2,0.29076087,55.56,3,0.70923913,71.51,4,2,5,43,0.1163,0,0,
3139,0.8479555,95.44,5,0.36104279,72.08,4,0.63895721,54.7,3,1,3,15,0.2,1,2,
3141,0.10137259,66.38,4,0.2940286,56.7,3,0.7059714,70.37,4,2,14,41,0.3415,0,0,
3142,0.16998139,78.06,4,0.37855114,76.92,4,0.62144886,49.57,3,1,8,41,0.1951,0,0,
3143,0.09562095,64.39,4,0.15241228,24.22,2,0.84758772,94.02,5,1,2,20,0.1,0,0,
3151,0.01366014,26.5,2,0.0,1.14,1,0.0,0.85,1,1,5,22,0.2273,1,17,
3152,0.01299254,24.79,2,0.0,1.42,1,0.5,31.34,2,2,7,75,0.0933,1,17,
3153,0.00554622,10.83,1,0.0,1.71,1,0.0,1.14,1,3,7,74,0.0946,1,17,
3154,0.01109244,20.8,2,0.27,49.29,3,0.23,12.82,1,2,7,45,0.1556,1,17,
3155,0.20613453,80.63,5,0.39247005,78.92,4,0.60752995,47.29,3,1,14,43,0.3256,1,4,
3211,0.01511859,28.49,2,0.15549717,25.07,2,0.44450283,25.36,2,5,11,105,0.1048,0,0,
3212,0.10619985,67.81,4,0.33950235,65.24,4,0.66049765,61.25,4,2,16,89,0.1798,0,0,
3213,0.01735762,31.05,2,0.50684932,93.16,5,0.49315068,30.77,2,1,3,20,0.15,0,0,
3214,0.00195145,1.42,1,0.0,1.99,1,0.0,1.42,1,3,3,40,0.075,0,0,
3230,0.06696548,55.27,3,0.09942639,18.52,1,0.90057361,96.3,5,1,7,35,0.2,1,3,
3240,0.02187676,35.33,2,0.17081851,28.49,2,0.82918149,92.02,5,2,5,58,0.0862,1,2,
3251,0.00955182,17.38,1,0.22222222,39.32,2,0.77777778,84.05,5,1,1,17,0.0588,0,0,
3256,0.00492997,10.26,1,0.0,2.28,1,1.0,97.72,5,1,2,20,0.1,0,0,
3257,0.01232493,23.36,2,0.19,31.91,2,0.31,16.24,1,4,13,126,0.1032,1,17,
3258,0.00236228,5.13,1,0.0,2.56,1,0.0,1.71,1,1,1,15,0.0667,0,0,
3259,0.03408615,43.02,3,0.21622946,38.18,2,0.65877054,60.4,4,8,29,251,0.1155,1,3,
3311,0.23037357,83.48,5,0.15370752,24.5,2,0.84629248,93.73,5,2,28,67,0.4179,1,9,
3312,0.31115324,88.6,5,0.18171628,30.2,2,0.81828372,90.31,5,2,26,74,0.3514,0,0,
3313,0.11328669,69.23,4,0.49820789,92.02,5,0.50179211,33.33,2,1,12,30,0.4,1,2,
3315,0.02006225,34.19,2,0.37509787,76.07,4,0.62490213,50.43,3,3,10,72,0.1389,0,0,
3321,0.02358856,37.04,2,0.30046033,57.83,3,0.69953967,69.23,4,3,11,44,0.25,1,9,
3322,0.09451684,63.82,4,0.12011505,19.66,1,0.62988495,51.57,3,4,33,103,0.3204,1,9,
3323,0.01876129,32.19,2,0.2404567,42.74,3,0.42620996,24.22,2,3,13,51,0.2549,0,0,
3324,0.17032375,78.35,4,0.21093729,36.18,2,0.78906271,86.32,5,3,39,122,0.3197,1,9,
3331,0.028296,40.46,3,0.3644528,72.65,4,0.6355472,54.13,3,2,12,66,0.1818,1,2,
3332,0.0526891,51.0,3,0.38902743,78.35,4,0.61097257,47.86,3,1,6,21,0.2857,0,0,
3333,0.07949583,60.97,4,0.45378151,88.6,5,0.54621849,37.32,2,1,16,25,0.64,1,2,
3334,0.06552757,54.42,3,0.27523835,50.14,3,0.72476165,76.64,4,4,34,96,0.3542,1,9,
3339,0.19862219,80.06,5,0.30725975,59.83,3,0.69274025,67.24,4,7,108,295,0.3661,1,9,
3341,0.14317466,75.5,4,0.53583916,96.01,5,0.46416084,26.5,2,1,10,29,0.3448,0,0,
3342,0.01807657,31.62,2,0.75268817,99.72,5,0.24731183,13.96,1,1,3,13,0.2308,0,0,
3343,0.12930911,73.22,4,0.64709265,98.29,5,0.35290735,20.51,2,2,8,33,0.2424,0,0,
3351,0.07100532,57.55,3,0.24180932,43.02,3,0.42485735,23.93,2,3,25,176,0.142,1,3,
3352,0.03019609,41.03,3,0.08097166,16.81,1,0.91902834,97.15,5,1,3,26,0.1154,0,0,
3353,0.1002428,65.53,4,0.29354513,56.41,3,0.70645487,70.66,4,2,27,138,0.1957,1,3,
3354,0.13223628,74.07,4,0.35357389,69.23,4,0.64642611,57.26,3,2,37,188,0.1968,1,3,
3355,0.06373018,54.13,3,0.1660281,26.78,2,0.3339719,18.23,1,2,18,116,0.1552,1,3,
3359,0.02423904,37.32,2,0.28,51.0,3,0.72,75.5,4,1,5,22,0.2273,1,3,
3411,0.0448833,48.43,3,0.51111522,93.73,5,0.48888478,30.2,2,4,13,65,0.2,0,0,
3412,0.01140056,21.08,2,0.0,2.85,1,1.0,98.01,5,1,4,18,0.2222,0,0,
3422,0.08336894,61.54,4,0.13416311,21.37,2,0.53250356,35.61,2,3,19,73,0.2603,1,6,
3423,0.10776949,68.09,4,0.23078661,41.03,3,0.76921339,82.91,5,4,31,112,0.2768,1,10,
3431,0.07045754,57.26,3,0.47396768,90.6,5,0.52603232,34.76,2,1,7,29,0.2414,0,0,
3432,0.03567384,43.87,3,0.45926319,89.17,5,0.54073681,36.75,2,3,11,63,0.1746,0,0,
3433,0.23232502,84.05,5,0.48309913,91.17,5,0.51690087,34.19,2,3,25,74,0.3378,1,5,
3434,0.01273577,23.93,2,0.16037736,25.36,2,0.33962264,18.8,1,2,9,47,0.1915,1,2,
3511,0.5051169,93.73,5,0.14430268,22.79,2,0.85569732,94.59,5,1,6,15,0.4,0,0,
3512,0.12294122,72.08,4,0.25280899,44.44,3,0.74719101,80.63,5,1,8,16,0.5,0,0,
3513,0.26632129,87.46,5,0.17384174,29.06,2,0.82615826,91.45,5,1,10,26,0.3846,0,0,
3514,3.75004108,98.86,5,0.21559982,37.61,2,0.78440018,85.19,5,2,36,57,0.6316,1,2,
3521,0.02294492,36.47,2,0.65612869,98.58,5,0.34387131,19.37,1,5,17,113,0.1504,0,0,
3522,0.20613453,80.91,5,0.39247005,79.2,4,0.60752995,47.58,3,1,14,43,0.3256,1,4,
4110,0.41386103,91.17,5,0.58398024,97.72,5,0.41601976,23.36,2,2,13,40,0.325,0,0,
4131,0.38967335,90.03,5,0.48104396,90.88,5,0.51895604,34.47,2,1,8,19,0.4211,0,0,
4132,0.01047619,19.37,1,1.0,100.0,5,0.0,1.99,1,1,3,9,0.3333,0,0,
4211,0.00683007,14.81,1,0.25609756,45.01,3,0.24390244,13.68,1,2,3,48,0.0625,1,2,
4212,0.01725491,30.77,2,0.21830986,38.46,2,0.28169014,15.1,1,2,3,38,0.0789,0,0,
4214,0.0765173,60.11,4,0.40633291,83.48,5,0.59366709,43.3,3,2,15,43,0.3488,0,0,
4221,0.04906009,49.86,3,0.26836193,48.43,3,0.73163807,78.06,4,3,12,46,0.2609,1,9,
4222,0.15046691,76.35,4,0.40233316,81.2,5,0.59766684,45.3,3,2,21,47,0.4468,1,3,
4223,0.13839874,74.64,4,0.22743123,39.89,2,0.27256877,14.81,1,2,4,35,0.1143,0,0,
4224,0.03214754,41.88,3,0.41097845,84.9,5,0.58902155,41.6,3,2,7,35,0.2,0,0,
4225,0.22308132,82.05,5,0.47337252,90.31,5,0.52662748,35.04,2,2,15,40,0.375,1,3,
4226,0.15878624,76.92,4,0.49142431,91.74,5,0.50857569,33.62,2,1,9,19,0.4737,1,3,
4227,0.18805796,79.49,4,0.53731343,96.58,5,0.46268657,25.93,2,1,6,16,0.375,0,0,
4229,0.0514566,50.43,3,0.18158568,29.91,2,0.81841432,90.6,5,1,6,17,0.3529,1,2,
4311,0.07158733,57.83,3,0.48675826,91.45,5,0.51324174,33.9,2,2,19,60,0.3167,1,2,
4312,0.03372924,42.74,3,0.39434601,79.77,4,0.40565399,23.08,2,5,26,83,0.3133,0,0,
4313,0.01674137,30.2,2,0.29292929,56.13,3,0.70707071,70.94,4,1,3,19,0.1579,0,0,
4321,0.01359166,26.21,2,0.2359522,42.45,3,0.7640478,82.05,5,3,5,83,0.0602,1,2,
4322,0.02526612,38.46,2,0.53645833,96.3,5,0.46354167,26.21,2,1,3,17,0.1765,0,0,
4323,0.00297853,6.84,1,0.0,3.13,1,1.0,98.29,5,1,1,13,0.0769,0,0,
4411,0.21404303,81.77,5,0.4225018,86.61,5,0.5774982,39.6,2,2,17,66,0.2576,1,2,
4412,0.00708684,15.1,1,0.1875,31.62,2,0.3125,16.81,1,2,2,36,0.0556,1,4,
4413,0.03348274,42.45,3,0.46666667,89.74,5,0.53333333,35.9,2,1,3,8,0.375,0,0,
4415,0.06121384,53.56,3,0.34843892,67.52,4,0.65156108,58.69,3,2,6,37,0.1622,0,0,
4416,0.07199816,58.12,3,0.38860972,78.06,4,0.61139028,48.15,3,1,7,18,0.3889,0,0,
5111,0.00849051,16.24,1,0.0,3.42,1,0.66666667,63.25,4,3,8,60,0.1333,1,17,
5112,0.01021942,19.09,1,0.0,3.7,1,0.5,31.62,2,2,7,36,0.1944,1,17,
5113,0.09521012,64.1,4,0.41303907,85.19,5,0.58696093,41.31,3,3,16,74,0.2162,1,10,
5120,0.02052102,34.76,2,0.26382429,46.72,3,0.13617571,11.68,1,5,11,83,0.1325,1,2,
5131,0.00883287,16.52,1,0.27272727,49.86,3,0.72727273,76.92,4,2,4,39,0.1026,1,2,
5132,0.01571429,28.77,2,0.40277778,82.05,5,0.59722222,44.44,3,1,4,20,0.2,0,0,
5141,0.06244634,53.85,3,0.24415993,43.87,3,0.42250674,23.65,2,3,15,80,0.1875,1,10,
5142,0.03851542,45.01,3,0.1272844,20.51,2,0.53938226,36.47,2,6,23,121,0.1901,1,10,
5151,0.0725117,58.4,3,0.31298905,62.11,4,0.68701095,64.67,4,1,5,26,0.1923,0,0,
5152,0.0725117,58.69,3,0.31298905,62.39,4,0.68701095,64.96,4,1,5,26,0.1923,0,0,
5163,0.01273577,24.22,2,0.1952381,33.05,2,0.8047619,89.46,5,2,6,47,0.1277,0,0,
5164,0.05320263,51.28,3,0.17031491,27.92,2,0.57968509,40.17,3,4,15,105,0.1429,1,10,
5165,0.22905172,82.91,5,0.40248933,81.77,5,0.59751067,45.01,3,1,13,30,0.4333,1,6,
5169,0.1206303,70.66,4,0.28065327,51.85,3,0.46934673,27.07,2,4,17,112,0.1518,1,10,
5211,0.01930906,33.05,2,0.16504854,26.21,2,0.83495146,92.59,5,1,3,12,0.25,1,4,
5212,0.01304389,25.07,2,0.35525154,70.09,4,0.64474846,56.7,3,2,4,26,0.1538,1,4,
5221,0.03861813,45.58,3,0.34461538,66.95,4,0.65538462,59.54,3,1,3,17,0.1765,1,7,
5222,0.03872084,45.87,3,0.20072993,33.9,2,0.79927007,88.6,5,1,5,21,0.2381,0,0,
5223,0.07667136,60.68,4,0.29521402,56.98,3,0.70478598,70.09,4,2,7,43,0.1628,0,0,
5230,0.25481802,85.75,5,0.20532586,34.47,2,0.79467414,88.03,5,1,4,27,0.1481,0,0,
5241,0.00369748,8.55,1,0.0,3.99,1,0.0,2.28,1,1,2,17,0.1176,0,0,
5242,0.07014942,56.7,3,0.35185185,68.38,4,0.64814815,57.83,3,1,5,24,0.2083,0,0,
5243,0.01930906,33.33,2,0.16504854,26.5,2,0.83495146,92.88,5,1,3,12,0.25,1,4,
5244,0.04015875,46.72,3,0.22089552,39.03,2,0.77910448,84.33,5,1,2,12,0.1667,0,0,
5245,0.01170869,22.51,2,0.09868421,18.23,1,0.40131579,22.79,2,2,6,38,0.1579,1,17,
5246,0.00914099,16.81,1,0.26470588,47.58,3,0.23529412,13.11,1,2,6,57,0.1053,0,0,
5249,0.16299726,77.21,4,0.32432432,62.96,4,0.67567568,64.39,4,1,4,16,0.25,0,0,
5311,0.10409434,67.24,4,0.43482899,87.18,5,0.56517101,38.75,2,2,15,82,0.1829,1,10,
5312,0.06975726,56.41,3,0.42197936,86.32,5,0.57802064,39.89,2,1,6,32,0.1875,0,0,
5321,0.00672736,14.25,1,0.0,4.27,1,0.5,31.91,2,2,6,50,0.12,0,0,
5322,0.07367572,59.54,3,0.61456256,98.01,5,0.38543744,22.22,2,3,15,64,0.2344,1,10,
5329,0.01332634,25.36,2,0.3525641,68.95,4,0.3974359,22.51,2,4,8,79,0.1013,1,2,
5411,0.00308123,7.12,1,0.0,4.56,1,0.0,2.56,1,2,3,102,0.0294,1,3,
5413,0.1687489,77.78,4,0.31788297,62.68,4,0.18211703,11.97,1,2,2,48,0.0417,0,0,
5414,0.00631653,12.54,1,0.55315615,96.87,5,0.44684385,25.64,2,2,3,38,0.0789,0,0,
5419,0.009992,18.23,1,0.354148,69.52,4,0.21728057,12.54,1,7,12,129,0.093,0,0,
6113,0.04113447,47.86,3,0.23140917,41.6,3,0.76859083,82.34,5,2,2,54,0.037,1,2,
6121,0.00205416,2.28,1,0.0,4.84,1,0.0,2.85,1,1,1,21,0.0476,1,6,
6122,0.00205416,2.56,1,0.0,5.13,1,0.0,3.13,1,1,1,21,0.0476,1,6,
6123,0.00205416,2.85,1,0.0,5.41,1,0.0,3.42,1,1,1,21,0.0476,1,6,
6129,0.00205416,3.13,1,0.0,5.7,1,0.0,3.7,1,1,1,21,0.0476,1,6,
6130,0.00205416,3.42,1,0.0,5.98,1,0.0,3.99,1,1,1,21,0.0476,1,6,
6221,0.00205416,3.7,1,0.0,6.27,1,0.0,4.27,1,1,1,21,0.0476,1,6,
7114,0.01386555,27.35,2,0.25581395,44.73,3,0.74418605,80.34,5,1,1,26,0.0385,0,0,
7115,0.01468721,28.21,2,0.39473684,80.06,5,0.60526316,46.44,3,1,2,37,0.0541,0,0,
7119,0.00917523,17.09,1,0.0,6.55,1,1.0,98.58,5,3,8,86,0.093,1,2,
7121,0.00174603,0.57,1,0.0,6.84,1,0.0,4.56,1,1,1,28,0.0357,0,0,
7122,0.00831933,15.95,1,0.30263158,58.4,3,0.69736842,68.66,4,1,1,25,0.04,0,0,
7123,0.01879553,32.48,2,0.2875817,53.85,3,0.7124183,73.22,4,1,2,26,0.0769,0,0,
7125,0.00482727,9.69,1,0.0,7.12,1,0.0,4.84,1,1,2,27,0.0741,0,0,
7126,0.04313727,48.15,3,0.34700315,67.24,4,0.65299685,58.97,3,1,7,43,0.1628,0,0,
7127,0.01591971,29.06,2,0.27968961,50.71,3,0.72031039,76.07,4,2,6,69,0.087,1,11,
7131,0.00421102,9.4,1,0.0,7.41,1,0.0,5.13,1,1,2,19,0.1053,0,0,
7212,0.00205416,3.99,1,0.0,7.69,1,0.0,5.41,1,1,1,64,0.0156,0,0,
7213,0.00318394,7.69,1,0.0,7.98,1,0.5,32.19,2,2,2,38,0.0526,1,2,
7222,0.28720521,88.03,5,0.23019608,40.74,3,0.43647058,25.07,2,3,5,46,0.1087,1,2,
7223,0.02707377,40.17,3,0.26466883,47.29,3,0.33533117,18.52,1,5,9,109,0.0826,1,3,
7231,0.01083567,20.51,2,0.18377879,30.77,2,0.56622121,39.03,2,4,8,109,0.0734,1,11,
7232,0.01453315,27.92,2,0.12179487,19.94,1,0.87820513,95.73,5,2,5,60,0.0833,1,11,
7233,0.01337769,25.64,2,0.13491978,21.65,2,0.86508022,95.44,5,4,9,80,0.1125,1,11,
7234,0.02269842,35.9,2,0.24358974,43.3,3,0.75641026,81.2,5,1,4,22,0.1818,1,11,
7311,0.01396826,27.64,2,0.18513923,31.34,2,0.48152743,29.06,2,3,8,56,0.1429,1,11,
7312,0.01253035,23.65,2,0.12179487,20.23,2,0.37820513,21.65,2,2,5,61,0.082,1,11,
7313,0.0514566,50.71,3,0.46214099,89.46,5,0.53785901,36.18,2,1,6,94,0.0638,0,0,
7314,0.18441183,78.92,4,0.40672904,83.76,5,0.59327096,43.02,3,2,8,98,0.0816,1,6,
7315,0.01889823,32.76,2,0.29192547,55.84,3,0.70807453,71.23,4,1,2,83,0.0241,1,6,
7316,0.00308123,7.41,1,0.0,8.26,1,0.0,5.7,1,1,1,32,0.0312,1,2,
7317,0.34992543,89.17,5,0.52153262,94.3,5,0.47846738,28.49,2,1,6,15,0.4,1,5,
7319,0.34992543,89.46,5,0.52153262,94.59,5,0.47846738,28.77,2,1,6,15,0.4,1,5,
7321,0.1048133,67.52,4,0.46867464,90.03,5,0.53132536,35.33,2,2,13,50,0.26,0,0,
7322,0.00554622,11.11,1,0.50943396,93.45,5,0.49056604,30.48,2,1,1,23,0.0435,0,0,
7323,0.00174603,0.85,1,0.0,8.55,1,0.0,5.98,1,1,1,26,0.0385,0,0,
7411,0.01278712,24.5,2,0.0,8.83,1,1.0,98.86,5,2,8,47,0.1702,1,2,
7412,0.0175288,31.34,2,0.17039671,28.21,2,0.71849218,74.64,4,9,21,191,0.1099,1,11,
7413,0.02269842,36.18,2,0.24358974,43.59,3,0.75641026,81.48,5,1,4,22,0.1818,1,11,
7421,0.03838337,44.73,3,0.20744282,35.33,2,0.79255718,87.18,5,7,24,123,0.1951,1,11,
7422,0.05029258,50.14,3,0.13617904,21.94,2,0.86382096,95.16,5,6,22,133,0.1654,1,11,
7512,0.0105789,20.23,2,0.36363636,72.36,4,0.63636364,54.42,3,1,2,18,0.1111,0,0,
7513,0.05494867,52.42,3,0.28482328,52.99,3,0.71517672,73.79,4,1,4,25,0.16,1,2,
7515,0.02423904,37.61,2,0.28,51.28,3,0.72,75.78,4,1,5,22,0.2273,1,3,
7522,0.12253039,71.51,4,0.23419991,42.17,3,0.26580009,14.25,1,2,3,34,0.0882,0,0,
7531,0.0923343,63.25,4,0.34418605,66.1,4,0.65581395,60.11,4,1,3,22,0.1364,0,0,
7532,0.06866016,55.56,3,0.35545385,70.37,4,0.64454615,56.13,3,1,1,18,0.0556,0,0,
7534,0.00215686,4.27,1,0.0,9.12,1,0.0,6.27,1,1,1,22,0.0455,0,0,
7541,0.00236228,5.41,1,0.0,9.4,1,0.0,6.55,1,1,1,25,0.04,0,0,
7543,0.16710557,77.49,4,0.36516129,73.22,4,0.63483871,53.56,3,1,3,32,0.0938,0,0,
7544,0.03605043,44.44,3,0.14193548,22.22,2,0.35806452,21.37,2,2,2,43,0.0465,1,2,
7549,0.00554622,11.4,1,0.0,9.69,1,1.0,99.15,5,1,1,18,0.0556,0,0,
8111,0.00626518,11.97,1,0.0,9.97,1,0.0,6.84,1,1,3,16,0.1875,1,2,
8112,0.00231093,4.84,1,0.0,10.26,1,0.0,7.12,1,2,2,33,0.0606,1,4,
8113,0.02043885,34.47,2,0.21511628,37.04,2,0.78488372,85.75,5,1,1,19,0.0526,0,0,
8114,0.01006536,18.52,1,0.18359375,30.48,2,0.31640625,17.38,1,4,6,142,0.0423,1,4,
8121,0.00169468,0.28,1,0.0,10.54,1,0.0,7.41,1,2,2,46,0.0435,1,3,
8122,0.00246499,5.7,1,0.0,10.83,1,0.0,7.69,1,1,1,11,0.0909,1,3,
8131,0.01140056,21.37,2,0.14596273,23.36,2,0.35403727,20.8,2,2,4,106,0.0377,1,6,
8132,0.05885156,53.28,3,0.68656716,99.15,5,0.31343284,17.09,1,1,2,36,0.0556,0,0,
8141,0.01052755,19.94,1,0.14596273,23.65,2,0.35403727,21.08,2,2,3,105,0.0286,1,6,
8142,0.00164332,0.0,1,0.0,11.11,1,0.0,7.98,1,3,3,63,0.0476,1,3,
8152,0.06866016,55.84,3,0.35545385,70.66,4,0.64454615,56.41,3,1,1,20,0.05,0,0,
8154,0.00380019,9.12,1,0.0,11.4,1,0.0,8.26,1,1,2,24,0.0833,0,0,
8157,0.00246499,5.98,1,0.0,11.68,1,1.0,99.43,5,1,1,32,0.0312,0,0,
8160,0.05494867,52.71,3,0.28482328,53.28,3,0.71517672,74.07,4,1,4,25,0.16,1,2,
8171,0.00246499,6.27,1,0.0,11.97,1,0.0,8.55,1,1,1,11,0.0909,1,3,
8181,0.00770308,15.38,1,0.09730849,17.95,1,0.23602484,13.39,1,3,4,124,0.0323,1,6,
8182,0.00174603,1.14,1,0.0,12.25,1,0.0,8.83,1,1,1,25,0.04,0,0,
8189,0.00554622,11.68,1,0.45454545,88.89,5,0.54545455,37.04,2,1,1,23,0.0435,0,0,
8211,0.00482727,9.97,1,0.0,12.54,1,0.0,9.12,1,2,3,42,0.0714,0,0,
8212,0.00321818,7.98,1,0.0,12.82,1,0.0,9.4,1,3,4,63,0.0635,1,2,
8311,0.00644491,12.82,1,0.1171875,19.09,1,0.6328125,52.99,3,4,8,74,0.1081,1,17,
8312,0.00671024,13.96,1,0.0,13.11,1,0.66666667,63.53,4,3,7,64,0.1094,1,17,
8322,0.00996266,17.95,1,0.0,13.39,1,0.33333333,17.95,1,3,9,55,0.1636,1,17,
8331,0.01164022,21.65,2,0.16819572,27.64,2,0.49847095,31.05,2,3,10,49,0.2041,1,17,
8332,0.01607377,29.63,2,0.1509434,23.93,2,0.3490566,20.23,2,2,7,53,0.1321,1,17,
8342,0.00626518,12.25,1,0.0,13.68,1,0.0,9.69,1,1,3,16,0.1875,1,2,
8343,0.01602241,29.34,2,0.21165644,36.47,2,0.28834356,15.38,1,2,6,41,0.1463,1,17,
8344,0.01366014,26.78,2,0.0,13.96,1,0.0,9.97,1,1,5,22,0.2273,1,17,
9111,0.0065733,13.39,1,0.5,92.59,5,0.5,32.48,2,1,1,28,0.0357,1,2,
9112,0.0065733,13.68,1,0.5,92.88,5,0.5,32.76,2,1,1,28,0.0357,1,2,
9129,0.00369748,8.83,1,0.0,14.25,1,1.0,99.72,5,1,1,22,0.0455,0,0,
9211,0.06634923,54.7,3,0.33443163,63.82,4,0.66556837,62.68,4,1,2,38,0.0526,1,5,
9212,0.00195145,1.71,1,0.0,14.53,1,0.0,10.26,1,1,1,22,0.0455,1,5,
9213,0.03415034,43.3,3,0.16721582,27.07,2,0.33278418,17.66,1,2,3,60,0.05,1,5,
9214,0.0343044,43.59,3,0.16721582,27.35,2,0.83278418,92.31,5,2,3,65,0.0462,1,5,
9216,0.00195145,1.99,1,0.0,14.81,1,0.0,10.54,1,1,1,22,0.0455,1,5,
9313,0.00215686,4.56,1,0.0,15.1,1,0.0,10.83,1,1,1,15,0.0667,0,0,
9329,0.01047619,19.66,1,0.19354839,32.19,2,0.30645161,15.95,1,2,2,55,0.0364,1,3,
9331,0.01211952,23.08,2,0.375,75.78,4,0.625,51.28,3,1,1,16,0.0625,1,4,
9333,0.01853876,31.91,2,0.23333333,41.88,3,0.26666667,14.53,1,2,7,68,0.1029,1,3,
9334,0.00647059,13.11,1,0.0,15.38,1,1.0,100.0,5,1,2,50,0.04,1,2,
9412,0.02228759,35.61,2,0.2195122,38.75,2,0.7804878,84.62,5,1,2,30,0.0667,0,0,
9611,0.01366014,27.07,2,0.0,15.67,1,0.0,11.11,1,1,5,22,0.2273,1,17,
9621,0.01607377,29.91,2,0.33257772,63.25,4,0.66742228,64.1,4,2,2,33,0.0606,1,4,
9622,0.00770308,15.67,1,0.0,15.95,1,0.66666667,63.82,4,3,5,70,0.0714,0,0,
9623,0.00256769,6.55,1,0.0,16.24,1,0.0,11.4,1,1,1,19,0.0526,0,0,
9629,0.01345472,25.93,2,0.2644905,47.01,3,0.4855095,29.91,2,4,6,83,0.0723,1,2,
