styrk08,atlas_repr_ratio,n_soc_matched,n_major_groups,has_partial_match,max_partial_fanout,manual_map
0310,1.504,1,1,0,0,
1111,0.766,1,1,1,2,
1112,0.766,3,1,1,7,
1114,0.9797,3,2,1,7,
1120,0.766,2,1,1,7,
1211,0.766,1,1,1,2,
1212,0.766,3,1,0,0,
1213,1.407,1,2,1,7,
1219,0.8728,6,2,1,7,
1221,0.766,2,1,0,0,
1222,0.766,2,1,1,3,
1223,0.766,2,1,0,0,
1311,0.766,1,1,1,2,
1312,0.766,1,1,1,2,
1321,0.766,1,1,0,0,
1322,1.407,1,2,1,7,
1323,0.766,1,1,1,2,
1324,0.766,1,1,0,0,
1330,0.766,1,1,0,0,
1341,0.766,1,1,0,0,
1342,0.766,1,1,1,2,
1343,0.766,2,1,1,7,
1344,0.766,1,1,0,0,
1345,0.766,3,1,0,0,
1346,0.766,2,1,1,7,
1349,1.407,1,2,1,7,
1411,0.766,1,1,0,0,
1412,0.766,1,1,0,0,
1420,0.766,1,1,1,7,
1431,1.0865,2,2,1,7,
1439,1.407,1,2,1,7,
2111,2.723,2,1,0,0,
2112,2.723,1,1,0,0,
2113,2.723,2,1,1,2,
2114,2.723,2,1,0,0,
2120,7.5646,5,2,0,0,
2131,2.723,10,1,1,2,
2132,1.9757,3,2,1,2,
2133,2.723,2,1,0,0,
2141,1.504,1,1,0,0,
2142,1.504,1,1,0,0,
2143,1.504,1,1,0,0,
2144,1.504,4,1,0,0,
2145,1.504,1,1,0,0,
2146,1.8088,4,2,1,2,
2149,1.504,5,1,1,2,
2151,1.504,1,1,0,0,
2152,1.504,2,1,1,2,
2153,1.504,1,1,1,2,
2161,1.504,1,1,0,0,
2162,1.504,1,1,0,0,
2163,6.978,3,1,0,0,
2164,2.723,1,1,0,0,
2165,1.504,2,1,0,0,
2166,6.978,2,1,0,0,
2211,0.41,4,1,1,2,
2212,0.41,5,1,1,2,
2221,0.41,3,1,0,0,
2222,0.41,1,1,0,0,
2223,0.41,3,1,0,0,2221
2224,0.41,3,1,0,0,2221
2250,0.41,1,1,0,0,
2261,0.41,5,1,0,0,
2262,0.41,1,1,0,0,
2263,1.858,2,2,0,0,
2264,0.41,2,1,0,0,
2265,0.41,1,1,0,0,
2266,0.41,2,1,0,0,
2267,0.41,1,1,0,0,SOC:29-1122
2269,0.41,1,1,0,0,SOC:29-1011
2310,0.481,37,1,0,0,
2320,0.481,3,1,0,0,
2330,0.481,1,1,0,0,
2341,0.481,2,1,0,0,
2342,0.481,2,1,0,0,
2351,0.481,1,1,0,0,
2352,0.481,5,1,0,0,
2353,0.481,3,1,1,6,
2354,0.481,1,1,1,6,
2355,0.481,2,1,1,6,
2356,3.33,1,1,1,2,
2359,0.6517,3,2,1,3,
2411,3.33,3,1,0,0,
2412,3.33,2,1,1,2,
2413,3.33,3,1,1,2,
2421,3.33,2,1,0,0,
2422,3.33,1,1,1,2,
2423,2.7458,4,2,1,2,
2424,3.33,1,1,1,2,
2431,5.154,2,2,1,2,
2432,6.978,1,1,0,0,
2433,0.241,2,1,1,9,
2434,0.241,3,1,1,9,
2511,8.775,2,1,0,0,
2512,8.775,2,1,0,0,
2513,8.775,1,1,1,2,
2514,8.775,1,1,0,0,
2519,7.686,1,2,1,2,
2521,8.775,1,1,0,0,
2522,8.775,1,1,1,2,
2523,8.775,1,1,0,0,
2529,8.2305,2,2,1,2,
2611,1.15,1,1,0,0,
2612,1.15,2,1,0,0,
2619,1.15,1,1,0,0,
2621,0.481,2,1,0,0,
2622,0.481,2,1,0,0,
2631,2.723,1,1,0,0,
2632,2.723,3,1,0,0,
2633,2.723,3,1,1,2,
2634,2.723,3,1,0,0,
2635,0.993,11,1,0,0,
2636,0.993,2,1,0,0,
2641,6.978,3,1,1,2,
2642,6.978,2,1,1,2,
2643,4.8505,2,2,1,2,
2651,6.978,2,1,1,5,
2652,6.978,2,1,0,0,
2653,6.978,2,1,0,0,
2654,6.978,3,1,0,0,
2655,6.978,1,1,0,0,
2656,6.978,3,1,0,0,
2659,6.978,1,1,1,3,
3112,0.7452,5,3,1,3,
3113,1.504,2,1,1,4,
3114,1.504,1,1,1,4,
3115,1.504,4,1,1,4,
3116,1.504,1,1,1,4,
3117,2.1135,2,2,1,4,
3118,2.5988,5,2,1,2,
3119,1.36,10,4,1,4,
3121,0.166,1,1,1,2,
3122,0.1,1,1,1,3,
3123,0.166,1,1,1,2,
3131,0.1,4,1,1,3,
3132,0.0978,4,2,1,3,
3133,0.1,1,1,0,0,
3134,0.0955,4,2,1,2,
3135,0.1,1,1,1,2,
3139,0.1,1,1,1,2,
3141,2.723,2,1,0,0,
3142,2.723,1,1,0,0,
3143,2.723,1,1,0,0,
3151,0.091,2,1,1,17,
3152,0.091,2,1,1,17,
3153,0.091,3,1,1,17,
3154,0.091,2,1,1,17,
3155,1.504,1,1,1,4,
3211,0.41,5,1,0,0,
3212,0.41,2,1,0,0,
3213,0.41,1,1,0,0,
3214,0.255,4,2,0,0,
3230,0.41,1,1,1,3,
3240,0.2305,2,2,1,2,
3251,0.2305,2,2,1,2,
3254,0.41,1,1,0,0,
3256,0.2305,2,2,0,0,
3257,0.8385,4,3,1,17,
3258,0.41,1,1,0,0,
3259,0.3382,10,2,1,3,
3311,0.241,2,1,1,9,
3312,3.33,2,1,0,0,
3313,1.05,1,1,1,2,
3315,3.33,3,1,0,0,
3321,1.2707,3,2,1,9,
3322,0.241,4,1,1,9,
3323,3.33,3,1,0,0,
3324,0.5107,3,2,1,9,
3331,1.05,2,1,1,2,
3332,3.33,1,1,0,0,
3333,3.33,2,1,1,2,
3334,0.3723,4,2,1,9,
3339,1.7855,8,2,1,9,
3341,1.05,1,1,0,0,
3342,1.05,1,1,0,0,
3343,4.014,2,2,0,0,
3351,1.294,3,2,1,3,
3352,3.33,1,1,0,0,
3353,2.19,2,2,1,3,
3354,2.19,2,2,1,3,
3355,0.276,2,1,1,3,
3359,0.449,1,1,1,3,
3411,0.7754,7,2,1,2,
3412,0.993,1,1,0,0,
3413,0.993,1,1,0,0,
3421,6.978,1,1,0,0,
3422,4.8123,3,2,1,6,
3423,0.2862,4,4,1,10,
3431,6.978,1,1,0,0,
3432,6.978,3,1,0,0,
3433,2.6467,3,2,1,5,
3434,0.028,2,1,1,2,
3511,8.775,1,1,0,0,
3512,8.775,1,1,0,0,
3513,8.775,1,1,0,0,
3514,8.775,2,1,1,2,
3521,5.99,6,2,1,2,
3522,1.504,1,1,1,4,
4110,1.05,2,1,0,0,
4131,1.05,1,1,0,0,
4132,1.05,1,1,0,0,
4211,1.05,2,1,1,2,
4212,0.2867,6,2,0,0,
4213,0.6455,2,2,1,3,
4214,2.19,2,2,0,0,
4221,0.5107,3,2,1,9,
4222,1.05,2,1,1,3,
4223,1.05,2,1,0,0,
4224,0.592,2,2,0,0,
4225,1.05,2,1,1,3,
4226,1.05,1,1,1,3,
4227,1.05,1,1,0,0,
4229,1.05,3,1,1,2,
4311,1.05,2,1,1,2,
4312,1.05,6,1,1,2,
4313,1.05,1,1,0,0,
4321,0.7303,3,2,1,2,
4322,1.05,1,1,0,0,
4323,1.05,1,1,0,0,
4411,0.7655,2,2,1,2,
4412,1.05,5,1,1,4,
4413,1.05,1,1,0,0,
4415,1.05,2,1,0,0,
4416,1.05,1,1,0,0,
5111,0.091,3,1,1,17,
5112,0.091,2,1,1,17,
5113,0.1292,3,2,1,10,
5120,0.028,6,1,1,2,
5131,0.028,2,1,1,2,
5132,0.028,1,1,0,0,
5141,0.1292,3,2,1,10,
5142,0.1316,6,2,1,10,
5151,0.045,1,1,0,0,
5152,0.0895,2,2,1,4,
5153,0.045,1,1,1,3,
5161,6.978,1,1,1,3,
5163,0.134,3,1,0,0,
5164,0.1097,4,3,1,10,
5165,0.481,1,1,1,6,
5169,0.1099,5,3,1,10,
5211,0.241,1,1,1,4,
5212,0.1345,2,2,1,4,
5221,0.766,1,1,1,7,
5222,0.241,1,1,0,0,
5223,0.241,2,1,0,0,
5230,0.241,2,1,0,0,
5241,0.241,1,1,0,0,
5242,0.241,1,1,0,0,
5243,0.241,1,1,1,4,
5244,0.241,1,1,0,0,
5245,0.091,2,1,1,17,
5246,0.028,3,1,1,2,
5249,0.241,2,1,1,3,
5311,0.1268,2,2,1,10,
5312,0.481,1,1,0,0,
5321,0.051,2,1,0,0,
5322,0.0739,3,3,1,10,
5329,0.051,8,1,1,2,
5411,0.276,2,1,1,3,
5413,0.276,2,1,0,0,
5414,0.276,4,1,1,2,
5419,0.3728,8,2,1,2,
6111,0.449,2,1,1,13,
6112,0.449,2,1,1,13,
6113,0.1797,3,2,1,6,
6114,0.449,2,1,1,13,
6121,0.449,2,1,1,13,
6122,0.449,2,1,1,13,
6123,0.449,2,1,1,13,
6129,0.449,2,1,1,13,
6130,0.449,3,1,1,13,
6210,0.449,6,1,1,13,
6221,0.449,2,1,1,13,
6222,0.449,2,1,1,13,
6224,0.449,2,1,1,13,
7112,0.33,2,2,1,2,
7113,0.166,2,1,1,2,
7114,0.166,3,1,1,2,
7115,0.166,1,1,0,0,
7119,0.2316,5,2,1,2,
7121,0.166,1,1,0,0,
7122,0.166,4,1,0,0,
7123,0.166,3,1,0,0,
7124,0.166,2,1,0,0,
7125,0.166,1,1,0,0,
7126,0.166,2,1,0,0,
7127,0.494,2,1,1,11,
7131,0.166,2,1,0,0,
7132,0.1,2,1,1,2,
7133,0.045,1,1,1,2,
7211,0.1,2,1,1,2,
7212,0.1,2,1,0,0,
7213,0.144,3,2,1,2,
7214,0.144,3,2,0,0,
7215,0.494,1,1,0,0,
7221,0.1,2,1,1,3,
7222,0.1657,6,2,1,2,
7223,0.1,12,1,1,3,
7224,0.1,2,1,1,2,
7231,0.494,10,1,1,11,
7232,0.494,2,1,1,11,
7233,0.494,9,1,1,11,
7234,0.494,2,1,1,11,
7311,0.494,5,1,1,11,
7312,0.494,2,1,1,11,
7313,0.1,1,1,0,0,
7314,3.539,2,2,1,6,
7315,0.1,3,1,1,6,
7316,0.1,2,1,1,2,
7317,3.539,2,2,1,5,
7318,0.1,1,1,1,3,
7319,6.978,1,1,1,5,
7321,0.575,2,2,0,0,
7322,0.1,1,1,0,0,
7323,0.1,1,1,0,0,
7411,0.166,2,1,1,2,
7412,0.4688,13,2,1,11,
7413,0.494,2,1,1,11,
7421,0.494,7,1,1,11,
7422,0.494,7,1,1,11,
7511,0.1,4,1,1,2,
7512,0.1,1,1,0,0,
7513,0.1,2,1,1,2,
7514,0.1,2,1,1,2,
7515,0.449,2,1,1,3,
7522,0.1,4,1,0,0,
7531,0.1,1,1,0,0,
7532,0.1,3,1,1,2,
7534,0.1,1,1,0,0,
7535,0.2745,2,2,1,3,
7536,0.1,1,1,1,3,
7541,0.494,1,1,0,0,
7542,0.166,1,1,0,0,
7543,0.1,1,1,0,0,
7544,0.045,3,1,1,2,
7549,3.539,2,2,0,0,
8111,0.1613,8,2,1,2,
8112,0.1,2,1,1,4,
8113,0.1535,6,2,1,2,
8114,0.1,4,1,1,4,
8121,0.1,5,1,1,3,
8122,0.1,3,1,1,3,
8131,0.1,3,1,1,6,
8132,0.1,1,1,0,0,
8141,0.1,5,1,1,6,
8142,0.1,13,1,1,3,
8143,0.1,2,1,1,3,
8151,0.1,1,1,0,0,
8152,0.1,1,1,0,0,
8153,0.1,1,1,0,0,
8154,0.1,1,1,0,0,
8155,0.1,1,1,1,3,
8156,0.1,1,1,0,0,
8157,0.1,1,1,0,0,
8159,0.1,1,1,1,3,
8160,0.1,6,1,1,4,
8171,0.1,2,1,1,3,
8172,0.1,1,1,0,0,
8181,0.1,6,1,1,6,
8182,0.1,1,1,0,0,
8183,0.1,1,1,0,0,
8189,0.0978,4,2,1,3,
8211,0.1,2,1,0,0,
8212,0.1,5,1,1,2,
8219,0.1,2,1,0,0,
8311,0.1035,6,2,1,17,
8312,0.091,4,1,1,17,
8322,0.091,5,1,1,17,
8331,0.091,4,1,1,17,
8332,0.091,2,1,1,17,
8341,0.449,2,1,1,6,
8342,0.1435,5,2,1,2,
8343,0.0996,5,2,1,17,
8344,0.091,2,1,1,17,
8350,0.091,2,1,0,0,
9111,0.045,1,1,1,2,
9112,0.0603,3,2,1,3,
9122,0.091,1,1,1,2,
9123,0.045,1,1,1,3,
9129,0.1055,2,2,1,2,
9211,0.449,2,1,1,5,
9212,0.449,2,1,1,5,
9213,0.449,3,1,1,5,
9214,0.1797,3,2,1,5,
9215,0.449,2,1,1,2,
9216,0.449,2,1,1,5,
9311,0.166,2,1,0,0,
9312,0.166,3,1,1,2,
9313,0.166,8,1,1,2,
9321,0.091,1,1,0,0,
9329,0.0955,4,2,1,3,
9331,0.4107,3,2,1,4,
9333,0.091,4,1,1,3,
9334,0.091,1,1,1,2,
9412,0.028,4,1,1,2,
9510,0.134,1,1,1,4,
9611,0.091,2,1,1,17,
9612,0.091,1,1,1,2,
9613,0.045,1,1,1,3,
9621,0.592,2,2,1,4,
9622,0.3817,4,2,1,3,
9623,0.772,2,2,0,0,
9629,0.1254,5,2,1,2,
