age_group,ai_q,k,coef,se,n_obs,n_occ
1,1,-22,-0.148944575773811,0.0527873133701263,17412,369
1,1,-21,0.000360374325580736,0.0321057507378272,17412,369
1,1,-20,0.0565877064787609,0.022368582094339,17412,369
1,1,-19,-0.0407776788254713,0.0180607435744967,17412,369
1,1,-18,-0.0368996741095964,0.0169843506575931,17412,369
1,1,-17,-0.0845748806961566,0.0219031153675014,17412,369
1,1,-16,-0.175145179154326,0.0351146656065876,17412,369
1,1,-15,-0.256336851046667,0.0622185844778039,17412,369
1,1,-14,-0.0215808672707354,0.038371922751945,17412,369
1,1,-13,-0.0203233771844262,0.016908441682943,17412,369
1,1,-12,-0.0240395230012128,0.022602230172638,17412,369
1,1,-11,-0.0354960219858431,0.0157993088632925,17412,369
1,1,-10,-0.159760278041058,0.039233820256523,17412,369
1,1,-9,-0.0269442003713157,0.0149885059046291,17412,369
1,1,-8,0.0217629446759961,0.013841414974018,17412,369
1,1,-7,-0.0366476664080802,0.0139113678066187,17412,369
1,1,-6,-0.0453678205692461,0.0174079351406834,17412,369
1,1,-5,-0.0392331548672927,0.013667776761435,17412,369
1,1,-4,-0.150977782431558,0.0308797229761042,17412,369
1,1,-3,-0.231101917850625,0.0544148389300392,17412,369
1,1,-2,-0.024226775052391,0.0129141415537658,17412,369
1,1,-1,0,0,17412,369
1,1,0,0.0128499552675394,0.0101190608747215,17412,369
1,1,1,-0.00847042249381543,0.0116902054507602,17412,369
1,1,2,-0.10715776563251,0.0326359002880386,17412,369
1,1,3,0.0104186291448572,0.0146674321950288,17412,369
1,1,4,0.034034033864348,0.0176232825401092,17412,369
1,1,5,-0.0154127318598681,0.0134601475771451,17412,369
1,1,6,-0.0258680417241198,0.0159207984739354,17412,369
1,1,7,-0.00182861794992639,0.0113126214053976,17412,369
1,1,8,-0.124946050613619,0.0295354324134452,17412,369
1,1,9,-0.182257564531586,0.0538947572804512,17412,369
1,1,10,-0.0206866095232214,0.0158371426083493,17412,369
1,1,11,0.00574247624308196,0.010698472824941,17412,369
1,1,12,0.0243305661383798,0.00946623533095688,17412,369
1,1,13,-0.0117158500010781,0.0122541768749832,17412,369
1,1,14,-0.0822418767827932,0.035792952336596,17412,369
1,1,15,0.0310153056943007,0.0144762624081069,17412,369
1,1,16,0.0374387761057525,0.0184198382904313,17412,369
1,1,17,0.00362827280620371,0.0173371306554205,17412,369
1,1,18,0.00419376021451938,0.0149378518052419,17412,369
1,1,19,-0.00790287034434978,0.0124497427050543,17412,369
1,1,20,-0.112190453921686,0.0305293910304346,17412,369
1,1,21,-0.165833227671776,0.0510721629695677,17412,369
1,1,22,-0.00421697879436305,0.0179705055595029,17412,369
1,1,23,0.0455668115986104,0.0131863300289477,17412,369
1,1,24,0.0426225337472918,0.0119505737983579,17412,369
1,1,25,0.0107385068400416,0.0127759616674839,17412,369
1,1,26,-0.0722660181495975,0.0289502884470743,17412,369
1,1,27,0.0243502451446979,0.0175619850712488,17412,369
1,1,28,0.0421018183897131,0.0188473330382645,17412,369
1,1,29,0.00864727204464942,0.0202150111472402,17412,369
1,2,-22,-0.148046999327205,0.052701656372841,17412,369
1,2,-21,-0.0406738324696867,0.0289846600577957,17412,369
1,2,-20,0.035983018200602,0.0273611913744941,17412,369
1,2,-19,-0.0339045172064779,0.0273773488235689,17412,369
1,2,-18,-0.0267824609288166,0.0316647988359518,17412,369
1,2,-17,-0.0447774161275149,0.0279572174065133,17412,369
1,2,-16,-0.0771117185071032,0.0416348951946211,17412,369
1,2,-15,-0.144018521001434,0.074301487395053,17412,369
1,2,-14,-0.0621731669497361,0.0321352334754625,17412,369
1,2,-13,-0.043182659566707,0.0187689655522849,17412,369
1,2,-12,-0.0607196838789932,0.0321204916492087,17412,369
1,2,-11,-0.0290995867909497,0.0200410353329943,17412,369
1,2,-10,-0.121028654128074,0.0407675536834731,17412,369
1,2,-9,0.00235444412894708,0.0221272022535679,17412,369
1,2,-8,0.0448756166371129,0.014845693108655,17412,369
1,2,-7,0.0212920112109494,0.0191417263398142,17412,369
1,2,-6,-0.00229090586902078,0.0184136231884602,17412,369
1,2,-5,0.0264361025153777,0.0193876181290037,17412,369
1,2,-4,-0.0534468098799888,0.0361841477045884,17412,369
1,2,-3,-0.137447968096997,0.0634142805484751,17412,369
1,2,-2,-0.0414915701008849,0.0190970927787045,17412,369
1,2,-1,0,0,17412,369
1,2,0,0.00127481014680918,0.00890535751479436,17412,369
1,2,1,-0.0391178300789483,0.0314153347795802,17412,369
1,2,2,-0.0813265160128177,0.0330072619495684,17412,369
1,2,3,0.020908082388243,0.0201378592967959,17412,369
1,2,4,0.0420614156690403,0.0170931203837072,17412,369
1,2,5,0.0134902338303894,0.0167833595756719,17412,369
1,2,6,0.0142633057536909,0.0217095435879099,17412,369
1,2,7,0.0229216871383301,0.0156106956966308,17412,369
1,2,8,-0.0455746845704645,0.0341875026562421,17412,369
1,2,9,-0.141295416307507,0.0654143945001487,17412,369
1,2,10,-0.0425473470925893,0.0227509488978131,17412,369
1,2,11,-0.0106026163497448,0.0139204007282694,17412,369
1,2,12,0.011768849822871,0.0147565337384224,17412,369
1,2,13,0.0131779181571032,0.0156593757527786,17412,369
1,2,14,-0.0477396507494714,0.0344548195167013,17412,369
1,2,15,0.040669121873137,0.0207452837585881,17412,369
1,2,16,0.0521290360604193,0.0185269728984724,17412,369
1,2,17,0.0310873589914995,0.0172749244979813,17412,369
1,2,18,0.0219102188166741,0.019273645559628,17412,369
1,2,19,0.0163872457352964,0.0197377324806782,17412,369
1,2,20,-0.0426129853313566,0.0368924101725716,17412,369
1,2,21,-0.158501264085404,0.0661811652312173,17412,369
1,2,22,-0.0259227535348591,0.0247179167270631,17412,369
1,2,23,0.021766201568019,0.0146761468198443,17412,369
1,2,24,0.00224392609284731,0.0179334158726699,17412,369
1,2,25,0.00923533222743188,0.0157494348812457,17412,369
1,2,26,-0.0503820724615601,0.0277166947628981,17412,369
1,2,27,0.0230647449664851,0.0171747029050454,17412,369
1,2,28,0.0429503874639598,0.0199469657662085,17412,369
1,2,29,0.0154656603440904,0.0226252588168686,17412,369
1,4,-22,-0.192099369679798,0.0508151100537694,17412,369
1,4,-21,-0.042924692485238,0.0386758490153764,17412,369
1,4,-20,0.00148171019325961,0.0354697855008072,17412,369
1,4,-19,-0.0755943490896683,0.0308881678220445,17412,369
1,4,-18,-0.0731176667399309,0.0371572472132093,17412,369
1,4,-17,-0.105811829913334,0.0289092046508634,17412,369
1,4,-16,-0.0784928430596789,0.046367374896541,17412,369
1,4,-15,-0.11727666138488,0.0641752331193738,17412,369
1,4,-14,-0.0485642715245019,0.0359437745513822,17412,369
1,4,-13,-0.0501868533809696,0.0232895597563448,17412,369
1,4,-12,-0.0718819157578139,0.0279718513348341,17412,369
1,4,-11,-0.040323593988547,0.0219142607110462,17412,369
1,4,-10,-0.125636825790191,0.0407279405612272,17412,369
1,4,-9,0.010528057568365,0.019618490406017,17412,369
1,4,-8,0.00723172393503458,0.0159674093481568,17412,369
1,4,-7,-0.0233585273193875,0.0208977910256134,17412,369
1,4,-6,-0.0548424321257561,0.0234627241558934,17412,369
1,4,-5,-0.0310429750865981,0.0195683610834938,17412,369
1,4,-4,-0.0168132759690973,0.0362424458372881,17412,369
1,4,-3,-0.0942981163145485,0.0527076027716834,17412,369
1,4,-2,0.0108811931784276,0.0213569174511841,17412,369
1,4,-1,0,0,17412,369
1,4,0,-0.00810742996863183,0.0192893181190464,17412,369
1,4,1,-0.0276910841096638,0.0214660561799691,17412,369
1,4,2,-0.0994163635417427,0.0422926213068457,17412,369
1,4,3,0.0343169889127872,0.0157345995331839,17412,369
1,4,4,0.0128380203754222,0.0190219302975709,17412,369
1,4,5,-0.016695304965528,0.0180918407874143,17412,369
1,4,6,-0.040165015112893,0.0229069787545107,17412,369
1,4,7,-0.0554022580853335,0.0287859075487572,17412,369
1,4,8,0.00218495935670682,0.0349305253558439,17412,369
1,4,9,-0.063792193131485,0.0577895363301608,17412,369
1,4,10,0.0268665032761981,0.0240518219343566,17412,369
1,4,11,-0.0157882408795361,0.0175953871476742,17412,369
1,4,12,-0.0294079073549078,0.016362582024429,17412,369
1,4,13,-0.0508041889325853,0.0223246676838098,17412,369
1,4,14,-0.091497157747209,0.0417342541370765,17412,369
1,4,15,0.0284634101394268,0.0226696555324506,17412,369
1,4,16,0.0182344590097534,0.0214591060981297,17412,369
1,4,17,-0.0348404921368365,0.0201579152403134,17412,369
1,4,18,-0.0116117590180666,0.0229850004438296,17412,369
1,4,19,-0.0293030242506958,0.0208620115232072,17412,369
1,4,20,0.0150177842825651,0.0368649719193677,17412,369
1,4,21,-0.0605056001843512,0.0497933021084665,17412,369
1,4,22,0.0340037646440162,0.0275356741075432,17412,369
1,4,23,0.00882463735118198,0.0203319892307281,17412,369
1,4,24,0.0156976930573982,0.01806672669173,17412,369
1,4,25,-0.00539748910495482,0.020644638220442,17412,369
1,4,26,-0.0754011229652828,0.0380100276006445,17412,369
1,4,27,0.0402791656831759,0.0186168400992402,17412,369
1,4,28,0.03691187137221,0.0226966941287697,17412,369
1,4,29,-0.0072221425209557,0.026498545922664,17412,369
1,5,-22,-0.117812787679905,0.0493496927549188,17412,369
1,5,-21,0.0215385246082808,0.0244280400806794,17412,369
1,5,-20,0.0368426126440661,0.0273710428572781,17412,369
1,5,-19,-0.000106254939815767,0.0231824916440479,17412,369
1,5,-18,-0.0212252418956936,0.0220024794696349,17412,369
1,5,-17,-0.0733691225133406,0.0250448859283493,17412,369
1,5,-16,0.015083940249422,0.0341934233040888,17412,369
1,5,-15,-0.0231193770909227,0.05408880931227,17412,369
1,5,-14,-0.0222809195590094,0.0246745168132416,17412,369
1,5,-13,-0.0406086910305747,0.0215599838442869,17412,369
1,5,-12,-0.0523785347089225,0.0274703035556477,17412,369
1,5,-11,-0.0438806752220202,0.0224049643390351,17412,369
1,5,-10,-0.0755583778438534,0.0407458997297232,17412,369
1,5,-9,0.0507819197898794,0.0208244190634337,17412,369
1,5,-8,0.0303590078644477,0.0159679044198072,17412,369
1,5,-7,-0.00390631702414997,0.0203042023590647,17412,369
1,5,-6,-0.0456545798885012,0.0195448225506697,17412,369
1,5,-5,-0.0325836530583816,0.018769253737572,17412,369
1,5,-4,0.0703954289261905,0.0328031596900636,17412,369
1,5,-3,0.0262653271763152,0.0485034400978461,17412,369
1,5,-2,0.0206762158738806,0.0184599762006317,17412,369
1,5,-1,0,0,17412,369
1,5,0,-0.0125296222105376,0.0125649430828635,17412,369
1,5,1,-0.0445144909738869,0.0158298007152813,17412,369
1,5,2,-0.0890668387633935,0.0345246581450438,17412,369
1,5,3,0.055385885676389,0.0174758976910998,17412,369
1,5,4,0.0290159503972616,0.0157531375955669,17412,369
1,5,5,0.0140554596617387,0.0144927741706695,17412,369
1,5,6,-0.0446471817108034,0.0215813070567679,17412,369
1,5,7,-0.0450598055161642,0.0176192991830348,17412,369
1,5,8,0.0517729638667829,0.0328844789678973,17412,369
1,5,9,0.00493412313879811,0.0574743583015738,17412,369
1,5,10,-0.00617785803575794,0.0273784440981709,17412,369
1,5,11,-0.0620216102279913,0.0178719586294577,17412,369
1,5,12,-0.042878883282431,0.017893622704328,17412,369
1,5,13,-0.105590694557564,0.0316304022598632,17412,369
1,5,14,-0.153602679232017,0.0347564696555176,17412,369
1,5,15,0.0186209414276399,0.0216201246857597,17412,369
1,5,16,0.00769790521377423,0.0190560354777523,17412,369
1,5,17,-0.0367825617490839,0.0184365051814505,17412,369
1,5,18,-0.0597786995623436,0.0205192852471639,17412,369
1,5,19,-0.0891784983594657,0.0242381149452012,17412,369
1,5,20,0.0315576119107615,0.0384379256368398,17412,369
1,5,21,0.0464360973931644,0.055297820864182,17412,369
1,5,22,-0.010965987313053,0.0275612639667852,17412,369
1,5,23,-0.00523482343623043,0.0205270925509771,17412,369
1,5,24,-0.00597383361572025,0.0208562570888607,17412,369
1,5,25,-0.0836045307717065,0.0256180406787066,17412,369
1,5,26,-0.122939512169273,0.0320522530050406,17412,369
1,5,27,0.0400373460953709,0.0274206364110848,17412,369
1,5,28,0.0243284221719233,0.0292229055241384,17412,369
1,5,29,-0.0339306186050035,0.0272736485494537,17412,369
2,1,-22,-0.0453616498324079,0.0473730785918863,17547,371
2,1,-21,0.00592508620961624,0.0231906280472864,17547,371
2,1,-20,0.063222689926519,0.0240165649731509,17547,371
2,1,-19,-0.0153647808654344,0.0160359082048086,17547,371
2,1,-18,-0.0122066699740782,0.019865881936059,17547,371
2,1,-17,-0.0180619436911259,0.0206719174375311,17547,371
2,1,-16,-0.030937219632132,0.020967597435374,17547,371
2,1,-15,-0.0739896978431518,0.0413898734015986,17547,371
2,1,-14,0.0213252937980737,0.0176676446980584,17547,371
2,1,-13,0.0325106506407692,0.0194678604908405,17547,371
2,1,-12,0.0286226879888935,0.0200773799268394,17547,371
2,1,-11,-0.0175783450349554,0.0177920325261987,17547,371
2,1,-10,-0.112914840983799,0.0325164085687269,17547,371
2,1,-9,-0.0285539371290852,0.0199499378530654,17547,371
2,1,-8,0.0015674867783044,0.0146006629142169,17547,371
2,1,-7,-0.0303184516430364,0.0110959796876881,17547,371
2,1,-6,-0.031313429781405,0.0188020698167355,17547,371
2,1,-5,0.00114107031882242,0.0131332970052729,17547,371
2,1,-4,-0.0572335937158055,0.0200099187364559,17547,371
2,1,-3,-0.10787427135621,0.035359040595805,17547,371
2,1,-2,-0.0121438823179483,0.0116819066138329,17547,371
2,1,-1,0,0,17547,371
2,1,0,0.0214534578657612,0.0116585244070682,17547,371
2,1,1,-0.00338121518713199,0.0111635673943971,17547,371
2,1,2,-0.0768922932337702,0.0278978484033524,17547,371
2,1,3,0.00695447926534204,0.0136496740313599,17547,371
2,1,4,0.0160243905152627,0.0164974782729612,17547,371
2,1,5,-0.016222134875915,0.0149034112483377,17547,371
2,1,6,-0.0323081810804629,0.0226274641994413,17547,371
2,1,7,0.00677601333223084,0.0116764884075435,17547,371
2,1,8,-0.0441912388472153,0.0207751682003603,17547,371
2,1,9,-0.102660013756657,0.0357272740822572,17547,371
2,1,10,0.00416103258218724,0.0214910186785158,17547,371
2,1,11,0.00181761419727959,0.0107241344202382,17547,371
2,1,12,0.0239688078459618,0.0162458596126697,17547,371
2,1,13,-0.0068556157754699,0.0125792444326323,17547,371
2,1,14,-0.0479770800018363,0.0305979389734402,17547,371
2,1,15,0.0183317632685859,0.0145020668847877,17547,371
2,1,16,0.00300539592668062,0.016194449619649,17547,371
2,1,17,-0.000278893571515761,0.017722226558165,17547,371
2,1,18,-0.0199166995081394,0.0157445463140505,17547,371
2,1,19,-0.00436985812223662,0.0170781088595454,17547,371
2,1,20,-0.0305413126176937,0.023528136180907,17547,371
2,1,21,-0.0958649331646916,0.0358564347131007,17547,371
2,1,22,-0.00379871037365537,0.0182164865851309,17547,371
2,1,23,0.0178406821044484,0.0157024440279966,17547,371
2,1,24,0.0146549822218979,0.0160469519814295,17547,371
2,1,25,-0.000342543343807393,0.0151334040445736,17547,371
2,1,26,-0.0506090797586091,0.0269652699811493,17547,371
2,1,27,-0.00296652086500705,0.0190083298349362,17547,371
2,1,28,-0.00442365363986477,0.0203292533028718,17547,371
2,1,29,-0.015730769438466,0.0177521504849045,17547,371
2,2,-22,-0.0766018005518827,0.0490300649301636,17547,371
2,2,-21,-0.0573736059009948,0.0359762940284517,17547,371
2,2,-20,0.00920678887826317,0.0351005804679651,17547,371
2,2,-19,-0.0337884965406098,0.0220045366249394,17547,371
2,2,-18,-0.0329164529229525,0.0284329283390962,17547,371
2,2,-17,-0.0295771714179422,0.026858181396498,17547,371
2,2,-16,-0.0130539190327944,0.0208140876507065,17547,371
2,2,-15,-0.0678688364179468,0.0499616239609122,17547,371
2,2,-14,-0.0444143779701468,0.0323635326595184,17547,371
2,2,-13,-0.022047683741731,0.0269433153043435,17547,371
2,2,-12,-0.042625865082281,0.0380066091066552,17547,371
2,2,-11,-0.0296621473856884,0.0262959268010311,17547,371
2,2,-10,-0.0771190466780235,0.0432462366272254,17547,371
2,2,-9,0.00622637038506637,0.0298501457801627,17547,371
2,2,-8,0.0286189990538797,0.0213390031982572,17547,371
2,2,-7,0.0105110114928504,0.0219373467457088,17547,371
2,2,-6,0.000810928147012856,0.0268702563635535,17547,371
2,2,-5,0.0343817207509134,0.0209210526989641,17547,371
2,2,-4,-0.0167341733387345,0.0227165397533802,17547,371
2,2,-3,-0.0479630377743534,0.0526851777230932,17547,371
2,2,-2,-0.0317206451902485,0.0207427912222304,17547,371
2,2,-1,0,0,17547,371
2,2,0,0.0120404998116451,0.0111318516636371,17547,371
2,2,1,-0.0458237150575571,0.0456414162102297,17547,371
2,2,2,-0.0405601700190073,0.0370563788931847,17547,371
2,2,3,0.0178464169163572,0.0177888702167961,17547,371
2,2,4,0.0137894009132927,0.0175674707852414,17547,371
2,2,5,0.00536608643158115,0.0197643526665838,17547,371
2,2,6,0.00244133448011784,0.0301168874959982,17547,371
2,2,7,0.0165443077226956,0.0165338408646151,17547,371
2,2,8,-0.0129214218938993,0.0226603551165185,17547,371
2,2,9,-0.091276446371744,0.0514497205807358,17547,371
2,2,10,-0.0545432869143953,0.0388594055498718,17547,371
2,2,11,-0.0269724755704845,0.0253291064985683,17547,371
2,2,12,0.024899593865556,0.0205263654285316,17547,371
2,2,13,0.00779850885217932,0.0180681416519575,17547,371
2,2,14,-0.0140266185909434,0.0383887260776562,17547,371
2,2,15,0.04148497784392,0.0232217573285468,17547,371
2,2,16,0.044877415616604,0.0220614638342516,17547,371
2,2,17,0.0323533521428388,0.0240525975418675,17547,371
2,2,18,0.0140208695676772,0.0232102791450406,17547,371
2,2,19,0.00749664486371116,0.0218459388580302,17547,371
2,2,20,-0.00720503141799611,0.0286782838183495,17547,371
2,2,21,-0.145967051869509,0.0628569180545558,17547,371
2,2,22,-0.0271337230047994,0.0257552334297207,17547,371
2,2,23,0.0141803087023697,0.0205717627808451,17547,371
2,2,24,-0.0256483959854678,0.0254213857988618,17547,371
2,2,25,-0.00767627029433884,0.0217058805326836,17547,371
2,2,26,-0.0395408545285761,0.0390932020922872,17547,371
2,2,27,0.0044662491548452,0.0230179194574173,17547,371
2,2,28,0.0217870483597992,0.0310467854824272,17547,371
2,2,29,0.00256917149275387,0.0237810466297914,17547,371
2,4,-22,-0.116944635695687,0.0528816616755007,17547,371
2,4,-21,-0.0498455203342716,0.0336099106012717,17547,371
2,4,-20,-0.0233819828302014,0.0388385083521658,17547,371
2,4,-19,-0.0984207577222426,0.0304819486495111,17547,371
2,4,-18,-0.108177206777286,0.0394715817827243,17547,371
2,4,-17,-0.100514259983774,0.0427894793404638,17547,371
2,4,-16,-0.0826865972001071,0.0309361693178896,17547,371
2,4,-15,-0.135053976858177,0.0457623072441089,17547,371
2,4,-14,-0.095929265606256,0.0345118741697395,17547,371
2,4,-13,-0.0943007004092494,0.0319707643485335,17547,371
2,4,-12,-0.0665995624392534,0.032582338227406,17547,371
2,4,-11,-0.0110228506907672,0.0259477575520389,17547,371
2,4,-10,-0.0998458026806589,0.0344294124998376,17547,371
2,4,-9,-0.0195975052620887,0.0299647783555156,17547,371
2,4,-8,-0.0148657317158188,0.0205223274774778,17547,371
2,4,-7,-0.0338131206358389,0.0250622844568762,17547,371
2,4,-6,-0.0269313722669577,0.0254457257034468,17547,371
2,4,-5,-0.0336112202461003,0.0268774495405989,17547,371
2,4,-4,-0.0396321170241959,0.0233916052600014,17547,371
2,4,-3,-0.050466370605608,0.0362071357756782,17547,371
2,4,-2,-0.00359889393687694,0.0186710759099279,17547,371
2,4,-1,0,0,17547,371
2,4,0,0.00687057578143167,0.0164985026607811,17547,371
2,4,1,0.00155224126268058,0.0195876954188788,17547,371
2,4,2,-0.041124317861691,0.0285286724952844,17547,371
2,4,3,0.0247275586751559,0.0191314783584763,17547,371
2,4,4,0.0167028116534568,0.0200812170523744,17547,371
2,4,5,-0.0135736474217203,0.0187311563128891,17547,371
2,4,6,-0.010139748158302,0.0273951823893662,17547,371
2,4,7,-0.0289169803199119,0.0241443135607573,17547,371
2,4,8,0.00755805883787912,0.0246957419818503,17547,371
2,4,9,-0.0508246344671061,0.039782752412479,17547,371
2,4,10,0.0255540099746308,0.0265254878184658,17547,371
2,4,11,-0.0205987007910026,0.0199129306435624,17547,371
2,4,12,0.0142180173175752,0.0213713478118664,17547,371
2,4,13,-0.0126237139319861,0.0219328909297001,17547,371
2,4,14,0.0119408001550747,0.0341065051125541,17547,371
2,4,15,0.0402814472299908,0.0208145325316598,17547,371
2,4,16,0.0187956792393032,0.0275192521775399,17547,371
2,4,17,0.0404819865292649,0.0223232021118928,17547,371
2,4,18,0.0295287855706174,0.0225093601803815,17547,371
2,4,19,-0.0372198727988252,0.0320532851686255,17547,371
2,4,20,-0.00133433163697019,0.0285889995112445,17547,371
2,4,21,-0.0584892379836912,0.037479447566624,17547,371
2,4,22,-0.00267821638177678,0.0285688326226022,17547,371
2,4,23,-0.031802999236554,0.0294833655391505,17547,371
2,4,24,0.0126730407804797,0.0271581063069061,17547,371
2,4,25,0.0205614617373134,0.0259576144031299,17547,371
2,4,26,-0.0241587868527707,0.0307713086723739,17547,371
2,4,27,0.0161610759272628,0.0272640479017177,17547,371
2,4,28,0.00140734575508637,0.0303702851028747,17547,371
2,4,29,0.015687118986963,0.0272070845271251,17547,371
2,5,-22,-0.0116854023327028,0.0534562040389325,17547,371
2,5,-21,0.0148673407555093,0.0349435876062998,17547,371
2,5,-20,0.0683115782300827,0.0344713813427874,17547,371
2,5,-19,0.025178274904976,0.0301348768660144,17547,371
2,5,-18,0.0161341275392005,0.0329495150434148,17547,371
2,5,-17,-0.0172961225406556,0.0321827659983135,17547,371
2,5,-16,-0.0183294476860294,0.031805551427234,17547,371
2,5,-15,-0.0670849744654071,0.0443699713872503,17547,371
2,5,-14,-0.0178493422454354,0.0300491548924508,17547,371
2,5,-13,-0.0160870465905036,0.0297965039841977,17547,371
2,5,-12,-0.015037988603826,0.0328912436276164,17547,371
2,5,-11,0.0396680136513584,0.0331311192524785,17547,371
2,5,-10,-0.0118791843396153,0.0421805090875535,17547,371
2,5,-9,0.0679918375492665,0.0320844330229316,17547,371
2,5,-8,0.044864470078829,0.0229586467318255,17547,371
2,5,-7,0.0255437051770317,0.0210698473652421,17547,371
2,5,-6,0.0418512106891105,0.0252196067584234,17547,371
2,5,-5,0.0159257548450982,0.0266164646407985,17547,371
2,5,-4,0.0397455034989014,0.0219830882485528,17547,371
2,5,-3,-0.00251649007712605,0.0432872211660602,17547,371
2,5,-2,0.0134412269108255,0.0211469641717766,17547,371
2,5,-1,0,0,17547,371
2,5,0,0.0234349828105908,0.0241177910138606,17547,371
2,5,1,0.0130657836764777,0.0174677937833681,17547,371
2,5,2,-0.0128968288805267,0.0372764256986904,17547,371
2,5,3,0.0630414928618601,0.0292379919536313,17547,371
2,5,4,0.0608078102208893,0.0259112448181755,17547,371
2,5,5,0.0290943822773083,0.0225619311509842,17547,371
2,5,6,0.0235866806351076,0.0343928897954292,17547,371
2,5,7,0.0223810379399271,0.0332773370182461,17547,371
2,5,8,0.0404417281910313,0.0250195126779935,17547,371
2,5,9,-0.0291830893324037,0.0452077949522471,17547,371
2,5,10,0.0228920917655904,0.0296921387852539,17547,371
2,5,11,-0.000986797323293431,0.0253694372839616,17547,371
2,5,12,0.0305275895794424,0.0275406396720341,17547,371
2,5,13,-0.00308490694314841,0.0299555223521577,17547,371
2,5,14,-0.0103592014633815,0.0388623026831663,17547,371
2,5,15,0.0362458435680696,0.0255311408047083,17547,371
2,5,16,0.0667529506026041,0.0317506030823892,17547,371
2,5,17,0.0106734778975078,0.023053484327484,17547,371
2,5,18,-0.00758026879832137,0.0235036493922883,17547,371
2,5,19,-0.0242674767138741,0.0329025139830234,17547,371
2,5,20,0.00112348496990432,0.0322716691998424,17547,371
2,5,21,-0.0112996315744136,0.0394610791471439,17547,371
2,5,22,0.0109072838528144,0.0291028910077234,17547,371
2,5,23,0.00445126465940306,0.0294949283407122,17547,371
2,5,24,0.00596522682862181,0.029914885594165,17547,371
2,5,25,2.19013540306429e-05,0.0279213865579741,17547,371
2,5,26,-0.0253301271631643,0.0353434238682795,17547,371
2,5,27,0.0165510826981178,0.0306613534618984,17547,371
2,5,28,0.0123820145049218,0.0352194222600093,17547,371
2,5,29,-0.0178051776341624,0.0355544200918107,17547,371
3,1,-22,-0.0465189896647638,0.0433320376424314,17327,370
3,1,-21,-0.00872299195134362,0.0183659980175817,17327,370
3,1,-20,0.0498992387086752,0.0239576476921707,17327,370
3,1,-19,-0.00908958353077457,0.0155365378385275,17327,370
3,1,-18,-0.00177188210754759,0.0180062337794286,17327,370
3,1,-17,-0.0263452393228267,0.0234375783687592,17327,370
3,1,-16,-0.013046599601052,0.0231147175008319,17327,370
3,1,-15,-0.0544364296962251,0.0433642342236547,17327,370
3,1,-14,0.00590355296207427,0.0131873905738869,17327,370
3,1,-13,0.0258972085722843,0.0162030706529369,17327,370
3,1,-12,0.020326022309954,0.0187652207849731,17327,370
3,1,-11,-0.0154504318161354,0.0161756221352215,17327,370
3,1,-10,-0.104048030930734,0.0317567942839956,17327,370
3,1,-9,-0.0440390490442748,0.0165660693209203,17327,370
3,1,-8,0.00461375259260116,0.014487941475012,17327,370
3,1,-7,-0.0390085323962832,0.00966151871633579,17327,370
3,1,-6,-0.0364292142012877,0.0197948320473223,17327,370
3,1,-5,-0.00402381853473181,0.0120661421956489,17327,370
3,1,-4,-0.0353782817049323,0.0184894377634332,17327,370
3,1,-3,-0.103707071058803,0.0346588821020177,17327,370
3,1,-2,-0.00694497182087157,0.012050367638328,17327,370
3,1,-1,0,0,17327,370
3,1,0,-0.00421368928747682,0.00995545298183502,17327,370
3,1,1,-0.0030897009699954,0.0121133957561721,17327,370
3,1,2,-0.0686884251507926,0.0268592180014998,17327,370
3,1,3,-0.0130911861212974,0.0121055600653601,17327,370
3,1,4,0.0144120040372732,0.0155009858147664,17327,370
3,1,5,-0.0124243700241375,0.0125866808761869,17327,370
3,1,6,-0.0238953823565667,0.0206527710296092,17327,370
3,1,7,0.0241954931103094,0.0172913229284431,17327,370
3,1,8,-0.0240182309945896,0.0210456414459455,17327,370
3,1,9,-0.0563116042026275,0.0343873660975182,17327,370
3,1,10,0.00604683092328538,0.0185699384472564,17327,370
3,1,11,0.0190685470872775,0.0134170757371791,17327,370
3,1,12,0.0232682743413352,0.0145681566587145,17327,370
3,1,13,0.00187245197199609,0.0149194059425749,17327,370
3,1,14,-0.0488534289820383,0.028354515058729,17327,370
3,1,15,0.00676773430730161,0.0182936844157937,17327,370
3,1,16,0.00325575261443234,0.018419740235279,17327,370
3,1,17,-0.0184876904280285,0.0200382338469984,17327,370
3,1,18,-0.00888388245110463,0.0191733508302666,17327,370
3,1,19,0.00482899391154386,0.0203671655041997,17327,370
3,1,20,-0.0264506456197842,0.0244572693602361,17327,370
3,1,21,-0.0807834979659556,0.0325490184152096,17327,370
3,1,22,-0.00906044928226997,0.0194868751514564,17327,370
3,1,23,0.0143670896069997,0.0199587939502989,17327,370
3,1,24,0.0151177526054153,0.0197799826678683,17327,370
3,1,25,-0.01412101920793,0.0200435791890258,17327,370
3,1,26,-0.0609289021244479,0.0255329249381747,17327,370
3,1,27,0.00411084556800263,0.0213581987434051,17327,370
3,1,28,-0.00833576539088152,0.0226503114947621,17327,370
3,1,29,-0.0164539125124368,0.0202722191549434,17327,370
3,2,-22,-0.0573719223499247,0.0504053183823264,17327,370
3,2,-21,-0.0605558198600557,0.0276897751383058,17327,370
3,2,-20,0.0222588877996821,0.0284797907768832,17327,370
3,2,-19,-0.0132361849628495,0.0210266277529898,17327,370
3,2,-18,-0.00385106373961702,0.0262085056970952,17327,370
3,2,-17,-0.01709496590394,0.0276712549223959,17327,370
3,2,-16,0.00351527169875142,0.02492557250908,17327,370
3,2,-15,-0.0201814925491215,0.0531223079057106,17327,370
3,2,-14,-0.0508628648803141,0.0269081323912046,17327,370
3,2,-13,-0.0271592318150893,0.0271678374728609,17327,370
3,2,-12,-0.0308841380567641,0.0328097644845421,17327,370
3,2,-11,-0.0146555511296432,0.0210535989513865,17327,370
3,2,-10,-0.073523603670812,0.0510325903487714,17327,370
3,2,-9,-0.00142272196606359,0.0304946622745206,17327,370
3,2,-8,0.0492735619773726,0.0250581049821877,17327,370
3,2,-7,0.0200237970893972,0.0221757006359925,17327,370
3,2,-6,0.00906884828423663,0.0326673342626559,17327,370
3,2,-5,0.0395055715344411,0.0190339971512476,17327,370
3,2,-4,0.0134801825834381,0.0219773945671652,17327,370
3,2,-3,-0.0548849836365346,0.0547065915625836,17327,370
3,2,-2,-0.0345418817664568,0.0211879139776586,17327,370
3,2,-1,0,0,17327,370
3,2,0,-0.0177180455925144,0.0116062084434801,17327,370
3,2,1,-0.0440124641592607,0.0405627430099043,17327,370
3,2,2,-0.0418950431142298,0.0443994890025503,17327,370
3,2,3,0.00938292330040137,0.0229533399874428,17327,370
3,2,4,0.0318159434120303,0.0151739446893,17327,370
3,2,5,0.00449871341259412,0.0178814932834092,17327,370
3,2,6,0.0116638938724726,0.0344021108863565,17327,370
3,2,7,0.0332169583158222,0.0220573812337592,17327,370
3,2,8,-0.00481480970329429,0.0224364237292221,17327,370
3,2,9,-0.0561446367021186,0.0505903040093753,17327,370
3,2,10,-0.0487649359584268,0.037493654239245,17327,370
3,2,11,0.0156195126361323,0.0175997317421083,17327,370
3,2,12,0.0201389944295785,0.0201489983378452,17327,370
3,2,13,0.0111789864619866,0.0166206655966798,17327,370
3,2,14,-0.0218271270919791,0.0414688082799154,17327,370
3,2,15,0.0104021011412809,0.0246757126783607,17327,370
3,2,16,0.0262271212633462,0.0220162482067832,17327,370
3,2,17,0.00993949577933267,0.0267701986251152,17327,370
3,2,18,0.0196546557724684,0.028320047928635,17327,370
3,2,19,0.0167851703797691,0.0221109532714057,17327,370
3,2,20,0.00110438774887056,0.0294259772283576,17327,370
3,2,21,-0.147827282012408,0.0620225842595813,17327,370
3,2,22,-0.0326436162980912,0.0254903535293956,17327,370
3,2,23,0.0107005739688601,0.0219266235119401,17327,370
3,2,24,-0.0201185913153162,0.0274388396368057,17327,370
3,2,25,-0.00191610479921049,0.0250049359513673,17327,370
3,2,26,-0.0534329152987397,0.0359504825106583,17327,370
3,2,27,0.0111206702475195,0.0255680620101445,17327,370
3,2,28,0.0221419175332722,0.0270350647006762,17327,370
3,2,29,0.00549048930237262,0.0259890650414392,17327,370
3,4,-22,-0.0159300583725375,0.0489404287165005,17327,370
3,4,-21,-0.0192193571935903,0.0337523721175903,17327,370
3,4,-20,0.0399755689820573,0.0371512928706601,17327,370
3,4,-19,-0.01775955159867,0.03263248424533,17327,370
3,4,-18,0.00723760071948503,0.0345804023586959,17327,370
3,4,-17,-0.0293761935585075,0.0375884494611626,17327,370
3,4,-16,-0.0175652527850716,0.0387147261679831,17327,370
3,4,-15,-0.0298409020008544,0.0485094658355294,17327,370
3,4,-14,0.00688194388285584,0.0333231402600828,17327,370
3,4,-13,0.000149938305478971,0.0258884198030653,17327,370
3,4,-12,0.0065344679722935,0.0295637676136646,17327,370
3,4,-11,0.0446129116415613,0.0286524719989332,17327,370
3,4,-10,0.000611468122282069,0.0347892868180994,17327,370
3,4,-9,0.035224103531831,0.0257716795650722,17327,370
3,4,-8,0.0753325676109101,0.0253092512529659,17327,370
3,4,-7,0.0211733131353667,0.0201434394884215,17327,370
3,4,-6,0.0413862327905004,0.0269754419912461,17327,370
3,4,-5,0.0214579055512124,0.0282761454410716,17327,370
3,4,-4,0.0348708009453697,0.0230977427316486,17327,370
3,4,-3,0.0161821711119678,0.0395513285205491,17327,370
3,4,-2,0.0128690991198753,0.0222152028999303,17327,370
3,4,-1,0,0,17327,370
3,4,0,0.01877996580112,0.0164253950829557,17327,370
3,4,1,0.0687835793315321,0.0191368357250407,17327,370
3,4,2,-0.0224585944510872,0.0304593842697458,17327,370
3,4,3,0.0244964954351067,0.0256971779007857,17327,370
3,4,4,0.0627892474873621,0.0276512036209709,17327,370
3,4,5,0.0341172269921104,0.0250720474736184,17327,370
3,4,6,0.037922349872896,0.0326820273981699,17327,370
3,4,7,0.00649538371180044,0.0333023117608597,17327,370
3,4,8,0.00808455809087681,0.0385446986784424,17327,370
3,4,9,0.0360993530452972,0.046018950704275,17327,370
3,4,10,0.0284373108302644,0.0300232618469424,17327,370
3,4,11,0.0173604462324535,0.0300389210346884,17327,370
3,4,12,0.0476387700928855,0.0247246092972211,17327,370
3,4,13,0.0398792752792315,0.0193088240777097,17327,370
3,4,14,0.0357116071187204,0.0342921541453439,17327,370
3,4,15,0.0309842890464004,0.0246435010244672,17327,370
3,4,16,0.060395481553199,0.0287907578841561,17327,370
3,4,17,0.0402772384777938,0.0278801399953616,17327,370
3,4,18,0.063918095702681,0.0280150051774568,17327,370
3,4,19,0.0303982830160109,0.0279813776997914,17327,370
3,4,20,0.0159150852995703,0.0277857365106702,17327,370
3,4,21,0.0113331256398803,0.0395044154552649,17327,370
3,4,22,0.0258152084654813,0.0321347175349127,17327,370
3,4,23,0.029171393411107,0.0250801070624818,17327,370
3,4,24,0.0131584795167089,0.0260921709959964,17327,370
3,4,25,0.0504150769973363,0.0314646455229676,17327,370
3,4,26,0.0331280391053583,0.0331594675313028,17327,370
3,4,27,0.045726744759059,0.0311171838889541,17327,370
3,4,28,0.0466504094423853,0.0307222326822395,17327,370
3,4,29,0.0238482452017686,0.0267907968085153,17327,370
3,5,-22,-0.0104785196063032,0.0477069752766976,17327,370
3,5,-21,0.013843658355741,0.0292945806972054,17327,370
3,5,-20,0.0822645031077408,0.0340710701240688,17327,370
3,5,-19,0.0191348517279044,0.0230710111344676,17327,370
3,5,-18,0.0454726792082299,0.0271670757964399,17327,370
3,5,-17,0.00290767509797862,0.0319120402617416,17327,370
3,5,-16,0.000909229176956418,0.0256582844284538,17327,370
3,5,-15,-0.0384411679211373,0.0451686288297523,17327,370
3,5,-14,-0.00523141382771924,0.0237438016977381,17327,370
3,5,-13,-0.0208765242177318,0.0279958030073875,17327,370
3,5,-12,-0.0117852327060243,0.027127553272762,17327,370
3,5,-11,0.0411001332493061,0.0271308206271829,17327,370
3,5,-10,-0.0196048607526075,0.0378374107438012,17327,370
3,5,-9,0.0304694583792544,0.025012584439344,17327,370
3,5,-8,0.0618262968144575,0.023828645386692,17327,370
3,5,-7,0.0121719948375679,0.0200234915776787,17327,370
3,5,-6,0.0333169195565637,0.0254125341569035,17327,370
3,5,-5,0.049235017479065,0.0268543885303946,17327,370
3,5,-4,0.0274750281335772,0.0249428928233879,17327,370
3,5,-3,-0.0616171352813437,0.0342419564810797,17327,370
3,5,-2,0.0076193381148283,0.0203722704636142,17327,370
3,5,-1,0,0,17327,370
3,5,0,-0.0124046673473329,0.0168879736852475,17327,370
3,5,1,0.0373637417608614,0.0172237327324923,17327,370
3,5,2,-0.0145127278284389,0.0409106731946484,17327,370
3,5,3,0.0107010203486578,0.0180656892383528,17327,370
3,5,4,0.0497541606097162,0.021468008216917,17327,370
3,5,5,0.0325990970123016,0.0248230934149602,17327,370
3,5,6,0.0244347665412423,0.0276169883324617,17327,370
3,5,7,0.0342580805836781,0.0285698877813787,17327,370
3,5,8,0.0211986056946992,0.0291999846284462,17327,370
3,5,9,-0.0304865122222908,0.0363284708623918,17327,370
3,5,10,0.000647613002949571,0.0289322712893457,17327,370
3,5,11,0.0094765116599559,0.0249373459943746,17327,370
3,5,12,0.0285009494259195,0.0242110883142205,17327,370
3,5,13,0.0160066110897825,0.0266156255756167,17327,370
3,5,14,-0.0165849025086388,0.0360981874474454,17327,370
3,5,15,0.0144670002598747,0.0264537190799683,17327,370
3,5,16,0.0555294073691707,0.0298606047025838,17327,370
3,5,17,0.006766372652892,0.0288819492338951,17327,370
3,5,18,0.0281040256460974,0.0273310562639824,17327,370
3,5,19,-0.00727538684145639,0.0336860211238165,17327,370
3,5,20,-0.0245095146112336,0.0316474725165376,17327,370
3,5,21,0.00033521137582942,0.036040077908194,17327,370
3,5,22,-0.00718709613434519,0.0374129389561447,17327,370
3,5,23,0.0209282361648176,0.0319336820512809,17327,370
3,5,24,0.0181759496990216,0.0277254363223099,17327,370
3,5,25,0.0279124867025661,0.0344730566793554,17327,370
3,5,26,-0.00601862592961398,0.0336329797648114,17327,370
3,5,27,0.0449984322963269,0.0305436900972786,17327,370
3,5,28,0.0278068697561774,0.0297459536364344,17327,370
3,5,29,0.0246432266080191,0.0352170886291974,17327,370
4,1,-22,-0.0447598151895117,0.0434724656405744,16869,366
4,1,-21,-0.00442945689159759,0.0227812592107671,16869,366
4,1,-20,0.0265953871943674,0.0209982687839541,16869,366
4,1,-19,-0.0125223838449049,0.0175576190043704,16869,366
4,1,-18,-0.0115139326227274,0.0206103439711873,16869,366
4,1,-17,-0.0192190367167975,0.0248199796707991,16869,366
4,1,-16,-0.0279275435912503,0.026712816818278,16869,366
4,1,-15,-0.0808513637530458,0.0418816038511089,16869,366
4,1,-14,-0.00999797420991538,0.0153645501429073,16869,366
4,1,-13,0.0142259532134142,0.0176576913897034,16869,366
4,1,-12,-0.00805989373532534,0.015338949325151,16869,366
4,1,-11,-0.0280400904577755,0.0215696297567495,16869,366
4,1,-10,-0.113820231842461,0.0315916707923577,16869,366
4,1,-9,-0.0486998626638946,0.0244240009289126,16869,366
4,1,-8,-0.0133748514350628,0.0178225872627988,16869,366
4,1,-7,-0.0512256522427096,0.0169577630029375,16869,366
4,1,-6,-0.0504856683499681,0.0248002365041471,16869,366
4,1,-5,-0.0064999768862605,0.0148386627307761,16869,366
4,1,-4,-0.0370408091907243,0.0223392905801282,16869,366
4,1,-3,-0.13351870997224,0.0430439707188841,16869,366
4,1,-2,-0.0294913354849739,0.0166213340725084,16869,366
4,1,-1,0,0,16869,366
4,1,0,-0.00141948609389502,0.0107652856090004,16869,366
4,1,1,-0.0154527162796611,0.0135142366946411,16869,366
4,1,2,-0.0909258200715201,0.0307844849268898,16869,366
4,1,3,-0.013783454746138,0.0163006499876333,16869,366
4,1,4,-0.00529156694794129,0.0166487075760383,16869,366
4,1,5,-0.0425533164842999,0.0155556672696405,16869,366
4,1,6,-0.0597289843249171,0.0231592559767613,16869,366
4,1,7,0.0135438752662366,0.021156960388766,16869,366
4,1,8,-0.0568976927878044,0.0276368560020574,16869,366
4,1,9,-0.100048126443311,0.0429844956621822,16869,366
4,1,10,-0.0458039633779317,0.020575620306806,16869,366
4,1,11,-0.0269345001076769,0.0144541224764493,16869,366
4,1,12,-0.0268504290758295,0.0158861930405374,16869,366
4,1,13,-0.0359139594208015,0.0155877976612847,16869,366
4,1,14,-0.0794164197812958,0.0317339365188574,16869,366
4,1,15,-0.0075022006002551,0.0209099790677223,16869,366
4,1,16,-0.0227124919920998,0.0203457918426368,16869,366
4,1,17,-0.0511836953236129,0.0210813700008514,16869,366
4,1,18,-0.0440893673663209,0.0218361902408403,16869,366
4,1,19,-0.0205053857804076,0.0225827890491165,16869,366
4,1,20,-0.0464205730202202,0.0318904810070532,16869,366
4,1,21,-0.114819548985597,0.0429596893569397,16869,366
4,1,22,-0.0325141978449559,0.025142566238987,16869,366
4,1,23,-0.00984184521833975,0.0218747442097942,16869,366
4,1,24,-0.0145526694034367,0.026244923573518,16869,366
4,1,25,-0.0389911848762789,0.0245918811501156,16869,366
4,1,26,-0.0800245710121129,0.0334868937669159,16869,366
4,1,27,-0.0397591790848166,0.0279981400662166,16869,366
4,1,28,-0.0408833978038352,0.027382104674626,16869,366
4,1,29,-0.0420289614537294,0.0253033330175692,16869,366
4,2,-22,-0.0419297595235943,0.0491882484635566,16869,366
4,2,-21,-0.0192174549757403,0.0269073281675184,16869,366
4,2,-20,0.0243173235370919,0.0249000315073593,16869,366
4,2,-19,0.000304751538601178,0.0207932815775057,16869,366
4,2,-18,-0.00389565304054066,0.0243986475907368,16869,366
4,2,-17,0.00291313639904463,0.025629437269256,16869,366
4,2,-16,-0.00171081070079598,0.0246196398123744,16869,366
4,2,-15,-0.0417570361762956,0.0511451019704004,16869,366
4,2,-14,-0.0405527230392671,0.026856483268783,16869,366
4,2,-13,0.00491576603006507,0.021875518021336,16869,366
4,2,-12,-0.0292944188595669,0.0261447333919789,16869,366
4,2,-11,-0.0211266328918738,0.0297034183041136,16869,366
4,2,-10,-0.0893454969600233,0.0436678646356,16869,366
4,2,-9,-0.0130849507247666,0.0250884327908724,16869,366
4,2,-8,0.0157436131616254,0.0203055638398127,16869,366
4,2,-7,-0.000798432593899031,0.0235505241133283,16869,366
4,2,-6,-0.0108209364329915,0.0325045120697829,16869,366
4,2,-5,0.0259658970569003,0.0188786131276502,16869,366
4,2,-4,3.99607389910284e-05,0.0221061974622069,16869,366
4,2,-3,-0.0926744935409657,0.0555419731431975,16869,366
4,2,-2,-0.0469674230145859,0.0231307474045337,16869,366
4,2,-1,0,0,16869,366
4,2,0,0.00880410422266482,0.00983504080888784,16869,366
4,2,1,-0.0383769599881634,0.0424206073047299,16869,366
4,2,2,-0.0616192375402396,0.0401786299051492,16869,366
4,2,3,0.00295101732148133,0.0192205779833059,16869,366
4,2,4,0.0205279987788171,0.0155652600256247,16869,366
4,2,5,-0.00454099646588363,0.017564263807674,16869,366
4,2,6,-0.00466330289629094,0.0325095929437682,16869,366
4,2,7,0.0379432720872149,0.0234884063563208,16869,366
4,2,8,-0.0316207743907953,0.0257727816991774,16869,366
4,2,9,-0.086367731646824,0.0511333434573754,16869,366
4,2,10,-0.103352067041204,0.0365710280929589,16869,366
4,2,11,-0.0451152508543836,0.0221366651567632,16869,366
4,2,12,-0.0255717772562971,0.0190079409769398,16869,366
4,2,13,-0.0264588551094382,0.0195596736605389,16869,366
4,2,14,-0.0564615655847913,0.0396410063992505,16869,366
4,2,15,-0.00893129683187705,0.0232738778686843,16869,366
4,2,16,0.000843871508542576,0.0199545090815893,16869,366
4,2,17,-0.0256818741255785,0.0265420165484539,16869,366
4,2,18,-0.00988694457975999,0.026831780888773,16869,366
4,2,19,-0.0140423588947055,0.023746265894098,16869,366
4,2,20,-0.0338380123671348,0.0318359697819777,16869,366
4,2,21,-0.171299835771166,0.0638667431019034,16869,366
4,2,22,-0.0748944472465572,0.0316185044629913,16869,366
4,2,23,-0.0129663133863365,0.0243505995697767,16869,366
4,2,24,-0.0409721229390104,0.0335053578320053,16869,366
4,2,25,-0.046978087436918,0.0284441800741166,16869,366
4,2,26,-0.0870497686995503,0.0402459913566703,16869,366
4,2,27,-0.0551303978841117,0.031108819581183,16869,366
4,2,28,-0.0533091117119274,0.0298311328367728,16869,366
4,2,29,-0.044311669337959,0.0282209720178336,16869,366
4,4,-22,-0.0530539463933842,0.0443722984051653,16869,366
4,4,-21,-0.0210460614413582,0.0282853615314229,16869,366
4,4,-20,-0.000232434792235035,0.0294692227149406,16869,366
4,4,-19,-0.0289690280474875,0.0285675594387571,16869,366
4,4,-18,-0.046341866763173,0.0294386683642635,16869,366
4,4,-17,-0.0720379933833428,0.0320173345435454,16869,366
4,4,-16,-0.0644496350109729,0.0248070802377821,16869,366
4,4,-15,-0.0770145209820995,0.0333653477137509,16869,366
4,4,-14,-0.0286846213979921,0.0218238220749361,16869,366
4,4,-13,-0.0601599090261132,0.0240094967105941,16869,366
4,4,-12,-0.0431062024963763,0.0225568018320974,16869,366
4,4,-11,0.0129942159659399,0.0267258969518018,16869,366
4,4,-10,-0.0493434058892243,0.030352594658905,16869,366
4,4,-9,-0.0158604743937991,0.0269555053047621,16869,366
4,4,-8,0.00955084786923346,0.0239472755697581,16869,366
4,4,-7,-0.0368647240558022,0.0206978471137379,16869,366
4,4,-6,-0.0214291008970998,0.0314367917669999,16869,366
4,4,-5,-0.0117442783988286,0.0220622816766068,16869,366
4,4,-4,-0.0139166902622679,0.0216447018557293,16869,366
4,4,-3,-0.0454005255238771,0.0368305071049285,16869,366
4,4,-2,-0.0354301315667517,0.0192480256117866,16869,366
4,4,-1,0,0,16869,366
4,4,0,-0.00437787162165043,0.0116065242434121,16869,366
4,4,1,0.0204346065119285,0.0209928961153216,16869,366
4,4,2,-0.059529708348274,0.0275571220877029,16869,366
4,4,3,-0.011551201986288,0.0199147189622716,16869,366
4,4,4,0.0320264211145304,0.0241324498647093,16869,366
4,4,5,-0.0258307681711247,0.0204738898393488,16869,366
4,4,6,-0.0209230956024463,0.0259234186193777,16869,366
4,4,7,-0.0111316987673829,0.0230590825460704,16869,366
4,4,8,-0.0402250085651207,0.0254133445981,16869,366
4,4,9,-0.0119132210147905,0.0411547307184742,16869,366
4,4,10,-0.05554428255978,0.024794344030326,16869,366
4,4,11,-0.04401446055677,0.0185558770038973,16869,366
4,4,12,-0.0439487367881178,0.0233489628710789,16869,366
4,4,13,-0.0167365377529367,0.0228414646011229,16869,366
4,4,14,-0.00074448886234612,0.0379832802524311,16869,366
4,4,15,0.00860306673290966,0.028335611570869,16869,366
4,4,16,0.0168633655062639,0.0304063112943631,16869,366
4,4,17,-0.0212809936891932,0.0293832333125944,16869,366
4,4,18,-0.0449922687739726,0.0265220042916344,16869,366
4,4,19,-0.062422217470636,0.0273772259595265,16869,366
4,4,20,-0.0520052660312157,0.0341498145194426,16869,366
4,4,21,-0.0588495280180476,0.0415509673140325,16869,366
4,4,22,-0.0398216661347759,0.0318768198012775,16869,366
4,4,23,-0.0454725426752046,0.0291334701294236,16869,366
4,4,24,-0.0381569399692084,0.0331887317231907,16869,366
4,4,25,-0.028619452070935,0.0293167841850211,16869,366
4,4,26,-0.0289555407583626,0.0349119605544626,16869,366
4,4,27,-0.0554766386117377,0.0310125678266553,16869,366
4,4,28,-0.054216137616933,0.0324803597346283,16869,366
4,4,29,-0.0314283472657909,0.0303942710065041,16869,366
4,5,-22,0.00249752727414019,0.0414291728882481,16869,366
4,5,-21,0.0337222823615353,0.0277867300171168,16869,366
4,5,-20,0.0690094431950671,0.0242749270042236,16869,366
4,5,-19,0.0198781595126134,0.024870076818091,16869,366
4,5,-18,-0.00359895987559917,0.0260453677305663,16869,366
4,5,-17,0.00904105194290432,0.0282544464726028,16869,366
4,5,-16,0.0130366780518764,0.0284558421958573,16869,366
4,5,-15,-0.0429329713805649,0.0361120237188608,16869,366
4,5,-14,-0.0104798591111511,0.025054474451291,16869,366
4,5,-13,-0.00475570039659846,0.0275791251270892,16869,366
4,5,-12,0.0156706736359963,0.023939031166568,16869,366
4,5,-11,0.0578622745661685,0.0305037625517776,16869,366
4,5,-10,-0.00560522144270993,0.0338631606898721,16869,366
4,5,-9,0.0521855963229498,0.0359514057060902,16869,366
4,5,-8,0.0677951764652826,0.0297077609733985,16869,366
4,5,-7,0.0199884162901844,0.030913559625838,16869,366
4,5,-6,0.0491222728966569,0.029454166202946,16869,366
4,5,-5,0.0532672495897367,0.0301950742841508,16869,366
4,5,-4,0.0196198615108213,0.0231498293147257,16869,366
4,5,-3,-0.0289201555782217,0.0410109251991638,16869,366
4,5,-2,0.00872971357316002,0.030362948893175,16869,366
4,5,-1,0,0,16869,366
4,5,0,0.0203447339196469,0.0240204411503084,16869,366
4,5,1,0.0391773294712882,0.0234184031888149,16869,366
4,5,2,0.00843274324016135,0.0340181116492373,16869,366
4,5,3,0.0733783116500673,0.0349640804908562,16869,366
4,5,4,0.0932620848498457,0.0339703743706765,16869,366
4,5,5,0.0389289092525105,0.0305127437730588,16869,366
4,5,6,0.0274832907596352,0.0333288809223033,16869,366
4,5,7,0.041624674209897,0.0321448698539844,16869,366
4,5,8,0.00432354286978344,0.0333351445846477,16869,366
4,5,9,-0.0415291304163718,0.0431227361863463,16869,366
4,5,10,-0.0357652438148216,0.029313606800141,16869,366
4,5,11,-0.0180129210053741,0.0247390779704522,16869,366
4,5,12,-0.0225061970751802,0.0271602091472683,16869,366
4,5,13,0.0320512725277913,0.0334407421117286,16869,366
4,5,14,9.5640616254368e-05,0.0314400029031941,16869,366
4,5,15,-0.00999493620605757,0.0306428974360051,16869,366
4,5,16,0.0123081014406048,0.0261682848497524,16869,366
4,5,17,-0.0308326048140035,0.0261374169453154,16869,366
4,5,18,-0.0331079103512375,0.0260115603350388,16869,366
4,5,19,-0.0449206708184135,0.0374180550468457,16869,366
4,5,20,-0.044893511479455,0.0386239393899741,16869,366
4,5,21,-0.0314564063119893,0.0450359228285413,16869,366
4,5,22,-0.0568635604679592,0.0319382269050371,16869,366
4,5,23,-0.0292438365972203,0.0380888240612616,16869,366
4,5,24,-0.00353383965197118,0.0365835578446667,16869,366
4,5,25,0.010854109877111,0.0427472000983115,16869,366
4,5,26,-0.0183375480476606,0.038171200386083,16869,366
4,5,27,-0.017290941129162,0.0392244523623501,16869,366
4,5,28,0.00480168428723901,0.03866471329649,16869,366
4,5,29,-0.0127881943036748,0.0379199341907218,16869,366
