age_group,ai_q,k,coef,se_naive,se,n_obs,n_occ,n_boot
1,1,-22,-0.0292610169723547,0.0595682379937685,0.0225139960595203,20436,393,200
1,1,-21,-0.0225457198763327,0.0479465905788163,0.0254761958445168,20436,393,200
1,1,-20,-0.0203026226279489,0.0406431747986394,0.0260482490515478,20436,393,200
1,1,-19,-0.0228420318652028,0.0388385655930867,0.0264808514974694,20436,393,200
1,1,-18,-0.0232338914304609,0.0411128965510551,0.0298590439703223,20436,393,200
1,1,-17,-0.0326100281379168,0.0489982417271698,0.0313426902859915,20436,393,200
1,1,-16,-0.0301597072238948,0.0499503732563829,0.0320480269407651,20436,393,200
1,1,-15,-0.0301100485835625,0.0444128585559125,0.0305398195255191,20436,393,200
1,1,-14,-0.0215421938184857,0.0257598695598485,0.0300250267141,20436,393,200
1,1,-13,-0.0219552740972923,0.0219344406138535,0.0287124823600825,20436,393,200
1,1,-12,-0.0109604255898637,0.022869908124223,0.014260525583465,20436,393,200
1,1,-11,-0.0109604255898632,0.0268128243270526,0.0142605255834648,20436,393,200
1,1,-10,0.0064540061459942,0.0483787679223685,0.0156441628909566,20436,393,200
1,1,-9,-1.58027247525111e-05,0.0298438410502181,0.010348255275226,20436,393,200
1,1,-8,-0.00225353754770343,0.0218184178770263,0.010116280120599,20436,393,200
1,1,-7,-0.000191701094208512,0.0227444570850344,0.0133817035025351,20436,393,200
1,1,-6,0.000301596368505509,0.0220264865991854,0.013738522753992,20436,393,200
1,1,-5,0.00951263662241926,0.0297883330582432,0.00896670263476376,20436,393,200
1,1,-4,0.00767651504449638,0.0302062929135986,0.00666042928895655,20436,393,200
1,1,-3,0.00790409022725696,0.0259538686285409,0.00445368116014096,20436,393,200
1,1,-2,-0.000490409663688549,0.00895481299069132,0.00310925744337339,20436,393,200
1,1,-1,0,0,0,20436,393,200
1,1,0,-0.000172570667180825,0.0043736616612636,0.0156301322482329,20436,393,200
1,1,1,0.0117637102779401,0.00804152623064324,0.0181200224445058,20436,393,200
1,1,2,0.0276952763748236,0.0214230320515146,0.0393416095276331,20436,393,200
1,1,3,0.00997012087284003,0.0136803983886435,0.0358121769185349,20436,393,200
1,1,4,0.00321043739538096,0.0138256254350485,0.0298351938943745,20436,393,200
1,1,5,0.0041070739138676,0.0131489806684045,0.0291179089251564,20436,393,200
1,1,6,-0.00487209033961049,0.0122473055772533,0.0307272413016166,20436,393,200
1,1,7,-0.00620267273822909,0.0154052757980242,0.0295337283300271,20436,393,200
1,1,8,-0.00350384735338814,0.0178385270570458,0.0328460269361824,20436,393,200
1,1,9,0.00757943259368396,0.0188991057232988,0.0354703166774982,20436,393,200
1,1,10,-0.00126854421881097,0.023782834256227,0.0329228000512821,20436,393,200
1,1,11,-0.00248972877143561,0.0217783272700778,0.0289425100997246,20436,393,200
1,1,12,0.00486125683775493,0.0219765928383954,0.0427285727771394,20436,393,200
1,1,13,0.0048958696533643,0.0207635032055159,0.0452359459669357,20436,393,200
1,1,14,0.0322500552663414,0.0220189157675827,0.0650223397788951,20436,393,200
1,1,15,0.0126010512091967,0.027354297355389,0.0604116363716414,20436,393,200
1,1,16,-0.00400942566096804,0.027261877481586,0.0495132748623952,20436,393,200
1,1,17,-0.00196732837753244,0.0243274710581664,0.0453886885075041,20436,393,200
1,1,18,-0.00379161543301564,0.0228301864535797,0.046099531924669,20436,393,200
1,1,19,-0.00153743563463194,0.0186903209086925,0.0438113373619502,20436,393,200
1,1,20,0.00123935835626215,0.0226971128620989,0.0492054864848074,20436,393,200
1,1,21,-0.000817851417408817,0.0250879549272333,0.0492263304967368,20436,393,200
1,1,22,-0.0150518283506748,0.0339562540432386,0.0463879964639518,20436,393,200
1,1,23,-0.0183727344522924,0.0324848110116576,0.0421400672472272,20436,393,200
1,1,24,-0.0145573753131824,0.0316001210079654,0.0544046780457076,20436,393,200
1,1,25,-0.0140266988804281,0.0285411404183884,0.0556600977134962,20436,393,200
1,1,26,0.0226835766867883,0.0292205322635226,0.0764228931573784,20436,393,200
1,1,27,-0.0100165329759378,0.0354313282844477,0.0702791675088526,20436,393,200
1,1,28,-0.0173929631381342,0.034780256511564,0.0602690848626179,20436,393,200
1,1,29,-0.0179952957125156,0.0338895806799309,0.0589400438678126,20436,393,200
1,2,-22,-0.0512692990530121,0.0986770907009798,0.0392621527401122,20436,393,200
1,2,-21,-0.0515042524546972,0.100169768109923,0.0452356494746527,20436,393,200
1,2,-20,-0.0568819279857717,0.0987782848226834,0.0537924062662868,20436,393,200
1,2,-19,-0.067551141282823,0.102407951824828,0.0607511835301572,20436,393,200
1,2,-18,-0.0668148773889177,0.0977124794794595,0.0626214820598515,20436,393,200
1,2,-17,-0.0572497218419655,0.0714016508939581,0.050360145895243,20436,393,200
1,2,-16,-0.0394796247347643,0.0569649200680582,0.0417493970681286,20436,393,200
1,2,-15,-0.0329265619674634,0.0484576992042179,0.0381123737269992,20436,393,200
1,2,-14,-0.0234793919461549,0.0294236013921136,0.0364257389349127,20436,393,200
1,2,-13,-0.0165537983667552,0.0262097726802375,0.0343108431793879,20436,393,200
1,2,-12,-0.00827509885527954,0.0309462589990699,0.0170591039516914,20436,393,200
1,2,-11,-0.00827509885527908,0.0351565527520797,0.0170591039516914,20436,393,200
1,2,-10,0.0316826194664146,0.0607246900092668,0.0206663449524163,20436,393,200
1,2,-9,0.0313505352978826,0.048785855945088,0.0201695673015945,20436,393,200
1,2,-8,0.0353769704351493,0.034700248181125,0.0255941675314182,20436,393,200
1,2,-7,0.0431371271840367,0.0300312226911042,0.0313632443438952,20436,393,200
1,2,-6,0.0431697301432953,0.0262765040520794,0.0317478125170232,20436,393,200
1,2,-5,0.036850487332166,0.0321482754043836,0.0196404848201698,20436,393,200
1,2,-4,0.0216645693747516,0.0354464861241493,0.00981356586054145,20436,393,200
1,2,-3,0.0158786819063874,0.0340144868946277,0.00555572878682298,20436,393,200
1,2,-2,0.00670012594359212,0.0118916723654253,0.0035963401080011,20436,393,200
1,2,-1,0,0,0,20436,393,200
1,2,0,-0.0132839614540315,0.00686304708930086,0.0210870706708919,20436,393,200
1,2,1,0.0280509288410609,0.0243225174334983,0.0223493630202381,20436,393,200
1,2,2,0.090347894132079,0.0285891586621024,0.0581530232136514,20436,393,200
1,2,3,0.0820558963721773,0.0232088906770584,0.057148445376067,20436,393,200
1,2,4,0.0734501260684915,0.0240070287060927,0.0487618353801515,20436,393,200
1,2,5,0.0627665350472532,0.0247962890755923,0.0457874292476559,20436,393,200
1,2,6,0.0545093642877406,0.0222362938090364,0.0460895837707303,20436,393,200
1,2,7,0.0358495677869513,0.0258446671491186,0.0365665319930102,20436,393,200
1,2,8,0.0289388808110779,0.0323761733841778,0.0350662216194704,20436,393,200
1,2,9,0.0225995786173937,0.0290012103074832,0.0370795424280915,20436,393,200
1,2,10,0.0173860132420559,0.0284948025465008,0.0345396548487786,20436,393,200
1,2,11,0.00987607247768826,0.0246302382875386,0.0305282012096838,20436,393,200
1,2,12,-0.00283883390988343,0.026568081917793,0.0442198059359844,20436,393,200
1,2,13,0.0177499807698036,0.0310889083824686,0.0477019213405328,20436,393,200
1,2,14,0.108150891802793,0.0358562572345205,0.0844481534569159,20436,393,200
1,2,15,0.0876219948987549,0.0384342992600151,0.078627268662707,20436,393,200
1,2,16,0.0740005301480777,0.0407986320812991,0.0678633466050274,20436,393,200
1,2,17,0.0716623642790029,0.038674160968574,0.0631739601094874,20436,393,200
1,2,18,0.073286731505124,0.0381110732240468,0.061595489114472,20436,393,200
1,2,19,0.0533486815433603,0.0376447082697345,0.0539323964029909,20436,393,200
1,2,20,0.0517734535963017,0.0446316028837516,0.0562327607380907,20436,393,200
1,2,21,0.0331768736780123,0.0380113603884651,0.0532027100457734,20436,393,200
1,2,22,0.0178307478847279,0.0453960953086595,0.0529209551657732,20436,393,200
1,2,23,0.0153133401956082,0.0417698774264475,0.0485203969881019,20436,393,200
1,2,24,0.0024288088709843,0.0427558839184743,0.0610440488902986,20436,393,200
1,2,25,0.0110933326947063,0.0438229281321618,0.0625968327945396,20436,393,200
1,2,26,0.122080202407641,0.0475714815053923,0.0986826622010354,20436,393,200
1,2,27,0.087819509877078,0.0499195356243919,0.0949652313348962,20436,393,200
1,2,28,0.0763899779863514,0.0506282224543377,0.0856667676941305,20436,393,200
1,2,29,0.0739863734075271,0.0513512219748156,0.0819188091856634,20436,393,200
1,4,-22,-0.0575996033179455,0.0787102179073651,0.0283344567178884,20436,393,200
1,4,-21,-0.0532146833111347,0.0652533394909032,0.0318781876220363,20436,393,200
1,4,-20,-0.0536131561873241,0.0596849607886704,0.0335206374675764,20436,393,200
1,4,-19,-0.0467950569105732,0.0600545392819559,0.0356854697309165,20436,393,200
1,4,-18,-0.0542870693100617,0.0595769849151561,0.0386488718336243,20436,393,200
1,4,-17,-0.0719568392684278,0.0572296812667223,0.0401583283254467,20436,393,200
1,4,-16,-0.0710458767085827,0.0543420856469038,0.0375425745169987,20436,393,200
1,4,-15,-0.0805015996709573,0.0489694536535415,0.0360225869312046,20436,393,200
1,4,-14,-0.0653751188315454,0.0302301431843667,0.03578365993902,20436,393,200
1,4,-13,-0.0671900018200744,0.0303910986423357,0.0348650313658322,20436,393,200
1,4,-12,-0.0331624772932788,0.0312366234046763,0.017176559287219,20436,393,200
1,4,-11,-0.0331624772932806,0.0333118761387675,0.0171765592872189,20436,393,200
1,4,-10,-0.010045868068583,0.0616258948271405,0.0165636402980228,20436,393,200
1,4,-9,-0.0143730102173859,0.0392442693468425,0.0115806884622082,20436,393,200
1,4,-8,-0.0143040256781948,0.0298410035410296,0.0108730912085308,20436,393,200
1,4,-7,-0.0208272565382763,0.0282216702247026,0.0145017952737387,20436,393,200
1,4,-6,-0.013940942749284,0.0259903400845406,0.0136406352993524,20436,393,200
1,4,-5,0.00292778923860075,0.0343796536016822,0.010701728428346,20436,393,200
1,4,-4,0.00295255799960465,0.0371452765296886,0.00726424009959981,20436,393,200
1,4,-3,0.0122139678119039,0.0306585249703066,0.00565318671995154,20436,393,200
1,4,-2,-0.00195799124163311,0.0107415735286122,0.00318989424567561,20436,393,200
1,4,-1,0,0,0,20436,393,200
1,4,0,0.0377969129430259,0.00602901345144791,0.0169979194477295,20436,393,200
1,4,1,0.039133344952813,0.00782173887531754,0.0194370141819599,20436,393,200
1,4,2,0.0629731988580145,0.0299461188128964,0.0426958409897351,20436,393,200
1,4,3,0.0584729599877446,0.0110599450474472,0.0416096639764361,20436,393,200
1,4,4,0.0576047581673804,0.0100585058680032,0.0358311244006324,20436,393,200
1,4,5,0.0486669786905743,0.00953197857336473,0.036789493779011,20436,393,200
1,4,6,0.0430263848420659,0.0103062327606707,0.0372428277053277,20436,393,200
1,4,7,0.055552776838744,0.0236169462230041,0.0343099151175041,20436,393,200
1,4,8,0.0466599948545556,0.031049779919771,0.0348945016916584,20436,393,200
1,4,9,0.038926650212538,0.0303708260851844,0.0363740785509062,20436,393,200
1,4,10,0.0286059078184151,0.0281916477882984,0.0334380953324786,20436,393,200
1,4,11,0.0239960521883659,0.0231950253545791,0.0295197267091953,20436,393,200
1,4,12,0.055303214376442,0.0222673308139304,0.0445311859767364,20436,393,200
1,4,13,0.0426843370523784,0.0203125965002602,0.0464765927299141,20436,393,200
1,4,14,0.0888414332405869,0.0182558442119922,0.0742205799809467,20436,393,200
1,4,15,0.0662319578324172,0.0246432534927978,0.0660450223406058,20436,393,200
1,4,16,0.0562382907124374,0.0234862245815308,0.0552032369644081,20436,393,200
1,4,17,0.0513012990284357,0.0210128259647454,0.0533040525043548,20436,393,200
1,4,18,0.0455565677957689,0.0199332349415173,0.0518349413050706,20436,393,200
1,4,19,0.0634905881206527,0.0254203954028852,0.0479715644410309,20436,393,200
1,4,20,0.0411063900115474,0.0343180888406401,0.0513996708050734,20436,393,200
1,4,21,0.0244838659433643,0.0366599091351473,0.0499273215783595,20436,393,200
1,4,22,0.0076541791932174,0.0382220973981081,0.0463951031795026,20436,393,200
1,4,23,0.00430036747471491,0.0330632501687804,0.0419038826127345,20436,393,200
1,4,24,0.0321202093124623,0.0306547080839685,0.0542613038507325,20436,393,200
1,4,25,0.0260372049748528,0.0270579213912122,0.0555359125345865,20436,393,200
1,4,26,0.0784216507103193,0.0235990369553727,0.0850029451186845,20436,393,200
1,4,27,0.0429279581679756,0.0310482105474063,0.0762563161957,20436,393,200
1,4,28,0.0395944163567898,0.0311824455180048,0.0661569902404476,20436,393,200
1,4,29,0.0305968994095756,0.030752986243015,0.0660609856449702,20436,393,200
1,5,-22,-0.0687851181049645,0.0614566110938437,0.0261713272683689,20436,393,200
1,5,-21,-0.0648296430237143,0.0492824541920799,0.0281859917366236,20436,393,200
1,5,-20,-0.0611587719506747,0.0415728929103211,0.0286282311689085,20436,393,200
1,5,-19,-0.0546018268401831,0.0405364891457052,0.0280479167699729,20436,393,200
1,5,-18,-0.0599133710066284,0.0440882912833064,0.0310340799950649,20436,393,200
1,5,-17,-0.0741731876082603,0.0549334385405297,0.0340595946849222,20436,393,200
1,5,-16,-0.0775470250055028,0.0555519738700675,0.03486730250513,20436,393,200
1,5,-15,-0.0806481962291402,0.0480187102425463,0.0345791493510536,20436,393,200
1,5,-14,-0.0799817595352723,0.0305230184906211,0.0335904685510479,20436,393,200
1,5,-13,-0.0789826006724844,0.0263849713448304,0.0324938392252754,20436,393,200
1,5,-12,-0.0388664951349845,0.0273432954997361,0.0160029973128592,20436,393,200
1,5,-11,-0.0388664951349873,0.0317290687182827,0.0160029973128591,20436,393,200
1,5,-10,-0.0107130021555844,0.0488753740749614,0.0161897749973194,20436,393,200
1,5,-9,-0.0146754908278002,0.0304547616494208,0.0113968408926787,20436,393,200
1,5,-8,-0.0183457975915253,0.0234401329185808,0.00840266601209943,20436,393,200
1,5,-7,-0.0246569104975661,0.0255519921706517,0.0117057606509364,20436,393,200
1,5,-6,-0.0197142681276535,0.0257905202490573,0.0113114922474038,20436,393,200
1,5,-5,-0.00591189915116141,0.0333660005858321,0.00796844899881477,20436,393,200
1,5,-4,-0.00201970502909527,0.0319428578881673,0.00593692258323644,20436,393,200
1,5,-3,0.00139708322528702,0.0240397496554973,0.00404637263591646,20436,393,200
1,5,-2,0.000621321025026107,0.00719432182017668,0.00369487064308413,20436,393,200
1,5,-1,0,0,0,20436,393,200
1,5,0,0.0435824060344413,0.00575009563429831,0.017165807416137,20436,393,200
1,5,1,0.0451548561734195,0.00858564187024506,0.0199285174555269,20436,393,200
1,5,2,0.0730185276281298,0.0181834083100964,0.0408037287909311,20436,393,200
1,5,3,0.0590916501775878,0.0103569565525467,0.0364337606247509,20436,393,200
1,5,4,0.0562772624773546,0.0112314829601277,0.0311128483787413,20436,393,200
1,5,5,0.0416706941251072,0.0115129608845909,0.0306370438261885,20436,393,200
1,5,6,0.0344227735407595,0.0113289821386494,0.0326380498973763,20436,393,200
1,5,7,0.0401572667331804,0.0158428319084687,0.0320234657072028,20436,393,200
1,5,8,0.0384744634712035,0.0158953728176761,0.0343735281027705,20436,393,200
1,5,9,0.0304513861340866,0.0162147457355895,0.036242542145661,20436,393,200
1,5,10,0.0283869075079713,0.0255111132046895,0.0340510993142411,20436,393,200
1,5,11,0.0310079316078509,0.025390428993627,0.0300173298113385,20436,393,200
1,5,12,0.0674410157478134,0.024672368319367,0.0441611626197778,20436,393,200
1,5,13,0.060664385049557,0.0227951221663877,0.0471035739577396,20436,393,200
1,5,14,0.0817826246506092,0.0220284415887473,0.0667432795453435,20436,393,200
1,5,15,0.0708111839243762,0.0281494126310055,0.0620927063368141,20436,393,200
1,5,16,0.0530851563626081,0.0273421637110046,0.0519775535124791,20436,393,200
1,5,17,0.0385457754464259,0.0248040867450057,0.0489134142011323,20436,393,200
1,5,18,0.038678270205144,0.0232988268477155,0.0494137829821847,20436,393,200
1,5,19,0.0487417487077627,0.0222526873083322,0.0474323935262314,20436,393,200
1,5,20,0.0322808999958066,0.022590670466525,0.0518260378633936,20436,393,200
1,5,21,0.0165815127639301,0.0256669561143168,0.0513974887704458,20436,393,200
1,5,22,-0.0128832497896377,0.036796801037015,0.0478649401038034,20436,393,200
1,5,23,7.49965068114686e-05,0.0361725283410095,0.0441178138712492,20436,393,200
1,5,24,0.0375680024182077,0.0349825903081712,0.0559606373200528,20436,393,200
1,5,25,0.0343945681482266,0.0305289976094057,0.0574307469067846,20436,393,200
1,5,26,0.0621308582714439,0.0295930692182802,0.0789372390502372,20436,393,200
1,5,27,0.0401224267689093,0.0357194876411741,0.0724817529072569,20436,393,200
1,5,28,0.0197870514245949,0.0359029871290168,0.0633096764278482,20436,393,200
1,5,29,0.00551309921206453,0.0357530236940749,0.0631872921975887,20436,393,200
2,1,-22,-0.00466319223895644,0.0265909692330093,0.012975955022034,20280,390,200
2,1,-21,0.00150833168605109,0.0261730703241386,0.0135109509889367,20280,390,200
2,1,-20,-0.00128588080482957,0.0247217147882738,0.0142759641104431,20280,390,200
2,1,-19,-0.0122801634455203,0.0253294770632448,0.0161293108378824,20280,390,200
2,1,-18,-0.010466276974148,0.0246871129813842,0.0174103972608903,20280,390,200
2,1,-17,-0.0104225477250427,0.0229957265389289,0.0163229936456312,20280,390,200
2,1,-16,-0.00435710961934779,0.021886696417695,0.0137114077791497,20280,390,200
2,1,-15,-0.00281515074915153,0.0191708047735397,0.0132376872974969,20280,390,200
2,1,-14,0.00285397085848345,0.0146956167082329,0.0127437176234658,20280,390,200
2,1,-13,0.00137300170497315,0.0124808654022417,0.0130434090316724,20280,390,200
2,1,-12,0.000675560717326742,0.0125424590023403,0.0064169962711861,20280,390,200
2,1,-11,0.000675560717329233,0.0133904629502481,0.00641699627118617,20280,390,200
2,1,-10,0.00572253183049573,0.0203871372867411,0.00902593455923251,20280,390,200
2,1,-9,-0.000107023432422797,0.0141194414865288,0.00760743024221595,20280,390,200
2,1,-8,0.00249725523916399,0.0114821458792873,0.00874700876241856,20280,390,200
2,1,-7,0.0124094612410292,0.0108959466294307,0.010480795905697,20280,390,200
2,1,-6,0.0108647869182933,0.00808927964011426,0.0106404512936917,20280,390,200
2,1,-5,0.0109290509992351,0.0109527985674486,0.00774160717112913,20280,390,200
2,1,-4,0.00541851496458452,0.0122875773007902,0.00512274170399412,20280,390,200
2,1,-3,0.0040125578703433,0.00863450506427371,0.00318525013184952,20280,390,200
2,1,-2,-0.00141960003531361,0.00508706334737798,0.00215785520663758,20280,390,200
2,1,-1,0,0,0,20280,390,200
2,1,0,-0.00430614502249778,0.00339461900146973,0.0072583791610539,20280,390,200
2,1,1,0.00407659548394661,0.00616074726694619,0.00836468139473662,20280,390,200
2,1,2,0.00935881940061174,0.0120186761351536,0.0152681081246601,20280,390,200
2,1,3,0.00274718996895129,0.00933322260718712,0.0146325726721767,20280,390,200
2,1,4,0.000990576716962298,0.00931491042699963,0.0126156528120817,20280,390,200
2,1,5,0.0107697178886255,0.0104518956784285,0.0150117328092975,20280,390,200
2,1,6,0.00159917733946168,0.0105866117639825,0.0136948446429136,20280,390,200
2,1,7,-0.00256086588170401,0.0105972067130881,0.0120309125539645,20280,390,200
2,1,8,-0.00568221700535835,0.0133360138171206,0.0130875273538302,20280,390,200
2,1,9,-0.00570002188181726,0.0126847133317475,0.0119053735987309,20280,390,200
2,1,10,-0.0139669696904528,0.0109920273291845,0.0128691154231932,20280,390,200
2,1,11,-0.0110970208433223,0.0119284702932332,0.0133571324717952,20280,390,200
2,1,12,-0.0170870082998036,0.0135198543766034,0.0181297998344222,20280,390,200
2,1,13,-0.023036722015337,0.0150912171854158,0.0187604891924949,20280,390,200
2,1,14,-0.00406610283876158,0.0198772344053052,0.0216487013009774,20280,390,200
2,1,15,-0.0200773811936352,0.0205403243401735,0.0232565182012259,20280,390,200
2,1,16,-0.0247726322935228,0.0210089966460076,0.0218329131002598,20280,390,200
2,1,17,-0.0153153209900557,0.0195969867793112,0.0223226377941543,20280,390,200
2,1,18,-0.0159231575899517,0.0188731001950043,0.0210108362126621,20280,390,200
2,1,19,-0.0256177349452822,0.0171566190080987,0.0220269549443958,20280,390,200
2,1,20,-0.0127755434497607,0.019475186562579,0.0226091116487781,20280,390,200
2,1,21,-0.0183582443964647,0.0199388486250604,0.0211344690838264,20280,390,200
2,1,22,-0.0316510817907033,0.0188343505232746,0.0200024542594294,20280,390,200
2,1,23,-0.0337349880532135,0.0206019654527223,0.0212207149900257,20280,390,200
2,1,24,-0.0456834323522444,0.0212136143172976,0.0247962674761683,20280,390,200
2,1,25,-0.0510412989412934,0.0224273163231221,0.0268562388280356,20280,390,200
2,1,26,-0.0302415034132073,0.025775206629538,0.027591468308587,20280,390,200
2,1,27,-0.0489092465904104,0.0259038168974877,0.0271291189260189,20280,390,200
2,1,28,-0.0440327688326189,0.0263804347902026,0.0263477948411275,20280,390,200
2,1,29,-0.033997592566309,0.026217312854624,0.0271717653106282,20280,390,200
2,2,-22,-0.00717724764208717,0.0575652573506268,0.0220066360434831,20280,390,200
2,2,-21,-0.00563351541791235,0.0569531916832986,0.023902810587642,20280,390,200
2,2,-20,-0.0105540112314555,0.0569988545459243,0.0284743034894638,20280,390,200
2,2,-19,-0.0238006102313966,0.0609149188713211,0.033800625221885,20280,390,200
2,2,-18,-0.0215115592467251,0.0549104667702071,0.0330109791962569,20280,390,200
2,2,-17,-0.0124765010177621,0.0328836970452157,0.0233816828067885,20280,390,200
2,2,-16,-0.000952216861028688,0.0282853470001381,0.0180872552570848,20280,390,200
2,2,-15,0.00473662851728629,0.0233768090233031,0.0160183535952747,20280,390,200
2,2,-14,0.009093968764328,0.0161292209783107,0.014353103905168,20280,390,200
2,2,-13,0.0135852020778187,0.0139601281651595,0.013721756496542,20280,390,200
2,2,-12,0.00670508774022562,0.0162357987988906,0.00678426055970561,20280,390,200
2,2,-11,0.00670508774022822,0.0163630037078664,0.00678426055970558,20280,390,200
2,2,-10,0.0197208103864264,0.033581858179409,0.0130784771660248,20280,390,200
2,2,-9,0.0181537761094425,0.025896716794167,0.0137439342419668,20280,390,200
2,2,-8,0.0225016550682926,0.0180455347956155,0.0170731627306009,20280,390,200
2,2,-7,0.0338820096207488,0.0145320259180464,0.02094003709421,20280,390,200
2,2,-6,0.0320962942834249,0.0107007056650712,0.0201985876408465,20280,390,200
2,2,-5,0.0242908253319074,0.0113226629936149,0.0116615596026485,20280,390,200
2,2,-4,0.0139032787653252,0.0144495142394129,0.00692540917541692,20280,390,200
2,2,-3,0.00858966625095946,0.0143332338501871,0.00558589015662634,20280,390,200
2,2,-2,0.00440702445229325,0.00653643356924311,0.0024969458213905,20280,390,200
2,2,-1,0,0,0,20280,390,200
2,2,0,-0.0155796344651842,0.00419438355653746,0.0105976833641938,20280,390,200
2,2,1,0.00311974566137174,0.0113805932760128,0.00909092857159259,20280,390,200
2,2,2,0.0261522021836751,0.0220598928023671,0.0294791867313701,20280,390,200
2,2,3,0.0254271099587616,0.0165319409076745,0.0321738500788353,20280,390,200
2,2,4,0.0182052369306537,0.0150406637182536,0.0289875890653194,20280,390,200
2,2,5,0.0220044462039943,0.0165157184439774,0.029603587920447,20280,390,200
2,2,6,0.0152871801512618,0.0154165740342608,0.027542689529994,20280,390,200
2,2,7,0.00586198963599843,0.0182143819542311,0.0210937865987736,20280,390,200
2,2,8,0.00249760688556029,0.0242672878902525,0.0160544930954117,20280,390,200
2,2,9,-0.00490521376044704,0.0245807103020066,0.0145902270584991,20280,390,200
2,2,10,-0.00506750842477848,0.0204027454452088,0.0173546721611796,20280,390,200
2,2,11,-0.0123504577622268,0.0185673696655401,0.018947556949207,20280,390,200
2,2,12,-0.0231070729606989,0.0198184289246232,0.0241619113929293,20280,390,200
2,2,13,-0.0254577898090666,0.0244370351156861,0.0260777066008483,20280,390,200
2,2,14,0.0172677027173309,0.037630207205898,0.0485016368502033,20280,390,200
2,2,15,0.00543186148927517,0.0308564709523926,0.0496727792625316,20280,390,200
2,2,16,-0.00162499187321158,0.0330717440096437,0.050319858629433,20280,390,200
2,2,17,0.0113990929283023,0.0347822087567568,0.0510951692331528,20280,390,200
2,2,18,0.0116981434952634,0.0353050165285184,0.0478440117074954,20280,390,200
2,2,19,0.000447141037914468,0.0387412727650751,0.0433736844837703,20280,390,200
2,2,20,0.000956031621940946,0.0448608479634184,0.0390797561246553,20280,390,200
2,2,21,-0.00960827521267096,0.0416775894015937,0.0334926027714846,20280,390,200
2,2,22,-0.01582068866829,0.0423503665804644,0.0416510517564246,20280,390,200
2,2,23,-0.0178492024517515,0.0398910843091296,0.0417918391883994,20280,390,200
2,2,24,-0.0424354702784045,0.0388272972462652,0.0443986872019949,20280,390,200
2,2,25,-0.0448063604467956,0.0424428496116202,0.046996335944807,20280,390,200
2,2,26,0.00883473956929475,0.0514168941501122,0.0649196656422086,20280,390,200
2,2,27,-0.013718640128111,0.0461504319132952,0.068035422971729,20280,390,200
2,2,28,-0.0143280198410724,0.0465354793766569,0.067780519574338,20280,390,200
2,2,29,-0.00239477093418435,0.0487053434713201,0.0668569990772124,20280,390,200
2,4,-22,-0.0161737855258073,0.0260578510357997,0.0114704131719931,20280,390,200
2,4,-21,-0.010780825516583,0.0232369206609798,0.0121685962177985,20280,390,200
2,4,-20,-0.00707285373623631,0.0226142567396694,0.0131072499202182,20280,390,200
2,4,-19,-0.00677749556593879,0.0232573538298998,0.0151341473394122,20280,390,200
2,4,-18,-0.00914031706825979,0.0226944238167091,0.0160397402052084,20280,390,200
2,4,-17,-0.0142185142181813,0.021551025607961,0.0151475807176232,20280,390,200
2,4,-16,-0.0152239746185348,0.0188463155998559,0.0132733255053304,20280,390,200
2,4,-15,-0.0225196491759583,0.0172446356643738,0.012758979223877,20280,390,200
2,4,-14,-0.01887667491108,0.0128679252432985,0.0120487235733048,20280,390,200
2,4,-13,-0.0195845380616237,0.0114780391122716,0.0115687546522838,20280,390,200
2,4,-12,-0.00958493257435577,0.0119467693523722,0.00564699429856924,20280,390,200
2,4,-11,-0.00958493257435611,0.0116966395502245,0.00564699429856938,20280,390,200
2,4,-10,-0.00336372914714416,0.0199494735769461,0.00735026217780299,20280,390,200
2,4,-9,-0.00846331768753554,0.0119550424139459,0.00563331859573204,20280,390,200
2,4,-8,-0.0119281320728742,0.00933610506982993,0.00593282339745403,20280,390,200
2,4,-7,-0.0121661323422494,0.00819352217333554,0.00755580717662928,20280,390,200
2,4,-6,-0.00999606943901889,0.00628189536538231,0.00760643434192493,20280,390,200
2,4,-5,-0.00527734419680497,0.0119627341548447,0.00665225447848765,20280,390,200
2,4,-4,-0.00427363404503091,0.0101518821744241,0.00407577861293384,20280,390,200
2,4,-3,0.00266722157035527,0.00715016832822006,0.00293357122083029,20280,390,200
2,4,-2,-0.000747820233086387,0.00346922929568942,0.00240625184055335,20280,390,200
2,4,-1,0,0,0,20280,390,200
2,4,0,0.0153069291283516,0.00349647408024913,0.00619167583371692,20280,390,200
2,4,1,0.0202799350059617,0.00535423472367789,0.00667166855689766,20280,390,200
2,4,2,0.0283435093516475,0.0110245024851374,0.0135836220308567,20280,390,200
2,4,3,0.0238741127613063,0.00658218490156402,0.0129002497779526,20280,390,200
2,4,4,0.0240550979362572,0.00739675783346452,0.0103966524366576,20280,390,200
2,4,5,0.0271634491291623,0.00753548225228945,0.0112960671676444,20280,390,200
2,4,6,0.0261931923145168,0.00721905142650467,0.0114280259032133,20280,390,200
2,4,7,0.0407465349779287,0.010605387781278,0.011321481610445,20280,390,200
2,4,8,0.0229513667911394,0.0103438752847857,0.00992152994296707,20280,390,200
2,4,9,0.0226613412506672,0.00881451299147,0.00931545831932993,20280,390,200
2,4,10,0.0249747928789142,0.00951834341360352,0.0103793173143135,20280,390,200
2,4,11,0.0265211917522568,0.010035741614589,0.0101896083379957,20280,390,200
2,4,12,0.0391151722435143,0.0107073945896808,0.0154220222808094,20280,390,200
2,4,13,0.0300092377467153,0.0117050280130109,0.0154218570314307,20280,390,200
2,4,14,0.0406813016623357,0.0138444704071396,0.021647469233243,20280,390,200
2,4,15,0.0293414931354075,0.0155212891913927,0.0200020661932295,20280,390,200
2,4,16,0.0306626543856647,0.0158787303311573,0.0184371790462633,20280,390,200
2,4,17,0.0341175102444031,0.0141472972561127,0.0169696605064327,20280,390,200
2,4,18,0.0353120910128351,0.0141601414960336,0.0155872457143606,20280,390,200
2,4,19,0.0585701305555902,0.0155210740029737,0.017228682933262,20280,390,200
2,4,20,0.0376955601707129,0.0169818220952057,0.0177325723605702,20280,390,200
2,4,21,0.033392724679901,0.0161204008559492,0.0173354945926148,20280,390,200
2,4,22,0.0337798811665644,0.0171036199309817,0.0176893570000557,20280,390,200
2,4,23,0.0367475971570664,0.0176130670896572,0.0171208081755504,20280,390,200
2,4,24,0.0446660534158687,0.0175132921191986,0.0215248825003461,20280,390,200
2,4,25,0.0375896158200193,0.0179831017663529,0.0216104866764929,20280,390,200
2,4,26,0.0500607464824722,0.021247948376241,0.0278328625557692,20280,390,200
2,4,27,0.0361708637171451,0.0214758250652463,0.0249521107161461,20280,390,200
2,4,28,0.039543319878944,0.0217751414342082,0.0248365419276744,20280,390,200
2,4,29,0.0378676406198786,0.0218898069750082,0.0245520992753181,20280,390,200
2,5,-22,-0.0221118281941082,0.0222270006152941,0.0121847960827239,20280,390,200
2,5,-21,-0.0176330509529135,0.0208661330683051,0.0128366601525404,20280,390,200
2,5,-20,-0.0173412622034035,0.0196842702546062,0.0142856735274804,20280,390,200
2,5,-19,-0.0142091998152055,0.0197866452610366,0.0149987027968718,20280,390,200
2,5,-18,-0.0153312207772075,0.0202220613520655,0.015984557546315,20280,390,200
2,5,-17,-0.0238260920165693,0.0218635863967563,0.0158830298403772,20280,390,200
2,5,-16,-0.027980302590912,0.0193745305072684,0.0149501120870529,20280,390,200
2,5,-15,-0.0313145189214692,0.0173884174576181,0.0144774217035106,20280,390,200
2,5,-14,-0.0308995108695071,0.0145380594213524,0.0140888274660186,20280,390,200
2,5,-13,-0.028332476958191,0.0131231184240992,0.0141888164494962,20280,390,200
2,5,-12,-0.0138353270094164,0.0130881128465043,0.00690881856147021,20280,390,200
2,5,-11,-0.0138353270094148,0.013135427070027,0.00690881856147042,20280,390,200
2,5,-10,-0.00603340320458543,0.0166796365448742,0.00861912549528712,20280,390,200
2,5,-9,-0.0102824353967344,0.0112502812549369,0.00635722812146629,20280,390,200
2,5,-8,-0.0105840178029999,0.00809902478080563,0.00532010877893105,20280,390,200
2,5,-7,-0.0134926304662275,0.00930118639222764,0.00679006215052893,20280,390,200
2,5,-6,-0.0124546499482433,0.00746769428520337,0.00634391465078758,20280,390,200
2,5,-5,-0.00459511520721967,0.0105313495966197,0.00562826270862308,20280,390,200
2,5,-4,-0.000621309316752659,0.00882179833555178,0.00384648304567135,20280,390,200
2,5,-3,0.00264900523464404,0.0062882048695405,0.00307863911761564,20280,390,200
2,5,-2,0.00227233913883699,0.00628644103049375,0.00353796947589051,20280,390,200
2,5,-1,0,0,0,20280,390,200
2,5,0,0.0222888464262523,0.00551311799796363,0.00699373303929348,20280,390,200
2,5,1,0.0265383616296457,0.00707309539298204,0.00761068911226908,20280,390,200
2,5,2,0.0311288772726188,0.00919054891566812,0.0145101575574484,20280,390,200
2,5,3,0.0266219285914327,0.00891681748285906,0.0127283041959777,20280,390,200
2,5,4,0.0262889768401187,0.00904981492005481,0.0119364732512382,20280,390,200
2,5,5,0.0241830345341731,0.00983894978874229,0.0125908644599743,20280,390,200
2,5,6,0.0223119831122112,0.00917352505692025,0.0125233379343496,20280,390,200
2,5,7,0.0309730456096104,0.0122622985775122,0.0123586230395848,20280,390,200
2,5,8,0.0272703931806812,0.012542500435378,0.0121200143558617,20280,390,200
2,5,9,0.0244652940472466,0.0105877583900048,0.0115148438677226,20280,390,200
2,5,10,0.0235660818825886,0.0113962207226892,0.0122461055549764,20280,390,200
2,5,11,0.0330041778277523,0.0123307583894109,0.0132463748929862,20280,390,200
2,5,12,0.049374314397475,0.0128269309276951,0.0163763729225158,20280,390,200
2,5,13,0.0424510116939114,0.013097288974329,0.017303039836908,20280,390,200
2,5,14,0.0455366078596166,0.0161484994123431,0.0213252872414694,20280,390,200
2,5,15,0.0410505385785365,0.0173927894565635,0.0212590569509681,20280,390,200
2,5,16,0.0376021712448542,0.0179344424093665,0.0200829252535929,20280,390,200
2,5,17,0.0352859719958398,0.0163602092949755,0.0183343175221822,20280,390,200
2,5,18,0.0301974314313976,0.0155613056141207,0.0180231390790151,20280,390,200
2,5,19,0.0540022128283813,0.0172869068747984,0.0187718738051164,20280,390,200
2,5,20,0.0390432544499692,0.0187313471417523,0.0197777916710296,20280,390,200
2,5,21,0.0344947829906397,0.018397730875012,0.020208271552576,20280,390,200
2,5,22,0.0247557789247605,0.0191379244262594,0.0192335637231012,20280,390,200
2,5,23,0.0406633791407852,0.0195874185269801,0.0198217364461478,20280,390,200
2,5,24,0.0553996196768862,0.0190940824487821,0.0228622762023216,20280,390,200
2,5,25,0.05269618176085,0.0191907763705221,0.0238479514259644,20280,390,200
2,5,26,0.0519097464266165,0.0230661173741525,0.0275132550957341,20280,390,200
2,5,27,0.0457966219558129,0.0228799697102724,0.0257482644464777,20280,390,200
2,5,28,0.0477967101257677,0.0232612782350087,0.0255426225620307,20280,390,200
2,5,29,0.0418935229736584,0.023618484996758,0.0258126912959217,20280,390,200
3,1,-22,-0.0311924526147701,0.0258919763614141,0.012255584809863,20332,391,200
3,1,-21,-0.0283141329190759,0.0251923116055608,0.0130300569954309,20332,391,200
3,1,-20,-0.0349454036314605,0.0240644954651048,0.0135015975258178,20332,391,200
3,1,-19,-0.0429967059418018,0.0247699161010441,0.0149333009345484,20332,391,200
3,1,-18,-0.0427821028005185,0.0249004625157267,0.0167585092193139,20332,391,200
3,1,-17,-0.0428499938839243,0.0214709562880551,0.015467369429808,20332,391,200
3,1,-16,-0.0364184482633298,0.019042194051246,0.0142887988299392,20332,391,200
3,1,-15,-0.0299694312395004,0.0171147989616853,0.0130502421038704,20332,391,200
3,1,-14,-0.0223967601739072,0.0126097774168364,0.0126697916149807,20332,391,200
3,1,-13,-0.0236269670283503,0.0114598258013602,0.0124866659854828,20332,391,200
3,1,-12,-0.0116678271393757,0.0111750432759691,0.00616012265486614,20332,391,200
3,1,-11,-0.0116678271393747,0.0112461352538814,0.00616012265486601,20332,391,200
3,1,-10,0.00692819339911516,0.0177058230461229,0.00677432311013182,20332,391,200
3,1,-9,0.00408237094656857,0.013087525257308,0.00619326168792165,20332,391,200
3,1,-8,0.0101388853535885,0.0105738504512541,0.00694750820183388,20332,391,200
3,1,-7,0.0169251067530872,0.00908434831045647,0.00763001148463661,20332,391,200
3,1,-6,0.0169823693486904,0.00741316235339307,0.00822639192423204,20332,391,200
3,1,-5,0.0173088717370067,0.00910321547005949,0.00642233241613897,20332,391,200
3,1,-4,0.011858813933458,0.0101309820670022,0.00454518221087437,20332,391,200
3,1,-3,0.00597320339053203,0.00835340633650626,0.00296166717616027,20332,391,200
3,1,-2,-0.0012830145412738,0.00485219387693197,0.00241424634239355,20332,391,200
3,1,-1,0,0,0,20332,391,200
3,1,0,0.0121519413933232,0.00319865733590202,0.0071608886124826,20332,391,200
3,1,1,0.01422215184947,0.00667350662494036,0.00744406832960359,20332,391,200
3,1,2,0.0301349433744063,0.0116727641459357,0.0139149767910282,20332,391,200
3,1,3,0.0262053025746854,0.00853694479958062,0.01466228330341,20332,391,200
3,1,4,0.026620154788745,0.00856750383929208,0.012544142053887,20332,391,200
3,1,5,0.0290365341053841,0.00939623716146211,0.0129823370235838,20332,391,200
3,1,6,0.0257979250724766,0.00917221015463366,0.0132611109617938,20332,391,200
3,1,7,0.0228177848497864,0.00825668100166144,0.0116425061418356,20332,391,200
3,1,8,0.0181550362425622,0.0116394495275832,0.0117360730962184,20332,391,200
3,1,9,0.0169913819758711,0.0112650759948802,0.010593691636898,20332,391,200
3,1,10,0.00800819007308397,0.0105706527322785,0.0105607831244804,20332,391,200
3,1,11,0.0107326313370267,0.0111669067012167,0.0110964653950802,20332,391,200
3,1,12,0.0214590596100651,0.0119293052172072,0.0155285736119779,20332,391,200
3,1,13,0.0188736351630798,0.0151278728574882,0.0168547085609708,20332,391,200
3,1,14,0.0509092488199284,0.0194501829987677,0.0229118802106442,20332,391,200
3,1,15,0.0336521543095887,0.0176097575670726,0.0225072297927359,20332,391,200
3,1,16,0.0309270868620822,0.0182684096989988,0.021314908792834,20332,391,200
3,1,17,0.0416379511746407,0.0176672123254989,0.0200188934232216,20332,391,200
3,1,18,0.0446236536281212,0.0170035658784963,0.0194812439191839,20332,391,200
3,1,19,0.0391800979215681,0.016840338270505,0.0198315581549795,20332,391,200
3,1,20,0.0478517323772661,0.0190607188935625,0.0187965366992334,20332,391,200
3,1,21,0.0416822254932483,0.0183907534861147,0.0182238362758714,20332,391,200
3,1,22,0.0309509802412734,0.0176815961971902,0.0182835677321647,20332,391,200
3,1,23,0.0244874531281378,0.0169104438329052,0.0175016401611214,20332,391,200
3,1,24,0.0346181275620725,0.0172260465838446,0.0213608696727931,20332,391,200
3,1,25,0.0314820409822139,0.018143885458501,0.0214432638316872,20332,391,200
3,1,26,0.068315056219383,0.023977598297884,0.0276580744838903,20332,391,200
3,1,27,0.0521145361158032,0.0220730326895128,0.0267223785006388,20332,391,200
3,1,28,0.0508836364092002,0.0226478035170497,0.0270752307123818,20332,391,200
3,1,29,0.0614272453227248,0.0238852309705409,0.0270083574169112,20332,391,200
3,2,-22,-0.0186105727354633,0.0520503259827497,0.0188786704324332,20332,391,200
3,2,-21,-0.0195971917807394,0.0459960516681585,0.0218531471608635,20332,391,200
3,2,-20,-0.0215233016350509,0.0439985364890309,0.0237711876495465,20332,391,200
3,2,-19,-0.0311231830412391,0.0470714917760782,0.0283029640567939,20332,391,200
3,2,-18,-0.0309603007530343,0.0441819094926574,0.0286461496719197,20332,391,200
3,2,-17,-0.0256825966874368,0.0297172977401762,0.0237758474641646,20332,391,200
3,2,-16,-0.0191346908558859,0.03232927650157,0.0206264714565174,20332,391,200
3,2,-15,-0.00960048603253719,0.0295389440936408,0.0187766482230468,20332,391,200
3,2,-14,-0.0013807311655487,0.0190459052983802,0.0171821433307728,20332,391,200
3,2,-13,-0.000286066664726484,0.0146652153729272,0.0161277426534483,20332,391,200
3,2,-12,-0.000142104313186626,0.0146661568841635,0.00800037437203602,20332,391,200
3,2,-11,-0.000142104313187036,0.0147101292986606,0.00800037437203598,20332,391,200
3,2,-10,0.017465974681859,0.0346095429729175,0.0094461956160803,20332,391,200
3,2,-9,0.0182158958318453,0.0218550281250961,0.0110046278231764,20332,391,200
3,2,-8,0.0199245004102358,0.0168158229928226,0.0129983456509771,20332,391,200
3,2,-7,0.0281426732056039,0.0138905380134706,0.0159968951016617,20332,391,200
3,2,-6,0.028243414536061,0.0109563826680089,0.0156546334330629,20332,391,200
3,2,-5,0.0237198880066535,0.0089352411994514,0.00990403690111436,20332,391,200
3,2,-4,0.0180119825750599,0.0129789623766679,0.00633072472655259,20332,391,200
3,2,-3,0.00905403111187136,0.0166559136294569,0.00450125939214517,20332,391,200
3,2,-2,0.00106803546995254,0.00630917798728254,0.00281475994241535,20332,391,200
3,2,-1,0,0,0,20332,391,200
3,2,0,0.00107851611937949,0.00404365016476819,0.00907930595074136,20332,391,200
3,2,1,0.0117774484567446,0.00936488950623225,0.00869091019070889,20332,391,200
3,2,2,0.0363885016169514,0.024988573222662,0.0225371262863163,20332,391,200
3,2,3,0.0287125689329556,0.0162580662208236,0.0259225244190856,20332,391,200
3,2,4,0.0265640885753603,0.0139856398421593,0.0227808729798685,20332,391,200
3,2,5,0.0262266252371871,0.0163013731961703,0.0237765252488836,20332,391,200
3,2,6,0.0228377425093587,0.016606763499444,0.0255195302129135,20332,391,200
3,2,7,0.0164484644685745,0.0161877918563348,0.020634400946641,20332,391,200
3,2,8,0.0112764958420883,0.0235956635446833,0.0172894626887198,20332,391,200
3,2,9,0.00396584185667796,0.0260509258253912,0.0160818504538537,20332,391,200
3,2,10,0.00140710512920379,0.0214433370364913,0.0189870687919044,20332,391,200
3,2,11,-0.00363735711290877,0.0190162685184265,0.0203272716574567,20332,391,200
3,2,12,-0.00448824530800132,0.0202723859408559,0.0240626299207215,20332,391,200
3,2,13,-0.0111553943318069,0.0257978732711575,0.0289728992276369,20332,391,200
3,2,14,0.0326498941826575,0.0400941699831749,0.0404758280860137,20332,391,200
3,2,15,0.0136167545448607,0.030640244996804,0.0422387895154778,20332,391,200
3,2,16,0.0133167126231636,0.0310273605017318,0.0414259006356995,20332,391,200
3,2,17,0.0249179335284109,0.0346955694001195,0.043068480820411,20332,391,200
3,2,18,0.0276143392028188,0.0348729976452105,0.0420870409098026,20332,391,200
3,2,19,0.0183700716053273,0.0359215285251257,0.0394121321898497,20332,391,200
3,2,20,0.0237624992356694,0.0429778376328335,0.037662795403356,20332,391,200
3,2,21,0.00923384771391293,0.0412592663614031,0.0329160851891339,20332,391,200
3,2,22,0.00212539276563659,0.041686204947504,0.0397446500185988,20332,391,200
3,2,23,-0.00385272481668122,0.0381729137464089,0.040127345751415,20332,391,200
3,2,24,-0.0121329230147958,0.0381621385334235,0.0415772839267507,20332,391,200
3,2,25,-0.0171589476817007,0.0422647099877611,0.0456477480927894,20332,391,200
3,2,26,0.0317107932102009,0.0532132305078788,0.0554088694057943,20332,391,200
3,2,27,0.0134018058981622,0.0468053799214291,0.0605049878974611,20332,391,200
3,2,28,0.00943021488312126,0.0463869331815204,0.0591231585975348,20332,391,200
3,2,29,0.0184776161949546,0.0477857637977676,0.0583589091218559,20332,391,200
3,4,-22,-0.000226443602249347,0.0224103550718324,0.0104965517522777,20332,391,200
3,4,-21,0.00204369127996016,0.020195556016458,0.0110961395872012,20332,391,200
3,4,-20,0.00469038883361801,0.0182589215700189,0.0107249750448793,20332,391,200
3,4,-19,0.00716681958241822,0.0179891546999773,0.0119450999313409,20332,391,200
3,4,-18,0.00570855506576519,0.0182578711282507,0.0134166150436644,20332,391,200
3,4,-17,-0.000479422354196242,0.0182426736835956,0.0133192235086617,20332,391,200
3,4,-16,-0.00389587798438358,0.0167941376565591,0.0123198483264321,20332,391,200
3,4,-15,-0.00689357565268431,0.0155700090473807,0.0114113162885135,20332,391,200
3,4,-14,-0.00252399367921174,0.0124047315471038,0.0114029273441497,20332,391,200
3,4,-13,-0.00369425014629094,0.0115682928464186,0.0115049189515021,20332,391,200
3,4,-12,-0.00183355401148669,0.0113618657027218,0.00569715001534893,20332,391,200
3,4,-11,-0.0018335540114874,0.0117259887194019,0.00569715001534886,20332,391,200
3,4,-10,-0.00339615634577733,0.0160124657687905,0.00523126407336928,20332,391,200
3,4,-9,-0.00557621400977533,0.0102017588316176,0.00461548238252405,20332,391,200
3,4,-8,-0.00812476341307524,0.00855468466637445,0.00469569989019677,20332,391,200
3,4,-7,-0.0103722588838897,0.00730322645438483,0.00571751931079325,20332,391,200
3,4,-6,-0.00904195380544312,0.00538640985462856,0.00561352657481599,20332,391,200
3,4,-5,-0.00313204952531927,0.008706737190178,0.00486245241026465,20332,391,200
3,4,-4,0.000170594501683309,0.00823767405997954,0.00320454304023503,20332,391,200
3,4,-3,0.00310750338164377,0.00704398539914149,0.00259459850276964,20332,391,200
3,4,-2,-0.00115862819717063,0.00353866657109162,0.00235637141537386,20332,391,200
3,4,-1,0,0,0,20332,391,200
3,4,0,0.0104082141556283,0.00245311886379639,0.00639993566273058,20332,391,200
3,4,1,0.00830525373691515,0.00589227804650625,0.00671733616174583,20332,391,200
3,4,2,0.00416262367078513,0.0091986729340632,0.0116475316048106,20332,391,200
3,4,3,0.00291805402030396,0.00600126409683101,0.0119608006107288,20332,391,200
3,4,4,0.00505955741363152,0.00627478324889724,0.0106839143130805,20332,391,200
3,4,5,0.00527641093089493,0.00717262319851683,0.0110780320961208,20332,391,200
3,4,6,0.000944238449947475,0.00741370151508722,0.0115109412294442,20332,391,200
3,4,7,0.014250093222028,0.00998830724902801,0.0116467476213864,20332,391,200
3,4,8,0.00258751019259427,0.0113951315006315,0.0120144011750919,20332,391,200
3,4,9,-0.000827469813758294,0.00979639368674776,0.0112660339170802,20332,391,200
3,4,10,0.000390964731248528,0.0104891066354968,0.0111480839447083,20332,391,200
3,4,11,0.0039751231058025,0.011279648445243,0.0109722386726117,20332,391,200
3,4,12,0.0138723663146455,0.0115944851514716,0.0156005958052667,20332,391,200
3,4,13,0.00902344327674898,0.0141867658497237,0.0167335406659378,20332,391,200
3,4,14,0.00874523138777109,0.0147777265772702,0.0214020353966266,20332,391,200
3,4,15,0.00184718732070834,0.0147644952508924,0.0197524966077472,20332,391,200
3,4,16,0.00150047761470335,0.0153249466032574,0.0187459834563415,20332,391,200
3,4,17,0.0067856127354344,0.0146362538568068,0.0171237881776223,20332,391,200
3,4,18,0.00486550429514712,0.0157182394623677,0.017579840270882,20332,391,200
3,4,19,0.0237707277343627,0.0184536791295628,0.0187912596599567,20332,391,200
3,4,20,0.010201830378324,0.019304043368315,0.0186015965875931,20332,391,200
3,4,21,0.00261891850908774,0.0180612941601829,0.0184846063475931,20332,391,200
3,4,22,0.00404990315066664,0.018249602268259,0.0185055453583243,20332,391,200
3,4,23,0.00637906650955655,0.0181052752491533,0.0173675561731452,20332,391,200
3,4,24,0.0158439099337036,0.0184493048161242,0.0219107986567826,20332,391,200
3,4,25,0.0111336521757058,0.0191331365322171,0.0221422380182443,20332,391,200
3,4,26,0.0113123875811395,0.022107050456796,0.0269989794901455,20332,391,200
3,4,27,0.00346699161935843,0.0212253642056943,0.0255193917640652,20332,391,200
3,4,28,0.00854876258572752,0.022002280527932,0.0257756284123163,20332,391,200
3,4,29,0.00860783220344491,0.0232840313191109,0.0256865585604724,20332,391,200
3,5,-22,0.00361037747987472,0.021369062933873,0.0122498775045372,20332,391,200
3,5,-21,0.00695035399097602,0.0199796875951409,0.0133436286871907,20332,391,200
3,5,-20,0.0074343674794848,0.0180871412569204,0.0135769656306839,20332,391,200
3,5,-19,0.0125953929227623,0.0177498056671672,0.0139060315261892,20332,391,200
3,5,-18,0.0114062967642133,0.0185648282890479,0.0151697087717219,20332,391,200
3,5,-17,0.002024410750047,0.0194952900951434,0.0153063254296489,20332,391,200
3,5,-16,-0.00076858840740579,0.0179855420481776,0.0151141815582362,20332,391,200
3,5,-15,-0.000277801841727723,0.0164534981464406,0.0144976554702546,20332,391,200
3,5,-14,0.00124497789602203,0.013499907264802,0.0142119866535794,20332,391,200
3,5,-13,0.0022024420329806,0.0127725292972289,0.0149600173876735,20332,391,200
3,5,-12,0.00109475352379799,0.0127048794107348,0.00742258332567263,20332,391,200
3,5,-11,0.0010947535237975,0.0128516689757734,0.0074225833256727,20332,391,200
3,5,-10,-0.00135339665488571,0.0149254897213984,0.00663056033933833,20332,391,200
3,5,-9,-0.0045686202921498,0.0103544529950222,0.00496932953778071,20332,391,200
3,5,-8,-0.00501759257146613,0.00833867023693988,0.00438894459375013,20332,391,200
3,5,-7,-0.00984272840428196,0.00789254382893946,0.00499316325001306,20332,391,200
3,5,-6,-0.00878740384838828,0.00658127623904186,0.00489983141335772,20332,391,200
3,5,-5,0.000203663113472613,0.00965432324727965,0.00447987661202339,20332,391,200
3,5,-4,0.00290588795887667,0.00900404699579677,0.00337939344986535,20332,391,200
3,5,-3,0.00243992898057306,0.00678420551890088,0.0026376791059097,20332,391,200
3,5,-2,0.000947782499052807,0.00584053064532967,0.00374368014109,20332,391,200
3,5,-1,0,0,0,20332,391,200
3,5,0,0.00535283822473515,0.00598861322451768,0.00833380394698544,20332,391,200
3,5,1,0.00801421901838006,0.00820740318032718,0.00808018170339442,20332,391,200
3,5,2,-0.00592159085722162,0.00847741882631006,0.0139570331877915,20332,391,200
3,5,3,-0.00719711962414157,0.00824681417149366,0.0139543733534127,20332,391,200
3,5,4,-0.00146500192555168,0.00886730041886119,0.0129818101121864,20332,391,200
3,5,5,-0.00721057270170581,0.0102747114121058,0.0131326995809368,20332,391,200
3,5,6,-0.00824774519342008,0.0100029942643179,0.0138474969087582,20332,391,200
3,5,7,0.00202439722328443,0.0122384649213276,0.0140068423501722,20332,391,200
3,5,8,-0.00469463953156589,0.0137412317556981,0.0137926575946796,20332,391,200
3,5,9,-0.0102694163531033,0.0107201989396414,0.0129645546590114,20332,391,200
3,5,10,-0.00672078263945457,0.0124700323992069,0.0131912441009242,20332,391,200
3,5,11,-6.41517669050518e-06,0.014080924155499,0.0145622115823377,20332,391,200
3,5,12,0.00209341002294865,0.0144014230529136,0.0186367898569294,20332,391,200
3,5,13,-0.00169781725046488,0.0160822573899453,0.0195082564032686,20332,391,200
3,5,14,-0.0112522706319155,0.0164129149621784,0.0246951305970462,20332,391,200
3,5,15,-0.0136355505896734,0.0168837270887764,0.0234461274198451,20332,391,200
3,5,16,-0.0132221977235057,0.0174499469771567,0.021891573412689,20332,391,200
3,5,17,-0.0144559016131478,0.0165535140328852,0.0195560367813506,20332,391,200
3,5,18,-0.0235562752424735,0.0163472176291949,0.0196753477056517,20332,391,200
3,5,19,0.000598193153050666,0.0198594778132837,0.0214937719424652,20332,391,200
3,5,20,-0.013135555006841,0.0201221703707812,0.0199495535093946,20332,391,200
3,5,21,-0.0177372711355563,0.0186429427299659,0.0202275706998823,20332,391,200
3,5,22,-0.0201691213728847,0.019560077896258,0.0206336239248744,20332,391,200
3,5,23,-0.0131737288431754,0.0197833684396283,0.0200852304197246,20332,391,200
3,5,24,-0.00732738944392423,0.0201811987801939,0.0244354463537052,20332,391,200
3,5,25,-0.0141136457613483,0.0201126715560818,0.0243263809437638,20332,391,200
3,5,26,-0.0242212528754694,0.0227731755647026,0.0294123803881647,20332,391,200
3,5,27,-0.0286983068638636,0.0227500981007106,0.0286626713595826,20332,391,200
3,5,28,-0.0263392282280713,0.0236374241483479,0.0287004026382602,20332,391,200
3,5,29,-0.0316178037339616,0.0247140702042326,0.0283477503368966,20332,391,200
4,1,-22,-0.0122760124947687,0.0213971868286472,0.00921978806786902,20332,391,200
4,1,-21,-0.00861139493818585,0.0215411109289958,0.0101123350242686,20332,391,200
4,1,-20,-0.0109836069060742,0.0207420224502335,0.0108362065815277,20332,391,200
4,1,-19,-0.015840077330231,0.0217376761822097,0.0124636529120819,20332,391,200
4,1,-18,-0.0132415730858716,0.02058647040924,0.0130051132619232,20332,391,200
4,1,-17,-0.0125012430598592,0.0179202894900323,0.0124578246223038,20332,391,200
4,1,-16,-0.0116874642063743,0.0150970160320634,0.0112015610087801,20332,391,200
4,1,-15,-0.0086194848707815,0.014371744266554,0.00993000818122953,20332,391,200
4,1,-14,-0.00531468622984973,0.0104165602905222,0.00926468179717935,20332,391,200
4,1,-13,-0.00463125320623217,0.0101476397219139,0.00997614994541117,20332,391,200
4,1,-12,-0.00227345074930428,0.00889310750945937,0.00489504158905301,20332,391,200
4,1,-11,-0.00227345074930457,0.00890118617632808,0.00489504158905309,20332,391,200
4,1,-10,0.00715625310465606,0.0143297633882179,0.00533511637521122,20332,391,200
4,1,-9,0.00366251307670787,0.0108943459997912,0.00463773635619013,20332,391,200
4,1,-8,0.00582961718504773,0.0087842382477104,0.00462939740346823,20332,391,200
4,1,-7,0.0100756673435262,0.00701470541656333,0.00572287853272493,20332,391,200
4,1,-6,0.0078621055335671,0.00649899373465612,0.00557754640163872,20332,391,200
4,1,-5,0.0071985266630344,0.00706101356503858,0.00536086676766933,20332,391,200
4,1,-4,0.00660651169975318,0.00789165884110814,0.0036235973180021,20332,391,200
4,1,-3,0.00377801432129038,0.00708130722519225,0.00282058401187712,20332,391,200
4,1,-2,0.000635304390351532,0.00391248180369427,0.00224784876991731,20332,391,200
4,1,-1,0,0,0,20332,391,200
4,1,0,-0.00142974402685578,0.00305256518649538,0.00491770143961,20332,391,200
4,1,1,0.0047450593915604,0.00650406736015982,0.00611136422594664,20332,391,200
4,1,2,0.0156405294566575,0.0119272101561374,0.0093380254561392,20332,391,200
4,1,3,0.00925834970178692,0.00766626976920428,0.0103544596151004,20332,391,200
4,1,4,0.00937053690385608,0.00783878195041684,0.00970272115841764,20332,391,200
4,1,5,0.00596352394737468,0.00850616834368099,0.00968272518284363,20332,391,200
4,1,6,0.00430237702384917,0.00940587147555972,0.0107275945847911,20332,391,200
4,1,7,0.00761056212524025,0.00822715131137029,0.010582739284883,20332,391,200
4,1,8,0.00471939655857295,0.011365032140767,0.00979328584962047,20332,391,200
4,1,9,0.00700053428875648,0.0104467064497339,0.00925692650434961,20332,391,200
4,1,10,-0.000876672205166153,0.00964556856898894,0.0100446813191878,20332,391,200
4,1,11,-0.00178827724816358,0.0102666561303562,0.0101883881665454,20332,391,200
4,1,12,0.00219174220279276,0.0109635231161477,0.0130065002771749,20332,391,200
4,1,13,0.000918764772490373,0.0125193586742363,0.013729042009697,20332,391,200
4,1,14,0.0233672573587926,0.0157939700514765,0.0175531226507477,20332,391,200
4,1,15,0.00977456066907575,0.0142501753940133,0.0180860280492556,20332,391,200
4,1,16,0.0079670690930056,0.0147993066748156,0.0172600395851975,20332,391,200
4,1,17,0.0125419050839537,0.0145047613289127,0.016142604093318,20332,391,200
4,1,18,0.0148827364118272,0.0135310248163007,0.0152506644465607,20332,391,200
4,1,19,0.0106668187751098,0.0132586896983069,0.0158081762034447,20332,391,200
4,1,20,0.0218069479468315,0.0156172632637137,0.0150966317267289,20332,391,200
4,1,21,0.0101561765807035,0.0147436838081989,0.0147385297347932,20332,391,200
4,1,22,0.00776236466929979,0.015350944175991,0.0164887619937066,20332,391,200
4,1,23,0.00844660199323025,0.0145920422744301,0.0156699915857479,20332,391,200
4,1,24,0.00741066051881854,0.0159130773019154,0.0194103734459333,20332,391,200
4,1,25,0.00250057381038023,0.0170645787627084,0.0206876269807619,20332,391,200
4,1,26,0.0302655952070486,0.0211162996531303,0.0245120376669304,20332,391,200
4,1,27,0.0156996778608921,0.0190887879223855,0.0245423860667396,20332,391,200
4,1,28,0.0160362940025576,0.0195768044418979,0.0242820794428687,20332,391,200
4,1,29,0.0218273414271794,0.0207531102249901,0.0238805826616355,20332,391,200
4,2,-22,-0.0208467753945302,0.0388009478680411,0.0115580935356355,20332,391,200
4,2,-21,-0.0192779639612318,0.0327514860680219,0.0134909497282613,20332,391,200
4,2,-20,-0.0262036008505705,0.0313546268308978,0.0150514024171745,20332,391,200
4,2,-19,-0.0320671700697372,0.0333273034363287,0.0178299627056477,20332,391,200
4,2,-18,-0.0305655138661777,0.0299100106469833,0.0171155710738464,20332,391,200
4,2,-17,-0.0254415587711512,0.0213297256335617,0.0144985442909572,20332,391,200
4,2,-16,-0.0233401360391847,0.0242639036468309,0.0125182462263881,20332,391,200
4,2,-15,-0.0194125748327116,0.0223568127219204,0.0116347579431649,20332,391,200
4,2,-14,-0.0119432475630507,0.0122703845245237,0.0096725745123099,20332,391,200
4,2,-13,-0.0123247420810194,0.00959733057964227,0.00947826699424807,20332,391,200
4,2,-12,-0.00603828436414974,0.0110379092770712,0.00463568341352118,20332,391,200
4,2,-11,-0.00603828436414972,0.0125114155215779,0.00463568341352106,20332,391,200
4,2,-10,0.0078575455827596,0.0264632369006574,0.00674964800658889,20332,391,200
4,2,-9,0.00627960043342469,0.0159959520360057,0.00817535239856404,20332,391,200
4,2,-8,0.0125172025063946,0.0117895910036026,0.0093664796177097,20332,391,200
4,2,-7,0.0173776846325871,0.00951340528469845,0.0112083041712636,20332,391,200
4,2,-6,0.0163367247625602,0.00702613260066578,0.0104317154659244,20332,391,200
4,2,-5,0.0117744656978404,0.00872822166594004,0.00801649539196716,20332,391,200
4,2,-4,0.0101584608564964,0.0107550383073721,0.00588286387472325,20332,391,200
4,2,-3,0.00662850302368745,0.0136779098261633,0.00424921507952864,20332,391,200
4,2,-2,-0.000406303614497821,0.00513917737117581,0.00291896458515629,20332,391,200
4,2,-1,0,0,0,20332,391,200
4,2,0,0.001679691491064,0.0040444348597944,0.00801399166104325,20332,391,200
4,2,1,0.0125218510027967,0.00961264584420346,0.00697636754277246,20332,391,200
4,2,2,0.0337745054196959,0.0234601651148589,0.0164311938324054,20332,391,200
4,2,3,0.0208160522344349,0.0145808302648089,0.0178565536624511,20332,391,200
4,2,4,0.0174918283666163,0.0122665777097782,0.0157479577605713,20332,391,200
4,2,5,0.00886330295671068,0.0143542633143095,0.0171697840503507,20332,391,200
4,2,6,0.0134288379435026,0.0144152526367615,0.0177917641358596,20332,391,200
4,2,7,0.00888769860461687,0.0139206800281043,0.0151688226197494,20332,391,200
4,2,8,0.00609632522342565,0.019070938929576,0.0108578637046237,20332,391,200
4,2,9,0.00364826868715342,0.0194087402947276,0.00980132732555582,20332,391,200
4,2,10,-0.000973868487004991,0.0160933149849449,0.0142000667120394,20332,391,200
4,2,11,-0.00294286931593011,0.0144261151719215,0.0138467765269479,20332,391,200
4,2,12,-0.0026184193908948,0.0148985531259891,0.0165834494313952,20332,391,200
4,2,13,-0.00279237854778801,0.0205749887750402,0.0184006717252295,20332,391,200
4,2,14,0.0297527667398134,0.0345332569350303,0.0265570901187019,20332,391,200
4,2,15,0.0154268398284726,0.0251898530036523,0.0278530383535608,20332,391,200
4,2,16,0.0150982945309734,0.0253804595861893,0.0287461922800784,20332,391,200
4,2,17,0.0195735953996564,0.0276438977118573,0.0308138921611204,20332,391,200
4,2,18,0.0287873029711131,0.0276673190179948,0.0302338573748895,20332,391,200
4,2,19,0.0210720681247856,0.0288603650459616,0.0283731399053824,20332,391,200
4,2,20,0.0285141951513984,0.0336737802679077,0.0254700144223761,20332,391,200
4,2,21,0.0129436547957319,0.0298172646437214,0.0214770852437842,20332,391,200
4,2,22,0.0104147434458657,0.0302181603408882,0.0277127836801022,20332,391,200
4,2,23,0.0148142602672522,0.028820241431013,0.0274205192616439,20332,391,200
4,2,24,0.00964176029543208,0.0295697741934004,0.0304109072549829,20332,391,200
4,2,25,0.0114750408945506,0.0344490324006597,0.0315527392782532,20332,391,200
4,2,26,0.0489424629875988,0.044795312797818,0.0386343757565852,20332,391,200
4,2,27,0.0323759431630647,0.0380272827987696,0.0414383643465692,20332,391,200
4,2,28,0.0323553033416524,0.0383733879883255,0.0415604599033994,20332,391,200
4,2,29,0.0391758620990775,0.0386319873835536,0.0417970068056998,20332,391,200
4,4,-22,-0.000554556444164179,0.0157075597600193,0.00696406798348164,20332,391,200
4,4,-21,0.00416219410296429,0.0148630837509987,0.00770201269493324,20332,391,200
4,4,-20,0.0054459869623666,0.0140785086492686,0.00823272709466605,20332,391,200
4,4,-19,0.0096440149919493,0.0141787844204853,0.0090864541805325,20332,391,200
4,4,-18,0.0039140690973244,0.0140649650543598,0.00975613021317518,20332,391,200
4,4,-17,0.00174296374034967,0.0139014742276234,0.00947235684810343,20332,391,200
4,4,-16,-0.00219075320886689,0.0119726075595182,0.00858878917397109,20332,391,200
4,4,-15,-0.00416629924109718,0.0123759663851782,0.00847988204191523,20332,391,200
4,4,-14,-0.000705153242759403,0.009516872851996,0.00782212258199662,20332,391,200
4,4,-13,-0.00105613178527657,0.00892787165714588,0.00868552681642822,20332,391,200
4,4,-12,-0.000518919743298867,0.00847297821017727,0.00426406382459972,20332,391,200
4,4,-11,-0.00051891974330022,0.0102691644963845,0.00426406382459961,20332,391,200
4,4,-10,-0.000484997180032195,0.0119442073501966,0.00525837037221701,20332,391,200
4,4,-9,-0.0049502690171822,0.00824279304194341,0.00406891815480029,20332,391,200
4,4,-8,-0.00614745653948856,0.00691725764970241,0.00386437509564124,20332,391,200
4,4,-7,-0.00998286767482814,0.00629222648253489,0.00435843295075393,20332,391,200
4,4,-6,-0.00467668274485812,0.00583185392501782,0.00462317552504597,20332,391,200
4,4,-5,-0.00263902787821442,0.00851322486586876,0.00444862454324961,20332,391,200
4,4,-4,0.00106996935934518,0.00793470190837934,0.00286992345244268,20332,391,200
4,4,-3,0.00296832039592105,0.00626199836727481,0.00256799425412956,20332,391,200
4,4,-2,-0.00034030072328578,0.00339199717211254,0.00235413528670079,20332,391,200
4,4,-1,0,0,0,20332,391,200
4,4,0,0.00302216802835837,0.00268728167480821,0.0046046153675715,20332,391,200
4,4,1,0.00978580853657439,0.00660044727471032,0.00539900698532948,20332,391,200
4,4,2,0.0101482804277032,0.0084315288443705,0.00843411625310683,20332,391,200
4,4,3,0.00465914891913711,0.00554488299381064,0.00884680004978148,20332,391,200
4,4,4,0.00424560169637306,0.00620778230300178,0.00806846992628517,20332,391,200
4,4,5,0.000643241221599495,0.0069098774668506,0.00850616040419523,20332,391,200
4,4,6,0.00205967360061845,0.00747944183102868,0.00901977704436541,20332,391,200
4,4,7,0.020499500122894,0.0120992150188512,0.00976688096788573,20332,391,200
4,4,8,0.00976171324585153,0.0115577673732988,0.00887473471642385,20332,391,200
4,4,9,0.00883098830914024,0.00916043188594715,0.00894528436806867,20332,391,200
4,4,10,0.0111139543997351,0.00989121209670866,0.0100058004595705,20332,391,200
4,4,11,0.013561546888838,0.0107038917566408,0.00995963196348506,20332,391,200
4,4,12,0.0129307837558411,0.0112807699768848,0.0126854939324037,20332,391,200
4,4,13,0.014170992504917,0.0139654342531777,0.0132429852504708,20332,391,200
4,4,14,0.0168785675026944,0.0147304044519757,0.0162321786761817,20332,391,200
4,4,15,0.00887758700595614,0.0135719892247544,0.0165947527330715,20332,391,200
4,4,16,0.0104289596775074,0.0140198745949195,0.0160172988586714,20332,391,200
4,4,17,0.00977703441673692,0.0135994059139061,0.0143974797848258,20332,391,200
4,4,18,0.0112672209017817,0.013359674984581,0.0138767952920887,20332,391,200
4,4,19,0.0348930912288194,0.0161833652497673,0.0140921744988512,20332,391,200
4,4,20,0.020464751389011,0.016326149060136,0.013448779968693,20332,391,200
4,4,21,0.00767467370773955,0.0142206308219342,0.0144860118837938,20332,391,200
4,4,22,0.011730145119163,0.015075091453911,0.0153814822573081,20332,391,200
4,4,23,0.0165473976104833,0.0153458099891846,0.0146271565343504,20332,391,200
4,4,24,0.019131489559676,0.0159688225535093,0.0174969327370952,20332,391,200
4,4,25,0.0206161200292019,0.0177141952376518,0.018311974539043,20332,391,200
4,4,26,0.0237100808635379,0.0187940469409693,0.0202843492815527,20332,391,200
4,4,27,0.013238466000398,0.0176231376159038,0.0202846415076947,20332,391,200
4,4,28,0.0170445265970926,0.018287751688108,0.0202323433297757,20332,391,200
4,4,29,0.0131693656180947,0.0190467620141826,0.0195309097162391,20332,391,200
4,5,-22,0.00353323168158844,0.0190859572701269,0.010083556813892,20332,391,200
4,5,-21,0.00732007844695083,0.0186112035131252,0.0101556915649363,20332,391,200
4,5,-20,0.00682677861648411,0.0175513418159976,0.0104989150546187,20332,391,200
4,5,-19,0.0119717308335242,0.0169349316700257,0.0105488477775441,20332,391,200
4,5,-18,0.00901854256447129,0.016663061989555,0.0114918785993359,20332,391,200
4,5,-17,0.00378153485752617,0.0182516603814312,0.0122324545495701,20332,391,200
4,5,-16,-6.5445039500775e-05,0.0151788189090368,0.0111749103276326,20332,391,200
4,5,-15,-0.00169728803359779,0.0143322185794123,0.0108159525630313,20332,391,200
4,5,-14,-0.00132490162581663,0.0114507833575347,0.00990400034408966,20332,391,200
4,5,-13,-0.00214832286626275,0.0109796315312539,0.0105789283499399,20332,391,200
4,5,-12,-0.00105526365268604,0.0105085599065528,0.00519184387690328,20332,391,200
4,5,-11,-0.00105526365268887,0.0116703960777261,0.00519184387690312,20332,391,200
4,5,-10,-0.00544285056833494,0.0121397297391038,0.00638613478544944,20332,391,200
4,5,-9,-0.00901240777708088,0.00893801756134889,0.00479539590367264,20332,391,200
4,5,-8,-0.00850674830660789,0.00721099645157965,0.00416152213521709,20332,391,200
4,5,-7,-0.0132200921679168,0.00693584476777516,0.00463433039314919,20332,391,200
4,5,-6,-0.0105556632304226,0.00629125433648266,0.00455131147798876,20332,391,200
4,5,-5,-0.00560023873230887,0.00875895138114146,0.00503371837238544,20332,391,200
4,5,-4,-0.00199842063089552,0.00791249896024128,0.0032907368510339,20332,391,200
4,5,-3,-0.00043962118956406,0.00585121623857519,0.00282349885292765,20332,391,200
4,5,-2,-0.000796671420413099,0.00444386013970841,0.00296705876716579,20332,391,200
4,5,-1,0,0,0,20332,391,200
4,5,0,0.00425824039524478,0.00434505524435965,0.00553992746693996,20332,391,200
4,5,1,0.00928488029155518,0.00665482591147086,0.00623711427891636,20332,391,200
4,5,2,-6.56278392019219e-05,0.00858630077060313,0.0118255973249598,20332,391,200
4,5,3,-0.00533325958020596,0.00743502019255349,0.0116471004553052,20332,391,200
4,5,4,-0.00478452662106749,0.00808829923115375,0.0114534248423926,20332,391,200
4,5,5,-0.0105416966728124,0.00888990536473107,0.0107060396404527,20332,391,200
4,5,6,-0.00947796501034799,0.00945543269518305,0.0115163783956568,20332,391,200
4,5,7,0.00677556886195908,0.0115163505377041,0.0118951683542648,20332,391,200
4,5,8,-0.00335885890003063,0.0132221400281101,0.0112674298990768,20332,391,200
4,5,9,-0.00513616476629465,0.0109695817477561,0.0110059679135755,20332,391,200
4,5,10,-0.000410730928685502,0.0122254186516955,0.011353374462026,20332,391,200
4,5,11,0.00399987385997846,0.0132773154735721,0.0121926581451496,20332,391,200
4,5,12,0.0038266753436203,0.0138588779685741,0.0155396537336385,20332,391,200
4,5,13,0.00289016218074584,0.0141155533348715,0.0163642147670731,20332,391,200
4,5,14,-0.00499951743642649,0.0159514527192775,0.020638759609321,20332,391,200
4,5,15,-0.00742479528742374,0.0159869846899162,0.0206467729483327,20332,391,200
4,5,16,-0.00728120523854606,0.0167970915561669,0.020241444028487,20332,391,200
4,5,17,-0.0112063249055877,0.0165539024238917,0.0184136276815357,20332,391,200
4,5,18,-0.0111336677987559,0.0157558693964132,0.0178635058833929,20332,391,200
4,5,19,0.0125644859092868,0.0186261756964347,0.0183909895380272,20332,391,200
4,5,20,-0.000548089561344112,0.0193758856300806,0.0181981995000372,20332,391,200
4,5,21,-0.0122504856463505,0.0177511191241356,0.0184273805370335,20332,391,200
4,5,22,-0.00617575538623087,0.0186640609070732,0.0184522753261621,20332,391,200
4,5,23,0.00235730626398711,0.0192320549237167,0.0183730164013979,20332,391,200
4,5,24,0.00254965886111921,0.0204163357456034,0.0225404005247389,20332,391,200
4,5,25,0.00354888623111302,0.0199238753158607,0.0229918369401855,20332,391,200
4,5,26,-0.00477774532204599,0.0228346233612175,0.0264911474129001,20332,391,200
4,5,27,-0.0107172443801034,0.0223043571623211,0.0264029616154614,20332,391,200
4,5,28,-0.00687434915603881,0.0224480141109691,0.0255767458303384,20332,391,200
4,5,29,-0.012817015240352,0.023515068631303,0.02466362008004,20332,391,200
