age_bin,ai_q,k,coef,se,n_obs,n_occ
1,2,-22,0.011468064684640546,0.060184114355839174,24366,393
1,2,-21,-0.006739429555115373,0.07527179429479834,24366,393
1,2,-20,-0.017370818958179438,0.07113191319895379,24366,393
1,2,-19,-0.015262739036463425,0.0789033144342514,24366,393
1,2,-18,-0.009433335966318235,0.07762173447468176,24366,393
1,2,-17,0.007503691855506947,0.05046826444714935,24366,393
1,2,-16,0.014368602897801156,0.056267392214204626,24366,393
1,2,-15,0.014172111664698428,0.06941565729892649,24366,393
1,2,-14,0.032219043465098074,0.048284427538854695,24366,393
1,2,-13,0.005730408372891414,0.015917695829629843,24366,393
1,2,-12,0.012676156730490051,0.016091914260467896,24366,393
1,2,-11,0.027885628496415592,0.019508055625903593,24366,393
1,2,-10,0.023528737482741924,0.041246825570426096,24366,393
1,2,-9,0.02520848656045413,0.03663571092316536,24366,393
1,2,-8,0.005991019620231263,0.024565374926282465,24366,393
1,2,-7,0.015892778717521518,0.020901571762151606,24366,393
1,2,-6,0.02406684078283171,0.017012748380699192,24366,393
1,2,-5,0.034749219142677534,0.018233523565611837,24366,393
1,2,-4,0.013823642928824266,0.0350677693769402,24366,393
1,2,-3,0.013956840734381155,0.05513701823091916,24366,393
1,2,-2,0.03322094802551607,0.03866306186432006,24366,393
1,2,-1,0.0,0.0,24366,393
1,2,0,0.00689089520604908,0.01315388694910027,24366,393
1,2,1,0.031351295190794985,0.02504866644550646,24366,393
1,2,2,0.03301952798626225,0.02267282744561852,24366,393
1,2,3,0.041290131947911694,0.025274962213437474,24366,393
1,2,4,0.03671143196186372,0.02833555172688628,24366,393
1,2,5,0.035293407797168275,0.028208392969767442,24366,393
1,2,6,0.048492156726370465,0.023304409561804604,24366,393
1,2,7,0.06058248208551538,0.022064076896190766,24366,393
1,2,8,0.048381882742461066,0.03391405799218826,24366,393
1,2,9,0.022441439856331083,0.049264118488289745,24366,393
1,2,10,0.030367654862967487,0.02369878990293666,24366,393
1,2,11,0.014551364083851112,0.015512386296793301,24366,393
1,2,12,0.028061167505956226,0.023595604236459327,24366,393
1,2,13,0.04971906110250221,0.03195439817327431,24366,393
1,2,14,0.05449434582450128,0.03065844541768642,24366,393
1,2,15,0.05500903198390124,0.034417659129833106,24366,393
1,2,16,0.05289567847661786,0.03786590702130102,24366,393
1,2,17,0.06084260314207855,0.035585857732344586,24366,393
1,2,18,0.06297934289532615,0.033707980711548464,24366,393
1,2,19,0.0667900067963472,0.03191523496147969,24366,393
1,2,20,0.06766414259597392,0.038392597702262096,24366,393
1,2,21,0.0433825784288589,0.04943610953254484,24366,393
1,2,22,0.04834804362805487,0.029613122592503358,24366,393
1,2,23,0.0293283564027836,0.025252362634049792,24366,393
1,2,24,0.03882148652905925,0.03211467722264331,24366,393
1,2,25,0.06823223136750185,0.03771605100773848,24366,393
1,2,26,0.08363187965565172,0.03629330805669986,24366,393
1,2,27,0.07927283831230994,0.03943428660278629,24366,393
1,2,28,0.069491921421276,0.04354031485329018,24366,393
1,2,29,0.07430262962249236,0.04363630005006967,24366,393
1,2,30,0.06721880511991672,0.03933349940071397,24366,393
1,2,31,0.09035415882649485,0.040614018054677924,24366,393
1,2,32,0.08201025453970943,0.05051134426829925,24366,393
1,2,33,0.06002034917650399,0.05974601376911753,24366,393
1,2,34,0.06124081557632531,0.03883267204586515,24366,393
1,2,35,0.04838637883129801,0.03869032779829191,24366,393
1,2,36,0.0629871210885489,0.04509498687865158,24366,393
1,2,37,0.08443013697619305,0.049114913914495115,24366,393
1,2,38,0.09168284035839754,0.04310613972883542,24366,393
1,2,39,0.09035702600142335,0.0467031065558515,24366,393
1,3,-22,0.09252862986930789,0.06171911321884419,24366,393
1,3,-21,0.0641126451989606,0.05303993589062868,24366,393
1,3,-20,0.0586641479575856,0.05138273745168131,24366,393
1,3,-19,0.04298923072445364,0.049667218976374536,24366,393
1,3,-18,0.03792516811597033,0.05416476895996383,24366,393
1,3,-17,0.037846889472972815,0.056275353424162886,24366,393
1,3,-16,0.015520145136753571,0.05354242649904706,24366,393
1,3,-15,-0.01914555567356536,0.06502838829633387,24366,393
1,3,-14,-0.0022322455308605824,0.03629054152280017,24366,393
1,3,-13,0.016543973759329353,0.02352254027301336,24366,393
1,3,-12,0.02612141479298382,0.02547610810955365,24366,393
1,3,-11,0.053930616698502944,0.03076222292261297,24366,393
1,3,-10,0.059333407504013246,0.04793104239562374,24366,393
1,3,-9,0.0400181664781459,0.03332622607521208,24366,393
1,3,-8,0.03286195031570401,0.03184582871526517,24366,393
1,3,-7,0.025604229046802856,0.03644664008427599,24366,393
1,3,-6,0.011980535735211304,0.040094129938588866,24366,393
1,3,-5,0.007924304711492072,0.04064926860537019,24366,393
1,3,-4,-0.014599874344423105,0.03497340321551725,24366,393
1,3,-3,-0.047461475821665114,0.04728921781643747,24366,393
1,3,-2,-0.027857302997280422,0.021876558366042517,24366,393
1,3,-1,0.0,0.0,24366,393
1,3,0,0.022696846219152935,0.008641471752276178,24366,393
1,3,1,0.040246752916966895,0.01615912075167716,24366,393
1,3,2,0.0521350554968216,0.02431067919480979,24366,393
1,3,3,0.041782532866896156,0.02231106540504055,24366,393
1,3,4,0.03660951382331299,0.025185172392906952,24366,393
1,3,5,0.03373508521196807,0.026076849050970147,24366,393
1,3,6,0.03192811871474616,0.028550849590959534,24366,393
1,3,7,0.036531008510151744,0.026176821070391446,24366,393
1,3,8,0.011036007078970003,0.02097470026604314,24366,393
1,3,9,-0.030479854897000135,0.03862051856836273,24366,393
1,3,10,-0.010993331447698236,0.025574802806882103,24366,393
1,3,11,0.022369492813364013,0.02526726436234239,24366,393
1,3,12,0.0468685204146887,0.029062802378258774,24366,393
1,3,13,0.06874928171103048,0.030311553514935082,24366,393
1,3,14,0.07301749520954545,0.024714302527034486,24366,393
1,3,15,0.059180835921944265,0.034109820895069067,24366,393
1,3,16,0.05591251223372449,0.033727948691738716,24366,393
1,3,17,0.04703715690482379,0.030295267551416746,24366,393
1,3,18,0.043738642414056596,0.029697882866522276,24366,393
1,3,19,0.032632867049498325,0.02620263373434533,24366,393
1,3,20,0.009074309616857333,0.020174089740647362,24366,393
1,3,21,-0.023372411873913874,0.0336675204265734,24366,393
1,3,22,0.0037512908796998503,0.031021724048332377,24366,393
1,3,23,0.03204655255464784,0.03404599487133385,24366,393
1,3,24,0.04871420278641445,0.03505131981335028,24366,393
1,3,25,0.0847858186043641,0.032300915569812814,24366,393
1,3,26,0.08859997217885654,0.02683737450383925,24366,393
1,3,27,0.07042036437624741,0.03584074937496581,24366,393
1,3,28,0.06819216433304744,0.03797434537556524,24366,393
1,3,29,0.06575298055422002,0.0362674168532741,24366,393
1,3,30,0.04335287490991884,0.03311254034595186,24366,393
1,3,31,0.046160660714250096,0.032205058318452016,24366,393
1,3,32,0.02459368580328043,0.03227670312843027,24366,393
1,3,33,-0.014576622089281607,0.048569575172563335,24366,393
1,3,34,0.014010676858988439,0.04122717949930647,24366,393
1,3,35,0.04660964246449276,0.03593146508189456,24366,393
1,3,36,0.06400407147117322,0.03660566869160462,24366,393
1,3,37,0.08248036501083834,0.03365531110921963,24366,393
1,3,38,0.08145830579501671,0.02984654321897373,24366,393
1,3,39,0.06985004132625808,0.034978180266549766,24366,393
1,4,-22,-0.21862166098793426,0.0903729099567327,24366,393
1,4,-21,-0.15094252138829653,0.055298535521629624,24366,393
1,4,-20,-0.10189320375617875,0.06198132447126147,24366,393
1,4,-19,-0.10952501595128217,0.0728009279570425,24366,393
1,4,-18,-0.2170778045363382,0.05584285565093981,24366,393
1,4,-17,-0.2144304011006051,0.05234521784752662,24366,393
1,4,-16,-0.24751626109400096,0.1082704136390698,24366,393
1,4,-15,-0.25902264524637586,0.12146237398179881,24366,393
1,4,-14,-0.13390136117323462,0.04785691350544149,24366,393
1,4,-13,-0.057127368084233535,0.030653585083519255,24366,393
1,4,-12,-0.0331354691184094,0.04762978796457729,24366,393
1,4,-11,-0.02727731950414314,0.0477970558868908,24366,393
1,4,-10,-0.16301674209243078,0.053788603752981966,24366,393
1,4,-9,-0.11040871908314132,0.032145822335601065,24366,393
1,4,-8,-0.07453446555613036,0.030428451563963045,24366,393
1,4,-7,-0.07147198221516453,0.0346379724675101,24366,393
1,4,-6,-0.12219554133502183,0.022493117522890887,24366,393
1,4,-5,-0.14923377516698783,0.0601520940884189,24366,393
1,4,-4,-0.20102188487708542,0.1382530869151912,24366,393
1,4,-3,-0.19509553181374584,0.14562177510912264,24366,393
1,4,-2,-0.08131141827413618,0.0676968447050711,24366,393
1,4,-1,0.0,0.0,24366,393
1,4,0,0.030355623106413075,0.01918200548846025,24366,393
1,4,1,0.02579008815093091,0.024457986114855397,24366,393
1,4,2,-0.1088137521019346,0.08939277513448958,24366,393
1,4,3,-0.032877102221421386,0.03836528733165586,24366,393
1,4,4,-0.013143852058423217,0.021060778195329963,24366,393
1,4,5,-0.013991886559087995,0.019007551040934573,24366,393
1,4,6,-0.06662966342463895,0.04890755485134407,24366,393
1,4,7,-0.11222223552577358,0.08893500831738099,24366,393
1,4,8,-0.15571801887872722,0.15207411909644505,24366,393
1,4,9,-0.13960249961196855,0.15413863315930845,24366,393
1,4,10,-0.034305769630537816,0.07740019064643348,24366,393
1,4,11,-0.004320194090635425,0.041173540744265026,24366,393
1,4,12,0.01716848514064817,0.023102941382278183,24366,393
1,4,13,0.0012936342149551152,0.023542084035852763,24366,393
1,4,14,-0.0813355155607231,0.08130202988309852,24366,393
1,4,15,-0.04240323942932654,0.05029731371008071,24366,393
1,4,16,-0.023114590121602566,0.03819779685879428,24366,393
1,4,17,-0.036925892474239434,0.03781264886706674,24366,393
1,4,18,-0.09543590729409927,0.06305352516362053,24366,393
1,4,19,-0.13508256117015147,0.09762567661866645,24366,393
1,4,20,-0.18827869863926247,0.1579091880837679,24366,393
1,4,21,-0.17672504451333423,0.1726932443059494,24366,393
1,4,22,-0.0631273400662517,0.09287648634915045,24366,393
1,4,23,-0.03261917487862296,0.05910083851416694,24366,393
1,4,24,-0.02302587564288105,0.03871786584387613,24366,393
1,4,25,-0.029187837721055168,0.044181091703465986,24366,393
1,4,26,-0.07788735074294935,0.0847847561783546,24366,393
1,4,27,-0.05392227287059199,0.06994510215185826,24366,393
1,4,28,-0.037316629355512235,0.059053152186668796,24366,393
1,4,29,-0.04118653498871487,0.05337102328610637,24366,393
1,4,30,-0.13647491821932473,0.10012168361056085,24366,393
1,4,31,-0.15704515883414974,0.12689887797439117,24366,393
1,4,32,-0.18591011243265027,0.18883763057654893,24366,393
1,4,33,-0.16323152878544736,0.18337404946800698,24366,393
1,4,34,-0.06437769885570542,0.10932860365454182,24366,393
1,4,35,-0.044019582339729565,0.06912178133845549,24366,393
1,4,36,-0.02563361433105731,0.05088929099291759,24366,393
1,4,37,-0.03828073604000443,0.0574191306444785,24366,393
1,4,38,-0.126640177674045,0.10913863594992333,24366,393
1,4,39,-0.0794073054967901,0.08099013133844941,24366,393
1,5,-22,-0.0927298343802385,0.03745021933043343,24366,393
1,5,-21,-0.07891879280662592,0.03660136583370846,24366,393
1,5,-20,-0.07523752189973332,0.036748297211532104,24366,393
1,5,-19,-0.08373268607465852,0.03835880763270033,24366,393
1,5,-18,-0.10425894406363356,0.039972354630217054,24366,393
1,5,-17,-0.09797113219260946,0.0374984866256543,24366,393
1,5,-16,-0.09038332444803482,0.04325697408891138,24366,393
1,5,-15,-0.1209779006243908,0.03692770398478321,24366,393
1,5,-14,-0.0800015708907928,0.026929627224918203,24366,393
1,5,-13,-0.04399680885431252,0.029119043079202957,24366,393
1,5,-12,-0.048724647167234535,0.02213869963134274,24366,393
1,5,-11,-0.04373031444042424,0.023005269094578635,24366,393
1,5,-10,-0.062086850633987625,0.027136768834987196,24366,393
1,5,-9,-0.03760856997377396,0.024296264083722492,24366,393
1,5,-8,-0.035679294139001866,0.019647335766400865,24366,393
1,5,-7,-0.03630438566439904,0.02160766409064457,24366,393
1,5,-6,-0.052209005061156104,0.02384113517580984,24366,393
1,5,-5,-0.04274443297554918,0.02862601786572413,24366,393
1,5,-4,-0.03308836427250688,0.03672488150662863,24366,393
1,5,-3,-0.06089327763200495,0.026392165551097718,24366,393
1,5,-2,-0.01653960640990873,0.01161400760278412,24366,393
1,5,-1,0.0,0.0,24366,393
1,5,0,0.026526861752881437,0.007253907594893704,24366,393
1,5,1,0.0159977451273161,0.010837459237955137,24366,393
1,5,2,0.009643167189861033,0.016976215217243653,24366,393
1,5,3,0.03569213208448953,0.016458844725366552,24366,393
1,5,4,0.04180078051715982,0.015824187188868025,24366,393
1,5,5,0.0247586793710796,0.01641288387122508,24366,393
1,5,6,0.007337217183982605,0.01720165858799909,24366,393
1,5,7,0.0005739398778007818,0.016384842569331502,24366,393
1,5,8,0.009872274456836756,0.02392293926495939,24366,393
1,5,9,-0.025033549154328268,0.02043658566458923,24366,393
1,5,10,0.02096166298100141,0.022368580422984865,24366,393
1,5,11,0.037256124914490374,0.021592913532274417,24366,393
1,5,12,0.037149413950579545,0.025080167043493973,24366,393
1,5,13,0.030893393780830013,0.026865117167240733,24366,393
1,5,14,0.016595826907290053,0.033107326943444475,24366,393
1,5,15,0.033714507564723675,0.031967192763032864,24366,393
1,5,16,0.031060314903937198,0.030749549608681464,24366,393
1,5,17,0.018662856916605238,0.028777112499566323,24366,393
1,5,18,-0.0047635907704977835,0.027973940242433035,24366,393
1,5,19,-0.01888597069844796,0.02718200558518533,24366,393
1,5,20,-0.01857447931349806,0.028127056658232334,24366,393
1,5,21,-0.05943786302919426,0.02977068111799326,24366,393
1,5,22,-0.034710620328669756,0.0325952817481897,24366,393
1,5,23,-0.010586354545488539,0.03479582483771053,24366,393
1,5,24,-0.005416252599469793,0.034447179291559854,24366,393
1,5,25,0.008007023486192172,0.03508842528522994,24366,393
1,5,26,-0.0014280891464558256,0.04084101029086004,24366,393
1,5,27,0.010235584903489435,0.0401695781549662,24366,393
1,5,28,-0.00359936503887892,0.0405746077248026,24366,393
1,5,29,-0.013240574228016517,0.04188367681825263,24366,393
1,5,30,-0.048225462531224526,0.04084700919809654,24366,393
1,5,31,-0.056708578668802405,0.03958231138406428,24366,393
1,5,32,-0.04677968967510356,0.03854008835675554,24366,393
1,5,33,-0.0892003717085444,0.03828166570526765,24366,393
1,5,34,-0.0611315449863266,0.04354605165934732,24366,393
1,5,35,-0.043772971688457674,0.04643741331743315,24366,393
1,5,36,-0.04801952287698847,0.04642261761643895,24366,393
1,5,37,-0.052532962254779395,0.046040661288557584,24366,393
1,5,38,-0.06917026395239573,0.047727608751078676,24366,393
1,5,39,-0.052278368372369474,0.04924731248298611,24366,393
2,2,-22,-0.004432693095083151,0.04011719931224213,24428,394
2,2,-21,-0.015347628461253777,0.051340879510127675,24428,394
2,2,-20,-0.016457246320693952,0.051697937671864265,24428,394
2,2,-19,-0.019085382243033158,0.05559056130870011,24428,394
2,2,-18,-0.012812715943432917,0.05290431957752265,24428,394
2,2,-17,0.011549381176466374,0.03310009940848873,24428,394
2,2,-16,0.011128465534810117,0.024120792287065554,24428,394
2,2,-15,0.003115021633682721,0.027173223647405122,24428,394
2,2,-14,0.0077686009997807726,0.01989457855445015,24428,394
2,2,-13,0.005094391844974938,0.01413733204020053,24428,394
2,2,-12,0.011225987317600383,0.012980671791919605,24428,394
2,2,-11,0.026000099227477386,0.01540076567680649,24428,394
2,2,-10,0.0052362356646786234,0.020622061280735366,24428,394
2,2,-9,0.004104863116798477,0.02046527060216675,24428,394
2,2,-8,0.004787024792120398,0.018613910542123108,24428,394
2,2,-7,0.006871379971465959,0.014113526003520529,24428,394
2,2,-6,0.008437479260585967,0.009118106076594117,24428,394
2,2,-5,0.016014170716420216,0.010253723835932326,24428,394
2,2,-4,0.001092952627836527,0.016816380210714865,24428,394
2,2,-3,-0.009741556194482644,0.02451672443624945,24428,394
2,2,-2,0.0023722430611629354,0.01345203864123641,24428,394
2,2,-1,0.0,0.0,24428,394
2,2,0,0.003328221238985407,0.006090410559873311,24428,394
2,2,1,0.02488799443675982,0.015202166255652107,24428,394
2,2,2,0.013886788866040167,0.014437573761814293,24428,394
2,2,3,0.017746035880981337,0.017035810264660504,24428,394
2,2,4,0.02158772224671507,0.018990174935947752,24428,394
2,2,5,0.021164310970579303,0.018918121467838316,24428,394
2,2,6,0.02651144738101635,0.01708506779886449,24428,394
2,2,7,0.035080120728049724,0.017269420981982083,24428,394
2,2,8,0.018466656819796756,0.018858374193859835,24428,394
2,2,9,0.005424101717241059,0.02259096671659997,24428,394
2,2,10,0.008411696286722559,0.01585159054232655,24428,394
2,2,11,0.011243902172285769,0.015533423999656579,24428,394
2,2,12,0.011644317988357744,0.01818765188361768,24428,394
2,2,13,0.033214441106660164,0.02474229894367536,24428,394
2,2,14,0.022146236642582307,0.027706662187853705,24428,394
2,2,15,0.02179056737054641,0.02890316402352913,24428,394
2,2,16,0.02788289870315036,0.029695460067936455,24428,394
2,2,17,0.029848527742332487,0.02932725495773383,24428,394
2,2,18,0.0320650992397028,0.02870240855037633,24428,394
2,2,19,0.04013305695592595,0.02874896526793603,24428,394
2,2,20,0.032116764594025016,0.02944721623651086,24428,394
2,2,21,0.013178742119212217,0.03106025412197715,24428,394
2,2,22,0.016027004076358098,0.028621389959238224,24428,394
2,2,23,0.01901224423287079,0.027800328282094694,24428,394
2,2,24,0.027944268762693847,0.030270441506286903,24428,394
2,2,25,0.04640427802938368,0.03567094490446283,24428,394
2,2,26,0.044051081823268834,0.039010990255047805,24428,394
2,2,27,0.0430450660135176,0.03883991269641167,24428,394
2,2,28,0.04169488043687419,0.038315930885362476,24428,394
2,2,29,0.0393896357402464,0.03868935855410015,24428,394
2,2,30,0.025461173626698197,0.03591818752410005,24428,394
2,2,31,0.04529422389540383,0.03729970065165824,24428,394
2,2,32,0.03283824855184014,0.036486477302669,24428,394
2,2,33,0.017651936584254957,0.038771167921397336,24428,394
2,2,34,0.02404017180204593,0.03709097953645124,24428,394
2,2,35,0.023333589542183397,0.03729998579461956,24428,394
2,2,36,0.02879130651993711,0.0380985156069083,24428,394
2,2,37,0.049435313579926254,0.040787953859179146,24428,394
2,2,38,0.038971318682717915,0.041902776637116265,24428,394
2,2,39,0.04086860336431186,0.04277902350937573,24428,394
2,3,-22,0.044081011715722915,0.026661173884748007,24428,394
2,3,-21,0.0393678366877756,0.025202580462057582,24428,394
2,3,-20,0.0347920771918537,0.024260962388119593,24428,394
2,3,-19,0.0337074150002336,0.022966496869790236,24428,394
2,3,-18,0.031903193574018024,0.023820867113358166,24428,394
2,3,-17,0.023427355548677715,0.022114687454512408,24428,394
2,3,-16,0.004429861884485575,0.023963226820660793,24428,394
2,3,-15,-0.0064695473288239325,0.02567789476708907,24428,394
2,3,-14,-0.0026507532721159327,0.018003675721512433,24428,394
2,3,-13,0.0019945717923350887,0.015577135288325002,24428,394
2,3,-12,0.006554593785155029,0.015366857900995786,24428,394
2,3,-11,0.01793954464672863,0.016663423408790436,24428,394
2,3,-10,0.032514050382834975,0.020253259257025456,24428,394
2,3,-9,0.026603680727748595,0.015781138545213645,24428,394
2,3,-8,0.021726875412332904,0.014346055267487726,24428,394
2,3,-7,0.014305707142623612,0.013683683545162953,24428,394
2,3,-6,0.004210011566695315,0.01371593595437133,24428,394
2,3,-5,-0.005303003554173478,0.014254176653227516,24428,394
2,3,-4,-0.01823056842192069,0.014996202060002826,24428,394
2,3,-3,-0.026577930346673773,0.016248252561565098,24428,394
2,3,-2,-0.010173235496681171,0.008172114637462901,24428,394
2,3,-1,0.0,0.0,24428,394
2,3,0,0.00827108128713061,0.003934896378736815,24428,394
2,3,1,0.014852166942540712,0.007994318866750835,24428,394
2,3,2,0.03445552971947663,0.01222075247496756,24428,394
2,3,3,0.027661023486968972,0.013677128408535565,24428,394
2,3,4,0.02774012395612485,0.014771526419694272,24428,394
2,3,5,0.022965860119500914,0.013803167098087802,24428,394
2,3,6,0.019758699970773952,0.01289670693309404,24428,394
2,3,7,0.017701151040620144,0.010949283421809992,24428,394
2,3,8,0.006254259475008128,0.012548803668186519,24428,394
2,3,9,-0.0061031165849833036,0.017157975429523492,24428,394
2,3,10,0.006617225357944179,0.016861152577012144,24428,394
2,3,11,0.0225777188308377,0.018919096618014362,24428,394
2,3,12,0.030361592025663797,0.01991443234882753,24428,394
2,3,13,0.04513844585226939,0.021362389851587046,24428,394
2,3,14,0.059549108004786744,0.02582097917724966,24428,394
2,3,15,0.05146645472607653,0.02858538388870506,24428,394
2,3,16,0.058175858955173965,0.02971371199684523,24428,394
2,3,17,0.05191542732178367,0.027913224162677774,24428,394
2,3,18,0.047162524589068555,0.025795974538396042,24428,394
2,3,19,0.040438065618959684,0.024278624966568813,24428,394
2,3,20,0.03481528794608724,0.025373107980504607,24428,394
2,3,21,0.022027193035670467,0.026542684593460812,24428,394
2,3,22,0.03285362606214287,0.029294706070569738,24428,394
2,3,23,0.04345348878359662,0.030287994448220078,24428,394
2,3,24,0.055335619507747735,0.032305999811062684,24428,394
2,3,25,0.07782827350473343,0.03523012890380373,24428,394
2,3,26,0.09093090824856387,0.03866717420577322,24428,394
2,3,27,0.09213231373532543,0.040345399944261645,24428,394
2,3,28,0.08831733091160299,0.038617170124192,24428,394
2,3,29,0.07956073725029006,0.03728340908978194,24428,394
2,3,30,0.06084412100998815,0.03246612209675517,24428,394
2,3,31,0.06096098588430737,0.031128961944039194,24428,394
2,3,32,0.0509120128263737,0.032053033371447034,24428,394
2,3,33,0.03707029105697213,0.03431228645480725,24428,394
2,3,34,0.05384624553422923,0.035959295638807676,24428,394
2,3,35,0.060462381912829655,0.03581995831536837,24428,394
2,3,36,0.0708443706896531,0.035921582700528754,24428,394
2,3,37,0.08050471842524032,0.03493593867351584,24428,394
2,3,38,0.09023308664457386,0.036494413011417925,24428,394
2,3,39,0.09094046243176007,0.03919962659720942,24428,394
2,4,-22,-0.04209353293376508,0.03091081763441297,24428,394
2,4,-21,-0.02653167623666577,0.03192621383383195,24428,394
2,4,-20,-0.027044443819179115,0.032099718901959146,24428,394
2,4,-19,-0.029019983243950935,0.03194363824078992,24428,394
2,4,-18,-0.04232366511864635,0.03024289685804082,24428,394
2,4,-17,-0.055055813037866164,0.023596375097037197,24428,394
2,4,-16,-0.0684801698071926,0.026261572581138603,24428,394
2,4,-15,-0.0660661819000263,0.02638005804495613,24428,394
2,4,-14,-0.049946555273931215,0.01985596621245103,24428,394
2,4,-13,-0.03872450713443758,0.017619689634919115,24428,394
2,4,-12,-0.03431692131013078,0.01748701197447256,24428,394
2,4,-11,-0.023174092876777644,0.01788494379162527,24428,394
2,4,-10,-0.014121605184639868,0.020207760480151167,24428,394
2,4,-9,-0.007409110759063822,0.01834567944162964,24428,394
2,4,-8,-0.013050253241436494,0.015929855048171408,24428,394
2,4,-7,-0.019270550360754795,0.013421108951354323,24428,394
2,4,-6,-0.028544701030676384,0.010907294433147974,24428,394
2,4,-5,-0.042084324354204325,0.01138833556969739,24428,394
2,4,-4,-0.048146675688338164,0.02182290419824399,24428,394
2,4,-3,-0.041224302829304615,0.02183451148097063,24428,394
2,4,-2,-0.023450079850480976,0.010982231568454808,24428,394
2,4,-1,0.0,0.0,24428,394
2,4,0,0.010321859367807051,0.004716517005116681,24428,394
2,4,1,0.01481340333438902,0.007829462115485623,24428,394
2,4,2,0.020575886846971758,0.016705237939462613,24428,394
2,4,3,0.028635742056985825,0.013253097888723074,24428,394
2,4,4,0.025479081490499045,0.01302883380158495,24428,394
2,4,5,0.019991871591692967,0.012092501593276683,24428,394
2,4,6,0.010878633630258316,0.012646275565671432,24428,394
2,4,7,-0.003601003081080356,0.01402110665156472,24428,394
2,4,8,-0.010168844711306635,0.024236979279166973,24428,394
2,4,9,-0.006146647297849028,0.025809869581343098,24428,394
2,4,10,0.011443079368612774,0.020189197038419364,24428,394
2,4,11,0.0245321273181085,0.0173131261855462,24428,394
2,4,12,0.028331054916540255,0.01744593484616549,24428,394
2,4,13,0.03197565885960674,0.020634934329919474,24428,394
2,4,14,0.04044914111551523,0.028425720027289804,24428,394
2,4,15,0.04231871321493785,0.026154712438756444,24428,394
2,4,16,0.04023138278142524,0.025459164044583298,24428,394
2,4,17,0.032736279274940605,0.024814729394515005,24428,394
2,4,18,0.02135146869192006,0.025767691897481546,24428,394
2,4,19,0.003771538557836074,0.02707290112428423,24428,394
2,4,20,-0.00931579785179859,0.036303646114088005,24428,394
2,4,21,-0.0035905981679356658,0.03737891496926729,24428,394
2,4,22,0.014881544804419,0.03099836761474832,24428,394
2,4,23,0.023570246360210434,0.029281892173242015,24428,394
2,4,24,0.03180107337905863,0.029338435103485355,24428,394
2,4,25,0.040194803977138815,0.0332069993712397,24428,394
2,4,26,0.05383083314132986,0.0395470933394421,24428,394
2,4,27,0.05310900859283746,0.03715833399624436,24428,394
2,4,28,0.046773383607791374,0.03444656218507752,24428,394
2,4,29,0.03753996795408998,0.034138653051968754,24428,394
2,4,30,0.01940246916467947,0.03600349201927378,24428,394
2,4,31,0.007723805170706477,0.03804047032207058,24428,394
2,4,32,-0.008722824718355005,0.04665937797952397,24428,394
2,4,33,0.0024952412574454907,0.046442366618541765,24428,394
2,4,34,0.023535374968910783,0.04053113407634271,24428,394
2,4,35,0.019361860175360845,0.03773856738519533,24428,394
2,4,36,0.02222699319649485,0.035859416295052446,24428,394
2,4,37,0.026220173179580808,0.03674032776717718,24428,394
2,4,38,0.02755562028925307,0.04309090861554465,24428,394
2,4,39,0.035087428379364516,0.041126429481188304,24428,394
2,5,-22,-0.055312824291658846,0.028110361752983714,24428,394
2,5,-21,-0.041845315549251944,0.02912166967807584,24428,394
2,5,-20,-0.04228799367569397,0.02863770557679012,24428,394
2,5,-19,-0.034750033607393344,0.02827969546298642,24428,394
2,5,-18,-0.041061551237767335,0.02776870824383797,24428,394
2,5,-17,-0.05606805473348584,0.026470174762245453,24428,394
2,5,-16,-0.06897842093126538,0.0256051073732429,24428,394
2,5,-15,-0.06734530143630964,0.02251172125674853,24428,394
2,5,-14,-0.056886723418336116,0.020684304355297545,24428,394
2,5,-13,-0.046180214178152476,0.02082980304100734,24428,394
2,5,-12,-0.04526170063727205,0.01884044382949876,24428,394
2,5,-11,-0.037102973950771306,0.019552928959678473,24428,394
2,5,-10,-0.016143793643336013,0.017087172790028395,24428,394
2,5,-9,-0.009439480183354287,0.016114627811674286,24428,394
2,5,-8,-0.006966619701804289,0.014480599884523278,24428,394
2,5,-7,-0.011740875756303799,0.013703274192487387,24428,394
2,5,-6,-0.02078336191159061,0.012665825409933502,24428,394
2,5,-5,-0.031779722774681565,0.014569710168543904,24428,394
2,5,-4,-0.041379544367104844,0.014188656533005365,24428,394
2,5,-3,-0.03391936000525135,0.00958866341972245,24428,394
2,5,-2,-0.011464035452020807,0.006533519441335852,24428,394
2,5,-1,0.0,0.0,24428,394
2,5,0,0.01257822338161163,0.004982302966057311,24428,394
2,5,1,0.017040892729076385,0.0074575485807935465,24428,394
2,5,2,0.04217299947020936,0.013337656054657218,24428,394
2,5,3,0.042658413442240084,0.012691236985727598,24428,394
2,5,4,0.04479600283749918,0.012547281192832046,24428,394
2,5,5,0.03645052462506476,0.012117420974017128,24428,394
2,5,6,0.032882705600477125,0.012022546147501869,24428,394
2,5,7,0.018048449312767167,0.010796077318521833,24428,394
2,5,8,0.006182262683181838,0.01298278191287481,24428,394
2,5,9,0.010674287540023308,0.013935324859757108,24428,394
2,5,10,0.03262286545866705,0.015402167105719112,24428,394
2,5,11,0.047987248361792856,0.014995472221840557,24428,394
2,5,12,0.04601351649315566,0.01646189793879872,24428,394
2,5,13,0.05336383380018239,0.019060862362317833,24428,394
2,5,14,0.0713612744517661,0.026126983059023105,24428,394
2,5,15,0.07174943006525558,0.02562452295878605,24428,394
2,5,16,0.07333885507992255,0.025538545062004387,24428,394
2,5,17,0.06503705973846907,0.024122813211244813,24428,394
2,5,18,0.05634491706444367,0.02314926760660885,24428,394
2,5,19,0.044494835195613425,0.021566343630955335,24428,394
2,5,20,0.02850536551276528,0.02272884993600922,24428,394
2,5,21,0.034606439437191105,0.02408486581039708,24428,394
2,5,22,0.036604825191816126,0.025508369097829324,24428,394
2,5,23,0.05675467982017651,0.02530610225472006,24428,394
2,5,24,0.06673967633271266,0.027104239743481365,24428,394
2,5,25,0.08511132901338836,0.029555055328714476,24428,394
2,5,26,0.09945793493414734,0.03481056768971641,24428,394
2,5,27,0.10177686073366943,0.033640507590896915,24428,394
2,5,28,0.099248454797568,0.0316136135786166,24428,394
2,5,29,0.08730030825260843,0.03117554532070901,24428,394
2,5,30,0.0618127662825545,0.029417862709622055,24428,394
2,5,31,0.046706304716851554,0.02788539314019771,24428,394
2,5,32,0.025209821845927904,0.028159748457940188,24428,394
2,5,33,0.03307873231690217,0.02978406928280978,24428,394
2,5,34,0.0549664023776657,0.03063381703670454,24428,394
2,5,35,0.06035422085542308,0.031208310300203386,24428,394
2,5,36,0.0544009451995659,0.030933789263221666,24428,394
2,5,37,0.05243357318416492,0.030769136277507568,24428,394
2,5,38,0.06536206023326024,0.03475755852903295,24428,394
2,5,39,0.07235970710846684,0.03448432828836465,24428,394
3,2,-22,-0.015947973207553312,0.03615694023683548,24304,392
3,2,-21,-0.02461910212240541,0.04444716863005952,24304,392
3,2,-20,-0.022620412429902703,0.043704846356628614,24304,392
3,2,-19,-0.023820956469921575,0.04585710578802749,24304,392
3,2,-18,-0.02011209408412984,0.04381504358967449,24304,392
3,2,-17,-0.005195836309200885,0.029161171349197344,24304,392
3,2,-16,-0.008203489977832323,0.02261365377320766,24304,392
3,2,-15,-0.008977638489789937,0.02036021714515747,24304,392
3,2,-14,-0.006782645474119664,0.015122057913345989,24304,392
3,2,-13,-7.147358247824734e-06,0.013016724199972804,24304,392
3,2,-12,0.003267420462777948,0.013579233763476011,24304,392
3,2,-11,0.01061124596404669,0.016556209862549992,24304,392
3,2,-10,-0.006268671389776215,0.021255798143224158,24304,392
3,2,-9,-0.0015187434157551902,0.020658372030909432,24304,392
3,2,-8,0.0019042496583336795,0.01739100422228711,24304,392
3,2,-7,0.0018538191479177315,0.015041732269901036,24304,392
3,2,-6,0.0033246952086523323,0.011380223970238322,24304,392
3,2,-5,0.011409907629335162,0.01057406124400902,24304,392
3,2,-4,0.002528722425139732,0.011583846763432121,24304,392
3,2,-3,-0.009178546862878813,0.015384533943549567,24304,392
3,2,-2,0.00026417413626030235,0.008217841858567384,24304,392
3,2,-1,0.0,0.0,24304,392
3,2,0,-0.0009085419242999375,0.0055894484684274204,24304,392
3,2,1,0.014948431902305595,0.012283308184263892,24304,392
3,2,2,-0.0028254692526628565,0.013487114494248886,24304,392
3,2,3,0.0005075217444829756,0.015298890980600032,24304,392
3,2,4,0.004501883974592183,0.015300659008645013,24304,392
3,2,5,4.886519694459121e-05,0.015129870301992102,24304,392
3,2,6,0.003074395240156791,0.014469292793694306,24304,392
3,2,7,0.011517907526875794,0.013384779866520247,24304,392
3,2,8,0.0055247481323872395,0.013632012430284607,24304,392
3,2,9,-0.0008589272236723365,0.016074467539364454,24304,392
3,2,10,0.003544100056487337,0.013402800152891803,24304,392
3,2,11,-0.0017460602236814907,0.01420085296552225,24304,392
3,2,12,0.004259748825041449,0.017011277202510763,24304,392
3,2,13,0.021083198426287475,0.021891705562802646,24304,392
3,2,14,0.005644942369144909,0.023773297570486455,24304,392
3,2,15,0.010827497181619308,0.025197082273727803,24304,392
3,2,16,0.012681629649281448,0.027078879867992834,24304,392
3,2,17,0.012818476134718811,0.027466227839697755,24304,392
3,2,18,0.013094319247798442,0.027603128309574808,24304,392
3,2,19,0.013999919963200812,0.02864446240570312,24304,392
3,2,20,0.006916145199598489,0.028655576580130418,24304,392
3,2,21,-0.00817971291860025,0.02850655024804281,24304,392
3,2,22,-0.0006181248092820765,0.028639482760747025,24304,392
3,2,23,-0.00016050054752666382,0.029332775151133732,24304,392
3,2,24,0.0029712299560213998,0.03048946092226871,24304,392
3,2,25,0.02394091462030148,0.035063341385267996,24304,392
3,2,26,0.018922730405783433,0.03667504172807574,24304,392
3,2,27,0.015924301863633035,0.0385639753521031,24304,392
3,2,28,0.017142817865807722,0.038400419824205646,24304,392
3,2,29,0.02061767568881321,0.03983940503758813,24304,392
3,2,30,0.0008525833537248589,0.03858982194309219,24304,392
3,2,31,0.016798979154580503,0.03974984725956132,24304,392
3,2,32,0.009396526436011167,0.039156192058701265,24304,392
3,2,33,-1.2051428722278934e-05,0.039768734936647475,24304,392
3,2,34,0.005839828565650372,0.040261769412477305,24304,392
3,2,35,0.010853915325672876,0.04163715731267319,24304,392
3,2,36,0.010619285341201837,0.04251672264435071,24304,392
3,2,37,0.02674234702295408,0.044447650858018425,24304,392
3,2,38,0.021744377939524787,0.04497573777417499,24304,392
3,2,39,0.026752054687182975,0.04549871681360229,24304,392
3,3,-22,0.0036128440866677602,0.019936967585738145,24304,392
3,3,-21,0.008361754390376095,0.02096324718564691,24304,392
3,3,-20,0.0034259486342651524,0.01918728066066718,24304,392
3,3,-19,0.007670225357510559,0.020162333185718112,24304,392
3,3,-18,0.007294412603521205,0.01947812999355612,24304,392
3,3,-17,-0.0005758615032752899,0.01733807688674222,24304,392
3,3,-16,-0.009197870145389558,0.018702791086357563,24304,392
3,3,-15,-0.016790074285611387,0.01845433488224182,24304,392
3,3,-14,-0.022159181678186785,0.014204564964204146,24304,392
3,3,-13,-0.01660691495502992,0.01225697069603929,24304,392
3,3,-12,-0.014292715267877398,0.011609311151737647,24304,392
3,3,-11,-0.010791819027075693,0.013516896455494457,24304,392
3,3,-10,0.011478864363438784,0.015426394132265828,24304,392
3,3,-9,0.013927276250183149,0.012387718403441045,24304,392
3,3,-8,0.012591488029931465,0.011422998751216574,24304,392
3,3,-7,0.006964676853369079,0.010982750278252497,24304,392
3,3,-6,0.001286422769795341,0.009335986603764638,24304,392
3,3,-5,-0.002371047198127604,0.009613336729079673,24304,392
3,3,-4,-0.006188460488943184,0.009176905200837516,24304,392
3,3,-3,-0.012046597938918595,0.009392329482668077,24304,392
3,3,-2,-0.0046128038959695195,0.005880005233361488,24304,392
3,3,-1,0.0,0.0,24304,392
3,3,0,0.003846961303315591,0.003326432039446406,24304,392
3,3,1,0.006960715671915427,0.0069940853010198945,24304,392
3,3,2,0.026868611410987314,0.009981187485943437,24304,392
3,3,3,0.02211205714942747,0.010806685788671418,24304,392
3,3,4,0.025712021601715693,0.012028767216768294,24304,392
3,3,5,0.023259091136495255,0.012182352790915164,24304,392
3,3,6,0.022832462519178497,0.011885047974064188,24304,392
3,3,7,0.01819011562164007,0.010005819817297925,24304,392
3,3,8,0.023275395976716358,0.010773028324999082,24304,392
3,3,9,0.016474504210895885,0.010560876624988547,24304,392
3,3,10,0.02361027599999139,0.010004582060448967,24304,392
3,3,11,0.02532117104197008,0.01242109515688848,24304,392
3,3,12,0.03278939574290341,0.014454376129035234,24304,392
3,3,13,0.04520296890399049,0.015442658220617696,24304,392
3,3,14,0.05789275767021282,0.019083999129266248,24304,392
3,3,15,0.0573291951050795,0.020158409740164883,24304,392
3,3,16,0.05753623036237876,0.0205334216527944,24304,392
3,3,17,0.05319027813712821,0.02016453090363763,24304,392
3,3,18,0.046489188994819165,0.02009014691641258,24304,392
3,3,19,0.03629373779492895,0.018599892366207037,24304,392
3,3,20,0.038963416764376334,0.01918870433759358,24304,392
3,3,21,0.03054646494281796,0.01840930430424772,24304,392
3,3,22,0.03808035261940044,0.018296965879938128,24304,392
3,3,23,0.041241353860794264,0.020738736529088045,24304,392
3,3,24,0.051147457678589525,0.02248333337792797,24304,392
3,3,25,0.07351616397548871,0.02549818449781375,24304,392
3,3,26,0.0901029473404254,0.027746200665826816,24304,392
3,3,27,0.08478437779074864,0.029309705178951,24304,392
3,3,28,0.0815070371899709,0.029696956526860357,24304,392
3,3,29,0.08126772651501148,0.030378150509911276,24304,392
3,3,30,0.06209734588506101,0.02859474622470997,24304,392
3,3,31,0.05645231907400798,0.027086083316897012,24304,392
3,3,32,0.05562729908908885,0.02689093250008733,24304,392
3,3,33,0.04856027551018982,0.02618152656686033,24304,392
3,3,34,0.056005475140095476,0.027403932465825464,24304,392
3,3,35,0.05995776996905713,0.02829693032401278,24304,392
3,3,36,0.06299445967083031,0.02861351622962966,24304,392
3,3,37,0.07399049115640247,0.029446270334745762,24304,392
3,3,38,0.08905557080141867,0.032038532955489356,24304,392
3,3,39,0.09074241737365482,0.03321485659699722,24304,392
3,4,-22,-0.02636086841768981,0.022988636391790114,24304,392
3,4,-21,-0.01805912386791783,0.02368218243746187,24304,392
3,4,-20,-0.017923930295550172,0.022773678469044076,24304,392
3,4,-19,-0.011598986554446689,0.023567364761249036,24304,392
3,4,-18,-0.013542337930265158,0.02232229315276461,24304,392
3,4,-17,-0.02971574783402914,0.01889606208639696,24304,392
3,4,-16,-0.04002966330064828,0.01781068011311214,24304,392
3,4,-15,-0.03616566048884581,0.016001844054482302,24304,392
3,4,-14,-0.042801191954232265,0.013202845241900657,24304,392
3,4,-13,-0.038869088540596244,0.011786109803207625,24304,392
3,4,-12,-0.03546264724454437,0.01176988472660555,24304,392
3,4,-11,-0.028936877544998588,0.013694578066597362,24304,392
3,4,-10,-0.005566309277902859,0.015757533489631256,24304,392
3,4,-9,0.00190698775277107,0.013799408466724658,24304,392
3,4,-8,-0.004982355702120245,0.012621544451247904,24304,392
3,4,-7,-0.0104528149026255,0.010874115320178939,24304,392
3,4,-6,-0.01026295717322967,0.008569855988114038,24304,392
3,4,-5,-0.017864041221399486,0.009498281765410128,24304,392
3,4,-4,-0.01904324165531812,0.010202250923973132,24304,392
3,4,-3,-0.014441309060203373,0.009837822027930498,24304,392
3,4,-2,-0.013441031260409242,0.006248976483681792,24304,392
3,4,-1,0.0,0.0,24304,392
3,4,0,0.0025871894547480345,0.0033743829780167258,24304,392
3,4,1,0.01055895523164156,0.00658669932248847,24304,392
3,4,2,0.026663918858055774,0.01010874121505976,24304,392
3,4,3,0.02576384517371359,0.0094248980879573,24304,392
3,4,4,0.028068298007935782,0.009644379482441059,24304,392
3,4,5,0.028008097932764563,0.009735733202950516,24304,392
3,4,6,0.02897098364134401,0.010273999357859947,24304,392
3,4,7,0.015511182348159139,0.008927243691396695,24304,392
3,4,8,0.021078597775261998,0.01227537370256901,24304,392
3,4,9,0.024145856370597525,0.013063201619968705,24304,392
3,4,10,0.029564343793040404,0.01192603849977529,24304,392
3,4,11,0.02899777098520065,0.012440774683027527,24304,392
3,4,12,0.03482176751539928,0.013667377645705026,24304,392
3,4,13,0.04224858905521976,0.015261696709312409,24304,392
3,4,14,0.05507597392160424,0.019045417906741493,24304,392
3,4,15,0.05675014472138183,0.01937230648937383,24304,392
3,4,16,0.05622676401024054,0.019645389390788713,24304,392
3,4,17,0.05605007392691705,0.0197452506075929,24304,392
3,4,18,0.04822312910115997,0.020743881457764544,24304,392
3,4,19,0.034219588791954636,0.019909730360949004,24304,392
3,4,20,0.03066706912108999,0.023259791525309357,24304,392
3,4,21,0.031473187973149214,0.023746921532101173,24304,392
3,4,22,0.040221150190260346,0.02295566336692929,24304,392
3,4,23,0.04520368498142378,0.024694064393290995,24304,392
3,4,24,0.04759352597797603,0.02562677789563059,24304,392
3,4,25,0.061302783287277035,0.028244508945273715,24304,392
3,4,26,0.07767446300932895,0.031108228565847783,24304,392
3,4,27,0.07632359500016866,0.03150566424250557,24304,392
3,4,28,0.07346437612503642,0.0311547545861077,24304,392
3,4,29,0.06693915003487462,0.032602752969912344,24304,392
3,4,30,0.048791239166981304,0.0336619302094365,24304,392
3,4,31,0.03964097209365096,0.033145673369294706,24304,392
3,4,32,0.03077916904183728,0.034996384952862995,24304,392
3,4,33,0.03956092301805149,0.03527987208116119,24304,392
3,4,34,0.048179428780685235,0.03491006881685276,24304,392
3,4,35,0.04917319546376836,0.03504330283324876,24304,392
3,4,36,0.045447532847087024,0.03476888510181583,24304,392
3,4,37,0.05620260058610523,0.036536715850137805,24304,392
3,4,38,0.07004363611405462,0.039915355393916455,24304,392
3,4,39,0.07920820226548039,0.04011613939950705,24304,392
3,5,-22,-0.061854110842735066,0.02444677580426737,24304,392
3,5,-21,-0.04792833011174544,0.02465826568983315,24304,392
3,5,-20,-0.04613928221596297,0.023298411107853526,24304,392
3,5,-19,-0.03691256878962568,0.02341150858123178,24304,392
3,5,-18,-0.03404239078365745,0.022587511645091242,24304,392
3,5,-17,-0.05442860628446276,0.021231470128379466,24304,392
3,5,-16,-0.06179674782276817,0.020211565992201364,24304,392
3,5,-15,-0.05908040597763589,0.018027466204075655,24304,392
3,5,-14,-0.059115679736105875,0.016130895444763423,24304,392
3,5,-13,-0.05070171475264456,0.015428318857736418,24304,392
3,5,-12,-0.04782050076496602,0.014672328729705218,24304,392
3,5,-11,-0.043011159463367546,0.01599224624152921,24304,392
3,5,-10,-0.012279660816138904,0.01624104930361465,24304,392
3,5,-9,-0.0033360934763501954,0.01400582426963849,24304,392
3,5,-8,-3.6552497272329676e-05,0.012547861716693183,24304,392
3,5,-7,-0.0013136376365507638,0.011933430089069335,24304,392
3,5,-6,-0.005440998987498238,0.010092452394274814,24304,392
3,5,-5,-0.01622402321181355,0.010852697749489684,24304,392
3,5,-4,-0.017109039143072213,0.009889642220355729,24304,392
3,5,-3,-0.013196392290533928,0.007425454745253249,24304,392
3,5,-2,-0.004111587521299198,0.006556170854075289,24304,392
3,5,-1,0.0,0.0,24304,392
3,5,0,0.009096614627643329,0.004492553938569847,24304,392
3,5,1,0.010136043804684561,0.007002655253707275,24304,392
3,5,2,0.03519342818596795,0.010723667865064809,24304,392
3,5,3,0.03619402383712451,0.010854039074163794,24304,392
3,5,4,0.039344664987111824,0.011003395876181331,24304,392
3,5,5,0.040125981431504545,0.011211636068261248,24304,392
3,5,6,0.04224221784139022,0.011683365019803327,24304,392
3,5,7,0.02821385903861129,0.010379119522259936,24304,392
3,5,8,0.03189725686667691,0.012609361966415529,24304,392
3,5,9,0.037088357942662305,0.012416315989378703,24304,392
3,5,10,0.04437614079043298,0.011999725008580217,24304,392
3,5,11,0.04793160332713446,0.012836813466900507,24304,392
3,5,12,0.05430192355070429,0.01507964023377854,24304,392
3,5,13,0.059904957399493974,0.015545517446446522,24304,392
3,5,14,0.07873240000615456,0.019343719127603368,24304,392
3,5,15,0.08429846943392805,0.01973761701996547,24304,392
3,5,16,0.08296320033779082,0.02031973502312391,24304,392
3,5,17,0.08164626167441164,0.02034155266457279,24304,392
3,5,18,0.06953344054486078,0.020559887427931293,24304,392
3,5,19,0.059646450558131045,0.019542959267162652,24304,392
3,5,20,0.05037857725948708,0.020850758754328107,24304,392
3,5,21,0.05349136436156095,0.020801910694837663,24304,392
3,5,22,0.058361398068569395,0.02138896676347835,24304,392
3,5,23,0.07115707348784549,0.021976496449828683,24304,392
3,5,24,0.078988742070145,0.023094594466455627,24304,392
3,5,25,0.09545682086102869,0.026201455441108343,24304,392
3,5,26,0.11944194650987737,0.02880995957586848,24304,392
3,5,27,0.11801957411799321,0.029545398490100988,24304,392
3,5,28,0.11537921900057169,0.029449413542470486,24304,392
3,5,29,0.11259884171641145,0.03028451336533059,24304,392
3,5,30,0.09387363085690507,0.029621660597736566,24304,392
3,5,31,0.07858263278469146,0.028151881557816123,24304,392
3,5,32,0.07145790027435268,0.028572925416003852,24304,392
3,5,33,0.07802710156857758,0.02919937623376435,24304,392
3,5,34,0.08803212122197093,0.02984984886768686,24304,392
3,5,35,0.09182757673257291,0.030651255296064075,24304,392
3,5,36,0.08815049616115747,0.031130510858529283,24304,392
3,5,37,0.09469611794306551,0.03191862635632709,24304,392
3,5,38,0.11696933622336829,0.03561837163808655,24304,392
3,5,39,0.12523234239635817,0.03568197078556434,24304,392
4,2,-22,-0.0008038165430996336,0.03332143477677641,24304,392
4,2,-21,-0.0010711598786420327,0.03808965898920586,24304,392
4,2,-20,0.0016847099165668289,0.03838558186836745,24304,392
4,2,-19,-0.00044387818509641214,0.04027462174130713,24304,392
4,2,-18,0.005942815301307192,0.03685553215775886,24304,392
4,2,-17,0.015185593766354758,0.02603409909836094,24304,392
4,2,-16,0.006324645471266821,0.018480055294829992,24304,392
4,2,-15,-0.005295718022371568,0.018197438377616334,24304,392
4,2,-14,-0.003617730337968139,0.015560380794240833,24304,392
4,2,-13,0.00409122846242084,0.014822195331690371,24304,392
4,2,-12,0.0111135246296305,0.01460364262084073,24304,392
4,2,-11,0.020478299041071894,0.015516123172227392,24304,392
4,2,-10,0.005308801318475442,0.01783360201722567,24304,392
4,2,-9,0.0036475362038291114,0.017624904179956245,24304,392
4,2,-8,0.00488114833585096,0.015904691168402617,24304,392
4,2,-7,0.011919532283264214,0.013064499347875241,24304,392
4,2,-6,0.00993614281227756,0.009781453963907009,24304,392
4,2,-5,0.011942054287395011,0.008797422637364308,24304,392
4,2,-4,0.0018593654898978497,0.0106042182784143,24304,392
4,2,-3,-0.00734614551216599,0.013233441977215023,24304,392
4,2,-2,0.003858366239706367,0.006916559275803128,24304,392
4,2,-1,0.0,0.0,24304,392
4,2,0,0.003666342590856131,0.003367620474320389,24304,392
4,2,1,0.012355982087604522,0.010167664635739709,24304,392
4,2,2,0.0006799233579432018,0.012315008836790622,24304,392
4,2,3,0.004936834260580614,0.014675770078753772,24304,392
4,2,4,0.007801239180877884,0.014238715857966157,24304,392
4,2,5,0.004991603135004463,0.01419981099528315,24304,392
4,2,6,0.0053089361849446015,0.013853074817264492,24304,392
4,2,7,0.005073480255293028,0.013820442385474054,24304,392
4,2,8,0.0016805903137773748,0.015849193018602936,24304,392
4,2,9,-0.008362141314375793,0.0174108577769333,24304,392
4,2,10,-0.00216819710946331,0.016129682847939714,24304,392
4,2,11,-0.003376613633692016,0.016222171252068904,24304,392
4,2,12,0.006911107070838252,0.018926045468920346,24304,392
4,2,13,0.020253694122294164,0.02314655418504236,24304,392
4,2,14,0.01185649103920755,0.028014287381980644,24304,392
4,2,15,0.013671748418374818,0.029532238730899156,24304,392
4,2,16,0.01779350116976275,0.03072482592307711,24304,392
4,2,17,0.018107894564872856,0.03258079984736116,24304,392
4,2,18,0.01658226367899418,0.03166880747775067,24304,392
4,2,19,0.02029604178444544,0.031440618200256794,24304,392
4,2,20,0.010195160434207207,0.03263601925465656,24304,392
4,2,21,-0.0011634266045939534,0.031263559115678914,24304,392
4,2,22,0.007535444393948154,0.030533629629097215,24304,392
4,2,23,0.010556876647125735,0.030575586165292774,24304,392
4,2,24,0.01540769117362778,0.03280907799801339,24304,392
4,2,25,0.03373312799892603,0.03754688869632888,24304,392
4,2,26,0.026579747456299818,0.04002050715826293,24304,392
4,2,27,0.029518798374152222,0.04112747476813042,24304,392
4,2,28,0.028786924296091698,0.04060831146266704,24304,392
4,2,29,0.028628789001006683,0.040492147685593206,24304,392
4,2,30,0.020259169548476452,0.03896363609793329,24304,392
4,2,31,0.030925742841205583,0.03960459540124224,24304,392
4,2,32,0.022623202241716545,0.0403528389747688,24304,392
4,2,33,0.012632843712997499,0.040559345588372576,24304,392
4,2,34,0.02325945446775618,0.04031192078800205,24304,392
4,2,35,0.025521036340005937,0.04107692726288034,24304,392
4,2,36,0.027701607784456794,0.04140642794661075,24304,392
4,2,37,0.04333570370210682,0.043539171252468784,24304,392
4,2,38,0.037103419030191764,0.04542546271786783,24304,392
4,2,39,0.04181197064336292,0.046967469913599964,24304,392
4,3,-22,0.06015908881091578,0.020006749095331757,24304,392
4,3,-21,0.05913376344100192,0.02265540097665359,24304,392
4,3,-20,0.05924599634991415,0.021265199963753766,24304,392
4,3,-19,0.062130039311417404,0.021041976887111496,24304,392
4,3,-18,0.057802822141744786,0.0197843722343965,24304,392
4,3,-17,0.04648343219672979,0.016911518503393994,24304,392
4,3,-16,0.029902125449110084,0.015218230761203533,24304,392
4,3,-15,0.019086315891117915,0.015459410696544044,24304,392
4,3,-14,0.012230119544593562,0.014522550936199388,24304,392
4,3,-13,0.015736507901447858,0.013686861601601081,24304,392
4,3,-12,0.01466469072028724,0.012971096056026697,24304,392
4,3,-11,0.01917391921790939,0.01289968056478241,24304,392
4,3,-10,0.03399866634130755,0.013311585745850911,24304,392
4,3,-9,0.028263405850808485,0.011860741312499996,24304,392
4,3,-8,0.020014933076210488,0.010985251455615254,24304,392
4,3,-7,0.018210734275603782,0.010369625802418143,24304,392
4,3,-6,0.00826121951330859,0.008796632557032414,24304,392
4,3,-5,0.0010466286165421463,0.008329215850293089,24304,392
4,3,-4,-0.0012607664932132376,0.00789986181340078,24304,392
4,3,-3,-0.003826214523548304,0.0075764385629675515,24304,392
4,3,-2,0.00027338163080303096,0.0041690126923855965,24304,392
4,3,-1,0.0,0.0,24304,392
4,3,0,0.003062112960800001,0.0028337997786099666,24304,392
4,3,1,0.005777909831409467,0.007084800110922182,24304,392
4,3,2,0.02720042700209463,0.010111812896881059,24304,392
4,3,3,0.02546837776654476,0.010742278610275106,24304,392
4,3,4,0.025866430335287016,0.010722993664060772,24304,392
4,3,5,0.02354482402419128,0.010892319660214363,24304,392
4,3,6,0.01962645121629525,0.010692415874034553,24304,392
4,3,7,0.014164312583029193,0.009462351406594377,24304,392
4,3,8,0.01611269078203581,0.011609834550053419,24304,392
4,3,9,0.010536947915972095,0.011838377725323508,24304,392
4,3,10,0.012949565983214062,0.011960835456656613,24304,392
4,3,11,0.014097987236323328,0.013312958539706906,24304,392
4,3,12,0.022550684475764915,0.015465079673332533,24304,392
4,3,13,0.0320205002624,0.018204092783622904,24304,392
4,3,14,0.04901358519832527,0.021890599164743355,24304,392
4,3,15,0.047955261163249246,0.02281094867593914,24304,392
4,3,16,0.05042373394885358,0.023908194117150675,24304,392
4,3,17,0.04536381220280816,0.02417237372044208,24304,392
4,3,18,0.038731854588513914,0.02302142432535505,24304,392
4,3,19,0.03438223762771253,0.021834403053464443,24304,392
4,3,20,0.03132923082650224,0.02309882927010222,24304,392
4,3,21,0.026315007885274744,0.02095893345659613,24304,392
4,3,22,0.03278550410354186,0.021061362354767868,24304,392
4,3,23,0.034249700296074326,0.02162276546635034,24304,392
4,3,24,0.042057659998692154,0.02300604865343898,24304,392
4,3,25,0.06371908543701843,0.027469966894022146,24304,392
4,3,26,0.0758923133045648,0.02971636420548983,24304,392
4,3,27,0.07956569557812251,0.030096328046166895,24304,392
4,3,28,0.07515439033698873,0.02943766270089445,24304,392
4,3,29,0.07152257534839632,0.02822364261742767,24304,392
4,3,30,0.057260199652356625,0.025457329201730758,24304,392
4,3,31,0.05352764537319388,0.024481915131987317,24304,392
4,3,32,0.05216327510619678,0.02533004409877962,24304,392
4,3,33,0.045433426199319005,0.02527570984552564,24304,392
4,3,34,0.053514934609668274,0.025337805365601936,24304,392
4,3,35,0.05183054129744835,0.02605357323204403,24304,392
4,3,36,0.05757822487994019,0.026285889611018156,24304,392
4,3,37,0.06617869268912374,0.027500202231639837,24304,392
4,3,38,0.08021051186466166,0.030271548204840605,24304,392
4,3,39,0.08451224366477314,0.03148506261058098,24304,392
4,4,-22,0.01912969371855469,0.02138501476475952,24304,392
4,4,-21,0.023236502610475645,0.02294220424102267,24304,392
4,4,-20,0.027233502445311725,0.021829452252808766,24304,392
4,4,-19,0.028469097313404343,0.022018524702850876,24304,392
4,4,-18,0.025107619818169433,0.020335994683008948,24304,392
4,4,-17,0.01239655130210748,0.017179672297260824,24304,392
4,4,-16,-0.0009228255332448254,0.01617532022634127,24304,392
4,4,-15,-0.002511668219093332,0.016538971065840364,24304,392
4,4,-14,-0.011503404331324019,0.01548412233144121,24304,392
4,4,-13,-0.007847948998914061,0.013829154325483697,24304,392
4,4,-12,-0.009414317701811142,0.013424680788094227,24304,392
4,4,-11,-0.0014044563597527594,0.013596875972060593,24304,392
4,4,-10,0.01701440867936388,0.01323777731906562,24304,392
4,4,-9,0.014570505289243836,0.011832831827572927,24304,392
4,4,-8,0.010065691367408341,0.010661800965739323,24304,392
4,4,-7,0.008449358663789873,0.009627510375761832,24304,392
4,4,-6,0.0026941504610783484,0.007820495142565831,24304,392
4,4,-5,-0.008104353567843612,0.007870251702710811,24304,392
4,4,-4,-0.007900803643099447,0.008342950782084023,24304,392
4,4,-3,-0.0032767760784420275,0.007490713571757993,24304,392
4,4,-2,-0.0034946707003772337,0.004596016249827806,24304,392
4,4,-1,0.0,0.0,24304,392
4,4,0,0.008692614904636187,0.0026409644934305677,24304,392
4,4,1,0.011948213487930681,0.006638577006144638,24304,392
4,4,2,0.032975641450185555,0.009787127930981496,24304,392
4,4,3,0.031891256977421345,0.00998700887223646,24304,392
4,4,4,0.031797474661598046,0.009375601343556274,24304,392
4,4,5,0.03248625613952111,0.009762515387652508,24304,392
4,4,6,0.02813654536155963,0.010188429896941431,24304,392
4,4,7,0.014736945522430878,0.009274780803923834,24304,392
4,4,8,0.019767467464868183,0.012270683616293158,24304,392
4,4,9,0.023425404026966856,0.012225625638945168,24304,392
4,4,10,0.028115010841843202,0.012612897861956242,24304,392
4,4,11,0.025726149233931128,0.013625109611143448,24304,392
4,4,12,0.03249791071440389,0.015894799978891247,24304,392
4,4,13,0.03867059434021286,0.018407661273309395,24304,392
4,4,14,0.057633078571003304,0.022292062154892732,24304,392
4,4,15,0.058559526278980506,0.022815107843463432,24304,392
4,4,16,0.06274358279122899,0.023607730922417462,24304,392
4,4,17,0.05868367043743544,0.024337327230271846,24304,392
4,4,18,0.05108619493799438,0.023499925504005065,24304,392
4,4,19,0.042868788015922255,0.022299583563165953,24304,392
4,4,20,0.03656607028431463,0.024338170984030176,24304,392
4,4,21,0.04582876413055903,0.022840538007456182,24304,392
4,4,22,0.05230819897843558,0.022683325130878097,24304,392
4,4,23,0.05526570084608173,0.023652614373704473,24304,392
4,4,24,0.06288434705129314,0.025010539265415764,24304,392
4,4,25,0.07201429917839813,0.029548450745217263,24304,392
4,4,26,0.08858336376631248,0.03196918308537366,24304,392
4,4,27,0.09161166896910186,0.0319493886245329,24304,392
4,4,28,0.09132483592378332,0.03157210669461705,24304,392
4,4,29,0.08608259061051182,0.031093704341258382,24304,392
4,4,30,0.0729585857666738,0.02991790939793933,24304,392
4,4,31,0.06168442542071345,0.029082124413757567,24304,392
4,4,32,0.05608050079977589,0.031156060758459562,24304,392
4,4,33,0.06588749743887773,0.031195441942022818,24304,392
4,4,34,0.07204240729022726,0.030923520979089528,24304,392
4,4,35,0.0708066226115267,0.031169314587052212,24304,392
4,4,36,0.07114312211507956,0.03176461018252289,24304,392
4,4,37,0.08077852274862396,0.03276473404604345,24304,392
4,4,38,0.09637907003888779,0.03570614266888313,24304,392
4,4,39,0.1066075535210142,0.036283629212161404,24304,392
4,5,-22,0.027916361411405743,0.020055990806354715,24304,392
4,5,-21,0.034635602970505566,0.021617208369292408,24304,392
4,5,-20,0.03541526217383878,0.02026135324901422,24304,392
4,5,-19,0.045514220698625464,0.0203530946328288,24304,392
4,5,-18,0.04017518246690427,0.019115467655738103,24304,392
4,5,-17,0.019679435773290916,0.017348858700708753,24304,392
4,5,-16,0.004644045446694722,0.016061065862737475,24304,392
4,5,-15,-0.0008371072355935032,0.01659026129103091,24304,392
4,5,-14,-0.007615778601886114,0.015701369531926967,24304,392
4,5,-13,-0.00530682623377527,0.01435026184376125,24304,392
4,5,-12,-0.006499886357465123,0.013469508012358298,24304,392
4,5,-11,-0.0018474597266609255,0.013666904251235259,24304,392
4,5,-10,0.01588311049848598,0.012733227205326573,24304,392
4,5,-9,0.015404631993291125,0.011277833375992401,24304,392
4,5,-8,0.012022555691790782,0.00991033880798275,24304,392
4,5,-7,0.014677097802619008,0.009916568285224144,24304,392
4,5,-6,0.006731812550329452,0.00818496978806819,24304,392
4,5,-5,-0.0054089962332321655,0.008596056058920326,24304,392
4,5,-4,-0.004126173061246269,0.008264511143587363,24304,392
4,5,-3,0.00017713502681568913,0.006492797899028529,24304,392
4,5,-2,0.0025017422644540294,0.0052189691977528405,24304,392
4,5,-1,0.0,0.0,24304,392
4,5,0,0.009198975186301972,0.00428640460599978,24304,392
4,5,1,0.009364429720121581,0.0073780610761980244,24304,392
4,5,2,0.03691151863174036,0.01015790245350475,24304,392
4,5,3,0.03718311651058459,0.010788208499459667,24304,392
4,5,4,0.03674863216557228,0.009964042393067868,24304,392
4,5,5,0.036748845088440674,0.010594039726657989,24304,392
4,5,6,0.030903810121903685,0.010703231245982681,24304,392
4,5,7,0.016488397558389434,0.00988499898315546,24304,392
4,5,8,0.021814157253553512,0.012139003796988002,24304,392
4,5,9,0.025875125649168162,0.011460573651930006,24304,392
4,5,10,0.032017373691693274,0.012401288486721963,24304,392
4,5,11,0.03264273436612336,0.013529248842156078,24304,392
4,5,12,0.035165398391305835,0.01607546353051205,24304,392
4,5,13,0.04242509336341277,0.01835776783358097,24304,392
4,5,14,0.06642697915136919,0.02277599959441646,24304,392
4,5,15,0.06961394070993673,0.023110980823702987,24304,392
4,5,16,0.07026706720276998,0.024145496000304217,24304,392
4,5,17,0.06890771142209001,0.024824565017248237,24304,392
4,5,18,0.057575081632240455,0.023745537882173248,24304,392
4,5,19,0.04951587920556627,0.022751991126105313,24304,392
4,5,20,0.04335041213186186,0.024099883913737966,24304,392
4,5,21,0.051372413154791574,0.02232354867637211,24304,392
4,5,22,0.05714556306243873,0.022389110099426394,24304,392
4,5,23,0.06186297233306193,0.023126547528772093,24304,392
4,5,24,0.07128532393652037,0.02465449984193103,24304,392
4,5,25,0.08718836999518198,0.028544482567802662,24304,392
4,5,26,0.1035723243666779,0.031222122444207096,24304,392
4,5,27,0.11036370220970365,0.03135201093723483,24304,392
4,5,28,0.10882241037821822,0.030659823733387322,24304,392
4,5,29,0.10472071786947693,0.029913303096943154,24304,392
4,5,30,0.09232255664796596,0.02797886130325548,24304,392
4,5,31,0.0785127033477449,0.027241031854565327,24304,392
4,5,32,0.07524427788509397,0.02827994061105998,24304,392
4,5,33,0.08426619726744661,0.02832391103825013,24304,392
4,5,34,0.0944406257917419,0.02875448361798753,24304,392
4,5,35,0.09466758684233723,0.03005701798328903,24304,392
4,5,36,0.09449252713616807,0.030609923601982766,24304,392
4,5,37,0.10036994482736994,0.03120857392054438,24304,392
4,5,38,0.12206326155770209,0.03497033000752055,24304,392
4,5,39,0.1310623688052157,0.03599150905648183,24304,392
5,2,-22,0.019471400391337018,0.03196331742660297,24304,392
5,2,-21,0.01936157094935438,0.03476818447247939,24304,392
5,2,-20,0.019364169638942053,0.034243827381800034,24304,392
5,2,-19,0.0194570662298001,0.035905109089889815,24304,392
5,2,-18,0.019001562901401856,0.03523119247461431,24304,392
5,2,-17,0.022958806121121212,0.02715654825778926,24304,392
5,2,-16,0.015373329351333197,0.021778062538291464,24304,392
5,2,-15,0.003442026901695079,0.0180231519905799,24304,392
5,2,-14,0.008637965926326709,0.013676174000990441,24304,392
5,2,-13,0.013615482636513474,0.011610546656735943,24304,392
5,2,-12,0.015473253764059967,0.011499380548897417,24304,392
5,2,-11,0.02539050475258588,0.013638722314274236,24304,392
5,2,-10,0.01207064165677019,0.01805619806518628,24304,392
5,2,-9,0.01213209897512048,0.01707530233518282,24304,392
5,2,-8,0.01219470083849528,0.013593854519189024,24304,392
5,2,-7,0.011481264790408568,0.011020038516412598,24304,392
5,2,-6,0.011167604037430827,0.008683552647786783,24304,392
5,2,-5,0.007670779669422596,0.006370228356735315,24304,392
5,2,-4,0.002176433810479359,0.007763614913508171,24304,392
5,2,-3,-0.010031098320949509,0.010445681445171242,24304,392
5,2,-2,-0.001837582694039783,0.006329196423892649,24304,392
5,2,-1,0.0,0.0,24304,392
5,2,0,0.004014890481007283,0.002791534825653766,24304,392
5,2,1,0.013845151292017476,0.007432319037999755,24304,392
5,2,2,0.006106673418435482,0.01048453374158417,24304,392
5,2,3,0.003499767397771754,0.012219433128088769,24304,392
5,2,4,0.0053079119492603945,0.011333079801469106,24304,392
5,2,5,0.005638570855569382,0.011862353847962666,24304,392
5,2,6,0.0016392746790704106,0.010541899148172773,24304,392
5,2,7,0.0006690769672359504,0.010908262886117126,24304,392
5,2,8,-0.007396551019377473,0.013927077277109146,24304,392
5,2,9,-0.017123351008734907,0.016606216423836435,24304,392
5,2,10,-0.01329050093126289,0.012644028450576493,24304,392
5,2,11,-0.01398957803725508,0.011561218179317108,24304,392
5,2,12,-0.012446710315124152,0.012809543355887569,24304,392
5,2,13,-0.0016679268634871118,0.016346202259480032,24304,392
5,2,14,-0.011698267894054176,0.021084167539681575,24304,392
5,2,15,-0.01198050959690531,0.02149865158864392,24304,392
5,2,16,-0.008874131642381197,0.02170558317912096,24304,392
5,2,17,-0.009720588043911415,0.022736393586756373,24304,392
5,2,18,-0.009216962932810924,0.02177921558119889,24304,392
5,2,19,-0.011769182487103111,0.022304156865703965,24304,392
5,2,20,-0.022656972758392777,0.024774288180970876,24304,392
5,2,21,-0.03709286578648656,0.02545386012776958,24304,392
5,2,22,-0.03163012203474852,0.024292908717799953,24304,392
5,2,23,-0.028942526528302252,0.022970744550623996,24304,392
5,2,24,-0.02999820189386064,0.023790288353887162,24304,392
5,2,25,-0.01866233820516759,0.028265841658007454,24304,392
5,2,26,-0.025437047192616496,0.030604475523272924,24304,392
5,2,27,-0.025333079917489187,0.03137132315716204,24304,392
5,2,28,-0.027750352097312796,0.03037995665941988,24304,392
5,2,29,-0.025813662416551617,0.030585886731545366,24304,392
5,2,30,-0.036120129038779286,0.029375941775039077,24304,392
5,2,31,-0.024580528090927027,0.0312261012140742,24304,392
5,2,32,-0.03497614309160465,0.03168089134024658,24304,392
5,2,33,-0.049533230280824486,0.03250217653692534,24304,392
5,2,34,-0.042491853253284764,0.03176493760363972,24304,392
5,2,35,-0.03718436877926259,0.030855956343754626,24304,392
5,2,36,-0.035524197096581965,0.030392564461260624,24304,392
5,2,37,-0.028405389748780742,0.0320473672588808,24304,392
5,2,38,-0.03385458932919033,0.033914629492424554,24304,392
5,2,39,-0.029634898499108674,0.034500438339906486,24304,392
5,3,-22,0.08211634919388619,0.02242732043196677,24304,392
5,3,-21,0.08325137597810345,0.023008717305431716,24304,392
5,3,-20,0.08140138015457614,0.022335084202781578,24304,392
5,3,-19,0.08219710257390361,0.023392868716256322,24304,392
5,3,-18,0.07856709064911932,0.022743370498252924,24304,392
5,3,-17,0.0655182643914656,0.018583197022766278,24304,392
5,3,-16,0.05408080168323377,0.0162109465697318,24304,392
5,3,-15,0.037054547220212446,0.01313063591602605,24304,392
5,3,-14,0.030482864894312622,0.010920691802127956,24304,392
5,3,-13,0.03258374367628095,0.010688895352245332,24304,392
5,3,-12,0.029935458559271724,0.009850302526133323,24304,392
5,3,-11,0.032779723909421826,0.011100821106080882,24304,392
5,3,-10,0.04954769240630858,0.013254216712900821,24304,392
5,3,-9,0.0442767674646692,0.011653018627761169,24304,392
5,3,-8,0.031901176676553206,0.009120197533545281,24304,392
5,3,-7,0.027723537539924518,0.008309914526141717,24304,392
5,3,-6,0.02103743215072798,0.007172682391551936,24304,392
5,3,-5,0.010171371282307431,0.005950249337365773,24304,392
5,3,-4,0.007402515460514049,0.0061817339098504415,24304,392
5,3,-3,-0.0004954989013307278,0.005225815237480078,24304,392
5,3,-2,0.0021495550525387347,0.0032520570323302444,24304,392
5,3,-1,0.0,0.0,24304,392
5,3,0,0.0017408272177253797,0.0021290655416765654,24304,392
5,3,1,0.003453792132073976,0.005757702576082403,24304,392
5,3,2,0.02225824705841223,0.006620495116571113,24304,392
5,3,3,0.015258828386245146,0.007240538738312118,24304,392
5,3,4,0.01197810903238216,0.006802517195649071,24304,392
5,3,5,0.012805568952108416,0.007117051797030133,24304,392
5,3,6,0.0058330481510433865,0.006052535232696106,24304,392
5,3,7,-0.0039048965575343604,0.005895859816033634,24304,392
5,3,8,-0.0036598301202186503,0.007655153903959345,24304,392
5,3,9,-0.012880373829915553,0.010327522911672353,24304,392
5,3,10,-0.010460627152924722,0.008441641227638994,24304,392
5,3,11,-0.011811427338910153,0.008344834625494355,24304,392
5,3,12,-0.008475435029409374,0.008956729402145903,24304,392
5,3,13,-0.0010707924480323028,0.010236067849266419,24304,392
5,3,14,0.007382253406331737,0.013221232500313118,24304,392
5,3,15,0.0057051139822344565,0.013308417820522691,24304,392
5,3,16,0.004095606154459509,0.013477842283615073,24304,392
5,3,17,-0.004877017430184193,0.012509251376604198,24304,392
5,3,18,-0.014050502195709011,0.011618760883509846,24304,392
5,3,19,-0.02413916966731968,0.012184898990317767,24304,392
5,3,20,-0.024598036074339476,0.01340203944805018,24304,392
5,3,21,-0.03970278302732971,0.014985841100842636,24304,392
5,3,22,-0.038251152709646595,0.01409541237156545,24304,392
5,3,23,-0.03876142942617757,0.01375132399662232,24304,392
5,3,24,-0.03581484592724604,0.014178052579538981,24304,392
5,3,25,-0.017516737671325132,0.019321925341377277,24304,392
5,3,26,-0.009306505706110857,0.020546164100679363,24304,392
5,3,27,-0.010899708937446633,0.020745881339408714,24304,392
5,3,28,-0.018839714833515216,0.020545298231433803,24304,392
5,3,29,-0.02166970385127316,0.02068583367120771,24304,392
5,3,30,-0.036733036243352446,0.01749942391295503,24304,392
5,3,31,-0.040097658824741964,0.0179733653010277,24304,392
5,3,32,-0.04326018668746778,0.018404402329128117,24304,392
5,3,33,-0.05400563994072458,0.02141114714232368,24304,392
5,3,34,-0.05334450600468853,0.021104452318842767,24304,392
5,3,35,-0.05485399541682824,0.02026387276728313,24304,392
5,3,36,-0.048671613648025344,0.02055009387953125,24304,392
5,3,37,-0.046580948457631034,0.02107495195926028,24304,392
5,3,38,-0.03435430771621093,0.02187637171900869,24304,392
5,3,39,-0.033257182911448774,0.021950095443046325,24304,392
5,4,-22,0.05863017979250057,0.020682345661478328,24304,392
5,4,-21,0.06274847338683658,0.020906985286820935,24304,392
5,4,-20,0.06372408464142189,0.02070023109142112,24304,392
5,4,-19,0.06423544564087612,0.0217303908036048,24304,392
5,4,-18,0.05951115234374761,0.021276585215093884,24304,392
5,4,-17,0.04463951060683674,0.01726536732007288,24304,392
5,4,-16,0.03286263108899537,0.015231667382736114,24304,392
5,4,-15,0.027043858315159118,0.012833285399037815,24304,392
5,4,-14,0.016220689130480956,0.010601248183157972,24304,392
5,4,-13,0.013733684507308384,0.00916619123511089,24304,392
5,4,-12,0.010326980876812497,0.008841589948606007,24304,392
5,4,-11,0.018941317032933738,0.011544176319310769,24304,392
5,4,-10,0.03644142767985517,0.0118240086369198,24304,392
5,4,-9,0.03495639840065907,0.01039742813357879,24304,392
5,4,-8,0.022346709637270437,0.0076184281729819205,24304,392
5,4,-7,0.01732127268975777,0.00675860890096488,24304,392
5,4,-6,0.01370576647854127,0.005474104582943124,24304,392
5,4,-5,-0.0007126816689089557,0.004652023860350315,24304,392
5,4,-4,0.0036473605448191365,0.005792260094262535,24304,392
5,4,-3,0.0027311431663189743,0.005436657316236721,24304,392
5,4,-2,-0.0007718494578308477,0.0033050452231808214,24304,392
5,4,-1,0.0,0.0,24304,392
5,4,0,0.0034842733626788552,0.002100148311051522,24304,392
5,4,1,0.004905117429277227,0.0057612314105678865,24304,392
5,4,2,0.025497688797928367,0.0068395346955537175,24304,392
5,4,3,0.01776278721668246,0.007184172859944667,24304,392
5,4,4,0.015999630047443744,0.00648376592540215,24304,392
5,4,5,0.01686214338967871,0.007133042941984167,24304,392
5,4,6,0.011286224769330083,0.006281852367836507,24304,392
5,4,7,-0.004616295878550198,0.0065395299242189085,24304,392
5,4,8,0.0015510426471197214,0.008801410358499956,24304,392
5,4,9,0.000407627573215676,0.008759908163722463,24304,392
5,4,10,0.002523327752412291,0.007605200631517054,24304,392
5,4,11,-0.0044017749126878305,0.008067243114432316,24304,392
5,4,12,-0.0020648607516745993,0.008840395051354337,24304,392
5,4,13,0.0054888674697133365,0.0104861188413547,24304,392
5,4,14,0.01781371128042311,0.013911757288049744,24304,392
5,4,15,0.015677880366293803,0.014006696345961502,24304,392
5,4,16,0.015440810113074521,0.013933828911496542,24304,392
5,4,17,0.007367257101956253,0.013604874352721615,24304,392
5,4,18,-0.0006847096794077162,0.012928779907094682,24304,392
5,4,19,-0.013881487291940985,0.012904410562243219,24304,392
5,4,20,-0.021712908650643917,0.0146266053549579,24304,392
5,4,21,-0.019512133337738494,0.01401284324896119,24304,392
5,4,22,-0.019988307518116283,0.013696491747427693,24304,392
5,4,23,-0.01861713204475019,0.014349692857488171,24304,392
5,4,24,-0.016022129644773106,0.015117567143267572,24304,392
5,4,25,-0.005499789669873905,0.018718182261433024,24304,392
5,4,26,0.004353836580576934,0.019713939538303103,24304,392
5,4,27,0.003675991302781894,0.019486956045781455,24304,392
5,4,28,-0.00047331784761149576,0.019533910687796276,24304,392
5,4,29,-0.004427534873287669,0.01967502362576924,24304,392
5,4,30,-0.018098335956930736,0.017872872923710932,24304,392
5,4,31,-0.028204315425387896,0.018194771786770154,24304,392
5,4,32,-0.03432543668800549,0.018918654582083982,24304,392
5,4,33,-0.03024880342669715,0.018920078078503468,24304,392
5,4,34,-0.02887919614133523,0.0189872337375391,24304,392
5,4,35,-0.03263714736746885,0.019303022807872605,24304,392
5,4,36,-0.031808121631279565,0.02024744513109213,24304,392
5,4,37,-0.024746184156636403,0.020914681252448712,24304,392
5,4,38,-0.013062758227771573,0.02226181475928395,24304,392
5,4,39,-0.006476366817120785,0.022036679280976513,24304,392
5,5,-22,0.06773267824615453,0.02171280159743475,24304,392
5,5,-21,0.0742803831609061,0.02186562386997341,24304,392
5,5,-20,0.07355624638816849,0.02134863427513103,24304,392
5,5,-19,0.07759856483246969,0.02252912540017079,24304,392
5,5,-18,0.07172926778982258,0.022089890056465,24304,392
5,5,-17,0.052368345526684214,0.0186582781263783,24304,392
5,5,-16,0.04216678381858224,0.01672845509790558,24304,392
5,5,-15,0.03251212091931354,0.014572635938222786,24304,392
5,5,-14,0.02301893483154699,0.012079627020049626,24304,392
5,5,-13,0.02192033149090749,0.011209660059865395,24304,392
5,5,-12,0.01919473468777852,0.010130350391196048,24304,392
5,5,-11,0.02404326732015056,0.012253346722342559,24304,392
5,5,-10,0.04463140879522673,0.011811986360549616,24304,392
5,5,-9,0.04221969826652968,0.010677226309286816,24304,392
5,5,-8,0.03305516061588251,0.007913148623473042,24304,392
5,5,-7,0.03020791359834444,0.00733425614083743,24304,392
5,5,-6,0.023888374864812212,0.006299381891201007,24304,392
5,5,-5,0.00458316595863814,0.006063193638770453,24304,392
5,5,-4,0.008532757397136936,0.006419085943267694,24304,392
5,5,-3,0.005662184337415853,0.004948445555446861,24304,392
5,5,-2,0.0043925388920669495,0.004594375171389047,24304,392
5,5,-1,0.0,0.0,24304,392
5,5,0,0.005409847701971754,0.004422602615624824,24304,392
5,5,1,0.005964753288905198,0.006631391125130081,24304,392
5,5,2,0.02560306853012062,0.007241053810116946,24304,392
5,5,3,0.01959324735611897,0.00853577461420164,24304,392
5,5,4,0.01724556312524625,0.008008120651385769,24304,392
5,5,5,0.01562471780044667,0.009110459263468417,24304,392
5,5,6,0.010355758724937825,0.008339312713471766,24304,392
5,5,7,-0.007950051821795746,0.008289302369613574,24304,392
5,5,8,-0.006993828070460867,0.009859062963149881,24304,392
5,5,9,-0.006768552617782784,0.009728562674312996,24304,392
5,5,10,-0.004201053920969228,0.009581127703590542,24304,392
5,5,11,-0.006651351820127122,0.010147497770673213,24304,392
5,5,12,-0.0068898571530021935,0.011332649138662124,24304,392
5,5,13,-0.002925888785890224,0.011780041164055462,24304,392
5,5,14,0.011019204560463125,0.015602664498300096,24304,392
5,5,15,0.012037031687850582,0.0157406697512894,24304,392
5,5,16,0.01027938177805443,0.016190818406871955,24304,392
5,5,17,0.0016993959759716935,0.015513206065235728,24304,392
5,5,18,-0.011997281688657713,0.014620068612676904,24304,392
5,5,19,-0.022802388429201625,0.014967522522655643,24304,392
5,5,20,-0.031032995727571677,0.016299482015490314,24304,392
5,5,21,-0.0302763088821573,0.01590518479250921,24304,392
5,5,22,-0.030153956502014467,0.016844101601881007,24304,392
5,5,23,-0.029287267035049608,0.01713396618445089,24304,392
5,5,24,-0.024671242155397066,0.01776313927552967,24304,392
5,5,25,-0.014198390316061177,0.020728257797539323,24304,392
5,5,26,-0.0013990828688651702,0.022675682138488987,24304,392
5,5,27,-0.0015222290470582253,0.023168887221784392,24304,392
5,5,28,-0.007619209036672542,0.023096296004085665,24304,392
5,5,29,-0.013209857848229785,0.02327156617700251,24304,392
5,5,30,-0.027055629241847567,0.022164692051334794,24304,392
5,5,31,-0.041662723355542386,0.021930393533140562,24304,392
5,5,32,-0.04776050587501074,0.02241648005968945,24304,392
5,5,33,-0.04701202899397901,0.022775145446281557,24304,392
5,5,34,-0.045222860211690336,0.02301494785062071,24304,392
5,5,35,-0.04497587457055259,0.02437749245302604,24304,392
5,5,36,-0.04633197521244875,0.025461897025246556,24304,392
5,5,37,-0.0495057974607712,0.02534798763999761,24304,392
5,5,38,-0.030541444258154665,0.02819713582055776,24304,392
5,5,39,-0.02389496421568128,0.02809017883117083,24304,392
6,2,-22,-0.0166288852386264,0.02848485739906941,24366,393
6,2,-21,-0.011453053955928447,0.030172633513138668,24366,393
6,2,-20,-0.011609089278112886,0.029142255484590745,24366,393
6,2,-19,-0.009077403038679046,0.0299661313873916,24366,393
6,2,-18,-0.008026537768754798,0.028539200186219773,24366,393
6,2,-17,-0.0020639867368606895,0.022014514985625414,24366,393
6,2,-16,0.00011066266168549136,0.02040101587556867,24366,393
6,2,-15,-0.01808668712880776,0.016094493510025502,24366,393
6,2,-14,-0.014007613786603,0.011520369329644163,24366,393
6,2,-13,-0.00551070941607742,0.010195810035524602,24366,393
6,2,-12,0.00011293203233928713,0.010389422074476271,24366,393
6,2,-11,0.016575342254302308,0.014817525658278808,24366,393
6,2,-10,-0.005208727473790475,0.015407093811288571,24366,393
6,2,-9,-0.0030820293133605385,0.015152198788632987,24366,393
6,2,-8,-0.0016710495223353748,0.011545847012040608,24366,393
6,2,-7,0.003594817389239741,0.009901183093392326,24366,393
6,2,-6,0.0033453524006045177,0.007412480902419385,24366,393
6,2,-5,0.00911620351399113,0.007813427292609297,24366,393
6,2,-4,0.0022044359832309748,0.007071212586795608,24366,393
6,2,-3,-0.012553088930085131,0.00924110365187301,24366,393
6,2,-2,-0.005424951872174088,0.005356075373315676,24366,393
6,2,-1,0.0,0.0,24366,393
6,2,0,0.00723941644401437,0.0025263839377229363,24366,393
6,2,1,0.021381013658030665,0.012651120362301684,24366,393
6,2,2,0.006187789250945008,0.010445098090525058,24366,393
6,2,3,0.004814651340644748,0.011854070447772463,24366,393
6,2,4,0.00622014141934794,0.010012082903306593,24366,393
6,2,5,0.008195014408920152,0.010364649772198357,24366,393
6,2,6,0.009507014378086895,0.010120016841127004,24366,393
6,2,7,0.01748853342496948,0.01492375521522361,24366,393
6,2,8,0.012350613661726694,0.011658537189095132,24366,393
6,2,9,-0.011222691014667259,0.012531281190615435,24366,393
6,2,10,-0.004426106974114744,0.010110431655394107,24366,393
6,2,11,0.0035561581188597517,0.007829974160106033,24366,393
6,2,12,0.007900625208522345,0.008122557257602832,24366,393
6,2,13,0.02467982563122067,0.015753630402686982,24366,393
6,2,14,0.010658171603413353,0.014454139624884435,24366,393
6,2,15,0.009603159620974312,0.014452686728207157,24366,393
6,2,16,0.014652134018565166,0.015027795829620208,24366,393
6,2,17,0.015260635508669804,0.015478130519645797,24366,393
6,2,18,0.0207473851487773,0.016536140700968673,24366,393
6,2,19,0.028333076584228546,0.022600680274956514,24366,393
6,2,20,0.017249760006354364,0.01818031160547378,24366,393
6,2,21,-0.007540644714289027,0.019101533933993466,24366,393
6,2,22,-0.0010211916111584228,0.01712618895260926,24366,393
6,2,23,0.005723408410944596,0.016514573954589436,24366,393
6,2,24,0.011183899678153298,0.016481951306537537,24366,393
6,2,25,0.03547517132310227,0.023199051886503362,24366,393
6,2,26,0.02132998183660118,0.022243418521695753,24366,393
6,2,27,0.018196081910021616,0.021638513360088433,24366,393
6,2,28,0.021155504133692465,0.02208356888179152,24366,393
6,2,29,0.02537787539117903,0.022333617795732032,24366,393
6,2,30,0.01080401666423031,0.022668620168770023,24366,393
6,2,31,0.026430977225866695,0.028501465829102467,24366,393
6,2,32,0.014232656991582973,0.02294889853126515,24366,393
6,2,33,-0.0071649608265687585,0.02473336430313414,24366,393
6,2,34,-0.0010680896987713628,0.02364134565670924,24366,393
6,2,35,0.005109111640093194,0.022482341228957044,24366,393
6,2,36,0.009426878092937458,0.02302712415550425,24366,393
6,2,37,0.024400078433895394,0.028263020565756775,24366,393
6,2,38,0.013298628643277792,0.024792500045790606,24366,393
6,2,39,0.014282779656855725,0.024536422297995988,24366,393
6,3,-22,0.023834666978736117,0.021144710419126345,24366,393
6,3,-21,0.026283301277515603,0.021802701768343574,24366,393
6,3,-20,0.02476446525723607,0.02032710943630503,24366,393
6,3,-19,0.0282387991210058,0.021127661691622945,24366,393
6,3,-18,0.026961323894012627,0.019979500580567355,24366,393
6,3,-17,0.02138944108515808,0.016406871892841225,24366,393
6,3,-16,0.021032732562769326,0.01644605170370052,24366,393
6,3,-15,0.004231321246412961,0.01384266970465428,24366,393
6,3,-14,0.0008705755241977339,0.010509844804302554,24366,393
6,3,-13,0.007216345414676531,0.009108954437139398,24366,393
6,3,-12,0.006809775170949462,0.008438061906729537,24366,393
6,3,-11,0.011399752281169325,0.010143078983665371,24366,393
6,3,-10,0.022325164481955574,0.012980455392988215,24366,393
6,3,-9,0.021691395228133195,0.011865994480390584,24366,393
6,3,-8,0.01869097107003666,0.008886755008004238,24366,393
6,3,-7,0.017646209558871747,0.007588194835335479,24366,393
6,3,-6,0.014328652766839978,0.006458749137202861,24366,393
6,3,-5,0.009206685623665712,0.005732407571576157,24366,393
6,3,-4,0.004350350083867787,0.005574666576960379,24366,393
6,3,-3,-0.005284761082625215,0.005156610373385494,24366,393
6,3,-2,-0.002397412947816322,0.0033860573956313706,24366,393
6,3,-1,0.0,0.0,24366,393
6,3,0,0.006622130547454552,0.0020040987819487065,24366,393
6,3,1,0.005081134249434025,0.0070398419987380365,24366,393
6,3,2,0.022276658966822467,0.007764857849752039,24366,393
6,3,3,0.020721119332267425,0.008496316322829985,24366,393
6,3,4,0.020997651443817322,0.0075997283923120666,24366,393
6,3,5,0.026315845356306506,0.00785068166360715,24366,393
6,3,6,0.022999114819458745,0.007187385696244888,24366,393
6,3,7,0.018995515230271647,0.0072834970651335955,24366,393
6,3,8,0.022564786609710077,0.007774616208431188,24366,393
6,3,9,0.008026259090376863,0.00697660320664103,24366,393
6,3,10,0.009539721629181831,0.006234528055936848,24366,393
6,3,11,0.013922393804591626,0.006538499222687961,24366,393
6,3,12,0.017146156081268016,0.006441798244654457,24366,393
6,3,13,0.02182703984783161,0.008405714504511113,24366,393
6,3,14,0.03152487652119517,0.009823581902445097,24366,393
6,3,15,0.03261735482454997,0.010172100775416498,24366,393
6,3,16,0.03344787471869812,0.010468203663378348,24366,393
6,3,17,0.030301298989443618,0.010082981426512126,24366,393
6,3,18,0.02707018107176947,0.010078099471609833,24366,393
6,3,19,0.023637766201047083,0.0102856482322681,24366,393
6,3,20,0.025458502734746712,0.011784032222536236,24366,393
6,3,21,0.010433737701059221,0.010242929255215976,24366,393
6,3,22,0.010069407185210452,0.01004021981157656,24366,393
6,3,23,0.01111698169947446,0.011239398410145448,24366,393
6,3,24,0.01639969896955881,0.010823448492988807,24366,393
6,3,25,0.03408620332161226,0.01634244454766992,24366,393
6,3,26,0.04330355218283707,0.016361226600011894,24366,393
6,3,27,0.043577665448635214,0.016898361374652386,24366,393
6,3,28,0.04133422348943907,0.01747812360752355,24366,393
6,3,29,0.040516231082831054,0.01774774796061059,24366,393
6,3,30,0.024168840411521526,0.01605677170800141,24366,393
6,3,31,0.023139675468816016,0.01679244756558021,24366,393
6,3,32,0.026202485059922644,0.017266663750201514,24366,393
6,3,33,0.009960860039375529,0.0170760689584169,24366,393
6,3,34,0.011249493770559175,0.017171252224916046,24366,393
6,3,35,0.011008523789869383,0.01742006610243992,24366,393
6,3,36,0.018075013502337662,0.0175023726024555,24366,393
6,3,37,0.02269988001670472,0.01969479936367515,24366,393
6,3,38,0.033968842560363276,0.017040337674654123,24366,393
6,3,39,0.03457061293681953,0.01779682251341616,24366,393
6,4,-22,0.01239506590382602,0.020956460325267427,24366,393
6,4,-21,0.016239612812146923,0.021225859914155827,24366,393
6,4,-20,0.015762978571415457,0.019852829474285554,24366,393
6,4,-19,0.018614265736575507,0.02030896957699186,24366,393
6,4,-18,0.014957799932593505,0.019141923153587394,24366,393
6,4,-17,0.005753182438622942,0.016232284572518567,24366,393
6,4,-16,0.0021501432423219804,0.01569165215471673,24366,393
6,4,-15,-0.0016795794078146714,0.013275954709816469,24366,393
6,4,-14,-0.008920747878529388,0.010376215892894702,24366,393
6,4,-13,-0.00759914954239222,0.008952938812330892,24366,393
6,4,-12,-0.005973338688341566,0.00869569516950798,24366,393
6,4,-11,0.007024812703791775,0.012340382003289734,24366,393
6,4,-10,0.016290740565371734,0.012203216288583629,24366,393
6,4,-9,0.014562782596530181,0.010745809588758195,24366,393
6,4,-8,0.009667654183283561,0.0077971708970174716,24366,393
6,4,-7,0.008458940703201814,0.006315022045966735,24366,393
6,4,-6,0.0097426513665542,0.004254524255436938,24366,393
6,4,-5,-0.0013160979789445064,0.004250537829194965,24366,393
6,4,-4,0.0030256797767598954,0.00499352761758144,24366,393
6,4,-3,0.0028308677940057678,0.004632295966092436,24366,393
6,4,-2,-0.0022130530954363845,0.0029445311929733515,24366,393
6,4,-1,0.0,0.0,24366,393
6,4,0,0.005895084190972429,0.0014520316893539865,24366,393
6,4,1,0.012118910426004405,0.007616835016978539,24366,393
6,4,2,0.02675081893815623,0.006557168020850028,24366,393
6,4,3,0.021286401497761488,0.0068128918976984,24366,393
6,4,4,0.02091292689297482,0.005109399896624014,24366,393
6,4,5,0.024226352087300108,0.005278593596034817,24366,393
6,4,6,0.019578084906667542,0.004849137448351124,24366,393
6,4,7,0.01099203136329678,0.005343908949087188,24366,393
6,4,8,0.020646366411788387,0.006824493791554907,24366,393
6,4,9,0.020339438499237777,0.006511097537432775,24366,393
6,4,10,0.018599219616077432,0.0058943758657599415,24366,393
6,4,11,0.018111783058293238,0.0057899335698333295,24366,393
6,4,12,0.01989643972774029,0.005798925380867154,24366,393
6,4,13,0.028590749211052903,0.009096747642646227,24366,393
6,4,14,0.03760615860179769,0.008538958515552716,24366,393
6,4,15,0.03703021124840903,0.008631260769049402,24366,393
6,4,16,0.03694760127645287,0.008837190875489282,24366,393
6,4,17,0.03284275505291987,0.008762772916654829,24366,393
6,4,18,0.028257012227791485,0.009184016310950926,24366,393
6,4,19,0.018107217643678356,0.00977647702762863,24366,393
6,4,20,0.018008452708992383,0.01025938049788608,24366,393
6,4,21,0.020752047222498172,0.010087260131405389,24366,393
6,4,22,0.019557291836298802,0.009983434265117035,24366,393
6,4,23,0.02110720121277575,0.010933692946373235,24366,393
6,4,24,0.02651667399603898,0.010519717760717938,24366,393
6,4,25,0.0410964463274148,0.016761909965103076,24366,393
6,4,26,0.04693484146966766,0.014579549018972144,24366,393
6,4,27,0.04643233034919222,0.014987283977539862,24366,393
6,4,28,0.044343232139686946,0.01555327577064366,24366,393
6,4,29,0.04252992082066363,0.01596657306207992,24366,393
6,4,30,0.02744167091599112,0.015594294479732453,24366,393
6,4,31,0.018098416383884677,0.016207747769270725,24366,393
6,4,32,0.021710596241988653,0.016144877224294515,24366,393
6,4,33,0.0227165605240617,0.016921662925751094,24366,393
6,4,34,0.02268068707775264,0.016873870421455193,24366,393
6,4,35,0.020661741238497643,0.016908597714145195,24366,393
6,4,36,0.02412368559861972,0.017580737278318104,24366,393
6,4,37,0.033890391186640174,0.020902162848999168,24366,393
6,4,38,0.04284469107192022,0.016890440044923682,24366,393
6,4,39,0.0438785540645793,0.017338809109480515,24366,393
6,5,-22,0.016762219865149936,0.023646245687713997,24366,393
6,5,-21,0.022053449567938522,0.023669141113822206,24366,393
6,5,-20,0.0202333791296005,0.022363138441448115,24366,393
6,5,-19,0.026045067629758785,0.022308885265673442,24366,393
6,5,-18,0.020423484032962323,0.020907227932605126,24366,393
6,5,-17,0.007355465888055213,0.01805921577428669,24366,393
6,5,-16,0.00469005721507909,0.017584847395042045,24366,393
6,5,-15,-0.0022707231529528232,0.015035743928539716,24366,393
6,5,-14,-0.007537243370473318,0.012710103863402588,24366,393
6,5,-13,-0.001874711714094379,0.012242725510480766,24366,393
6,5,-12,-0.002585614778575307,0.01043399875853182,24366,393
6,5,-11,0.00207119454338099,0.01250231058464574,24366,393
6,5,-10,0.017840045367950884,0.012367260616783634,24366,393
6,5,-9,0.016508404039533044,0.011010353432170326,24366,393
6,5,-8,0.01364257841321906,0.007961856644716618,24366,393
6,5,-7,0.012615319995230153,0.0066153854396268875,24366,393
6,5,-6,0.009193800257689937,0.004762287418437567,24366,393
6,5,-5,-0.0027824337042610297,0.004628048317918713,24366,393
6,5,-4,0.0007567612862779065,0.004767515976029997,24366,393
6,5,-3,-0.0002093817763039911,0.004358680285805894,24366,393
6,5,-2,-0.0011833805188917845,0.003451650876401624,24366,393
6,5,-1,0.0,0.0,24366,393
6,5,0,0.008786914703681177,0.0027618245203535367,24366,393
6,5,1,0.008691843059428606,0.006615992876040546,24366,393
6,5,2,0.026450754754733824,0.007263723487276098,24366,393
6,5,3,0.021782439660550504,0.007855797461511079,24366,393
6,5,4,0.02277705687530953,0.006806463030257413,24366,393
6,5,5,0.025006691295513646,0.007518879263730824,24366,393
6,5,6,0.020972414188243704,0.0075711263093917874,24366,393
6,5,7,0.007361574233722282,0.0072491621396235115,24366,393
6,5,8,0.014240166690638552,0.008858757690538205,24366,393
6,5,9,0.01336825651457724,0.00972532349686286,24366,393
6,5,10,0.01631643107499238,0.009253697526712531,24366,393
6,5,11,0.0203019296933047,0.008359360261289665,24366,393
6,5,12,0.01843749392999572,0.010372547769944084,24366,393
6,5,13,0.020452246807815256,0.01007321613972913,24366,393
6,5,14,0.036471649079408704,0.01271953416072476,24366,393
6,5,15,0.0377711722846833,0.013338039443103375,24366,393
6,5,16,0.03791541775736102,0.014283433820549106,24366,393
6,5,17,0.033024912538970774,0.014654550614188725,24366,393
6,5,18,0.025475974836042126,0.01496207119482709,24366,393
6,5,19,0.015664955495720397,0.015433622810947163,24366,393
6,5,20,0.013302203010789883,0.01645473891839657,24366,393
6,5,21,0.014736651108877563,0.016899835697584856,24366,393
6,5,22,0.016123991150246448,0.01707595655674051,24366,393
6,5,23,0.01709093208075519,0.017714659887344567,24366,393
6,5,24,0.022312689761891095,0.017560297568095018,24366,393
6,5,25,0.03456910852603275,0.019395956266486915,24366,393
6,5,26,0.04714153167381788,0.021154785443006037,24366,393
6,5,27,0.04695251229037764,0.02174751546481424,24366,393
6,5,28,0.044347897575888036,0.022364285621177645,24366,393
6,5,29,0.040888332951384235,0.023074620034377432,24366,393
6,5,30,0.02533195145689316,0.02364987316883469,24366,393
6,5,31,0.012889814331279694,0.02382713650390551,24366,393
6,5,32,0.014284074994997413,0.02459276238621084,24366,393
6,5,33,0.014536323498979122,0.026274640703337376,24366,393
6,5,34,0.01808573506240542,0.026101579828837502,24366,393
6,5,35,0.020563054979205814,0.02570955834000082,24366,393
6,5,36,0.020548375169278318,0.027453442276078068,24366,393
6,5,37,0.020910105933088,0.028030370604528166,24366,393
6,5,38,0.03836807103116465,0.0293011087357786,24366,393
6,5,39,0.03986689774903034,0.030233717629253892,24366,393
