styrk08,eloundou_beta,pctl_rank,quintile,n_soc_matched,has_partial_match,max_partial_fanout,manual_map
0310,0.268774,42.42,3,1,0,0,
1111,0.4,59.34,3,1,1,2,
1112,0.470256,70.2,4,3,1,7,
1114,0.499534,78.03,4,3,1,7,
1120,0.494274,76.77,4,2,1,7,
1211,0.485055,72.98,4,1,1,2,
1212,0.497719,77.27,4,3,0,0,
1213,0.461583,68.43,4,1,1,7,
1219,0.491944,76.01,4,6,1,7,
1221,0.475,70.45,4,2,0,0,
1222,0.516497,80.05,5,2,1,3,
1223,0.486654,74.24,4,2,0,0,
1311,0.367347,54.55,3,1,1,2,
1312,0.367347,54.8,3,1,1,2,
1321,0.405719,61.11,4,1,0,0,
1322,0.461583,68.69,4,1,1,7,
1323,0.444444,66.41,4,1,1,2,
1324,0.486526,73.99,4,1,0,0,
1330,0.530303,82.07,5,1,0,0,
1341,0.46875,69.95,4,1,0,0,
1342,0.428571,64.65,4,1,1,2,
1343,0.45467,67.42,4,2,1,7,
1344,0.392857,57.83,3,1,0,0,
1345,0.428603,65.15,4,2,0,0,
1346,0.482912,72.22,4,2,1,7,
1349,0.461583,68.94,4,1,1,7,
1411,0.456522,67.68,4,1,0,0,
1412,0.416667,62.12,4,1,0,0,
1420,0.480769,71.46,4,1,1,7,
1431,0.517556,80.56,5,2,1,7,
1439,0.461583,69.19,4,1,1,7,
2111,0.59375,88.64,5,2,0,0,
2112,0.565217,86.87,5,1,0,0,
2113,0.431379,65.4,4,2,1,2,
2114,0.483333,72.47,4,2,0,0,
2120,0.695754,94.19,5,5,0,0,
2131,0.464838,69.44,4,9,1,2,
2132,0.409049,61.62,4,3,1,2,
2133,0.480579,71.21,4,2,0,0,
2141,0.554355,85.35,5,1,0,0,
2142,0.482143,71.97,4,1,0,0,
2143,0.555556,85.61,5,1,0,0,
2144,0.487425,74.49,4,4,0,0,
2145,0.461538,68.18,4,1,0,0,
2146,0.494956,77.02,4,4,1,2,
2149,0.530886,82.32,5,5,1,2,
2151,0.5625,86.62,5,1,0,0,
2152,0.673685,92.93,5,2,1,2,
2153,0.620098,90.91,5,1,1,2,
2161,0.488372,75.0,4,1,0,0,
2162,0.421053,63.13,4,1,0,0,
2163,0.428071,64.14,4,2,0,0,
2164,0.477273,70.71,4,1,0,0,
2165,0.515035,79.55,4,2,0,0,
2166,0.5125,79.04,4,2,0,0,
2211,0.45161,66.67,4,4,1,2,
2212,0.379361,55.3,3,5,1,2,
2221,0.342779,51.52,3,3,0,0,
2222,0.390244,57.58,3,1,0,0,
2223,0.342779,51.77,3,3,0,0,2221
2224,0.342779,52.02,3,3,0,0,2221
2250,0.27027,42.68,3,1,0,0,
2261,0.158864,25.51,2,4,0,0,
2262,0.428571,64.9,4,1,0,0,
2263,0.432796,65.66,4,2,0,0,
2264,0.225745,35.35,2,2,0,0,
2265,0.54878,83.84,5,1,0,0,
2266,0.452882,66.92,4,2,0,0,
2267,0.289015,45.2,3,1,0,0,SOC:29-1122
2269,0.454545,67.17,4,1,0,0,SOC:29-1011
2310,0.485747,73.23,4,35,0,0,
2320,0.381031,56.06,3,3,0,0,
2330,0.333333,49.75,3,1,0,0,
2341,0.329318,49.49,3,2,0,0,
2342,0.230075,36.11,2,2,0,0,
2351,0.4875,74.75,4,1,0,0,
2352,0.312962,47.47,3,5,0,0,
2353,0.405465,60.1,4,3,1,6,
2354,0.36,53.54,3,1,1,6,
2355,0.405992,61.36,4,2,1,6,
2356,0.552632,84.6,5,1,1,2,
2359,0.370729,55.05,3,2,1,3,
2411,0.568333,87.37,5,3,0,0,
2412,0.498718,77.53,4,2,1,2,
2413,0.517664,80.81,5,3,1,2,
2421,0.466311,69.7,4,2,0,0,
2422,0.56642,87.12,5,1,1,2,
2423,0.488693,75.25,4,4,1,2,
2424,0.552632,84.85,5,1,1,2,
2431,0.700863,94.44,5,2,1,2,
2432,0.590909,88.38,5,1,0,0,
2433,0.517675,81.06,5,2,1,9,
2434,0.515571,79.8,4,3,1,9,
2511,0.62602,91.41,5,2,0,0,
2512,0.872807,98.99,5,2,0,0,
2513,0.841346,98.74,5,1,1,2,
2514,0.95,99.75,5,1,0,0,
2519,0.764845,96.72,5,1,1,2,
2521,0.923365,99.49,5,1,0,0,
2522,0.72973,95.2,5,1,1,2,
2523,0.635223,91.92,5,1,0,0,
2529,0.70851,94.95,5,2,1,2,
2611,0.425,63.38,4,1,0,0,
2612,0.458333,67.93,4,2,0,0,
2619,0.5,78.28,4,1,0,0,
2621,0.5,78.54,4,2,0,0,
2622,0.535088,83.08,5,2,0,0,
2631,0.552632,85.1,5,1,0,0,
2632,0.492706,76.52,4,3,0,0,
2633,0.492036,76.26,4,3,1,2,
2634,0.441462,66.16,4,3,0,0,
2635,0.271629,42.93,3,8,0,0,
2636,0.386364,56.82,3,2,0,0,
2641,0.741399,95.71,5,3,1,2,
2642,0.648529,92.17,5,2,1,2,
2643,0.701628,94.7,5,2,1,2,
2651,0.34181,51.01,3,2,1,5,
2652,0.559345,86.11,5,2,0,0,
2653,0.146131,23.23,2,2,0,0,
2654,0.499121,77.78,4,3,0,0,
2655,0.1875,28.28,2,1,0,0,
2656,0.65,92.42,5,2,0,0,
2659,0.526316,81.57,5,1,1,3,
3112,0.425714,63.64,4,5,1,3,
3113,0.396508,58.84,3,2,1,4,
3114,0.40566,60.35,4,1,1,4,
3115,0.356357,52.78,3,4,1,4,
3116,0.334387,50.0,3,1,1,4,
3117,0.389754,57.32,3,2,1,4,
3118,0.509867,78.79,4,4,1,2,
3119,0.363616,54.29,3,10,1,4,
3121,0.416667,62.37,4,1,1,2,
3122,0.4,59.6,3,1,1,3,
3123,0.416667,62.63,4,1,1,2,
3131,0.312103,46.97,3,4,1,3,
3132,0.217399,32.83,2,4,1,3,
3133,0.151515,24.24,2,1,0,0,
3134,0.202026,31.06,2,4,1,2,
3135,0.104167,17.42,1,1,1,2,
3139,0.803571,97.98,5,1,1,2,
3141,0.436111,65.91,4,2,0,0,
3142,0.383433,56.31,3,1,0,0,
3143,0.326923,49.24,3,1,0,0,
3151,0.251255,38.89,2,2,1,17,
3152,0.297135,45.96,3,2,1,17,
3153,0.307181,46.46,3,3,1,17,
3154,0.335772,50.51,3,2,1,17,
3155,0.40566,60.61,4,1,1,4,
3211,0.314571,47.73,3,5,0,0,
3212,0.254297,39.65,2,2,0,0,
3213,0.426471,63.89,4,1,0,0,
3214,0.163865,26.52,2,4,0,0,
3230,0.358012,53.28,3,1,1,3,
3240,0.193078,28.79,2,2,1,2,
3251,0.227083,35.61,2,2,1,2,
3254,0.285714,44.44,3,1,0,0,
3256,0.343961,52.27,3,2,0,0,
3257,0.357678,53.03,3,4,1,17,
3258,0.18109,27.53,2,1,0,0,
3259,0.312237,47.22,3,10,1,3,
3311,0.571403,87.63,5,2,1,9,
3312,0.607955,90.15,5,2,0,0,
3313,0.802326,97.47,5,1,1,2,
3315,0.517083,80.3,5,3,0,0,
3321,0.561408,86.36,5,3,1,9,
3322,0.572343,87.88,5,4,1,9,
3323,0.489376,75.51,4,3,0,0,
3324,0.556703,85.86,5,3,1,9,
3331,0.513651,79.29,4,2,1,2,
3332,0.486486,73.48,4,1,0,0,
3333,0.393651,58.59,3,2,1,2,
3334,0.47943,70.96,4,4,1,9,
3339,0.54374,83.59,5,7,1,9,
3341,0.489583,75.76,4,1,0,0,
3342,0.695652,93.94,5,1,0,0,
3343,0.803491,97.73,5,2,0,0,
3351,0.402147,59.85,3,3,1,3,
3352,0.580645,88.13,5,1,0,0,
3353,0.603152,89.65,5,2,1,3,
3354,0.613152,90.66,5,2,1,3,
3355,0.363179,54.04,3,2,1,3,
3359,0.291667,45.45,3,1,1,3,
3411,0.412629,61.87,4,6,1,2,
3412,0.392857,58.08,3,1,0,0,
3421,0.0,0.0,1,1,0,0,
3422,0.324167,48.74,3,3,1,6,
3423,0.252751,39.39,2,4,1,10,
3431,0.385417,56.57,3,1,0,0,
3432,0.398727,59.09,3,3,0,0,
3433,0.354257,52.53,3,3,1,5,
3434,0.386508,57.07,3,2,1,2,
3511,0.735786,95.45,5,1,0,0,
3512,0.611111,90.4,5,1,0,0,
3513,0.634615,91.67,5,1,0,0,
3514,0.785538,96.97,5,2,1,2,
3521,0.393546,58.33,3,5,1,2,
3522,0.40566,60.86,4,1,1,4,
4110,0.595022,88.89,5,2,0,0,
4131,0.743243,95.96,5,1,0,0,
4132,0.892857,99.24,5,1,0,0,
4211,0.428241,64.39,4,2,1,2,
4212,0.337821,50.76,3,5,0,0,
4214,0.60783,89.9,5,2,0,0,
4221,0.518893,81.31,5,3,1,9,
4222,0.550758,84.09,5,2,1,3,
4223,0.761885,96.46,5,2,0,0,
4224,0.483333,72.73,4,2,0,0,
4225,0.74881,96.21,5,2,1,3,
4226,0.533333,82.83,5,1,1,3,
4227,0.672414,92.68,5,1,0,0,
4229,0.68,93.43,5,1,1,2,
4311,0.788068,97.22,5,2,1,2,
4312,0.68075,93.69,5,5,0,0,
4313,0.837838,98.48,5,1,0,0,
4321,0.324974,48.99,3,3,1,2,
4322,0.596154,89.39,5,1,0,0,
4323,0.673913,93.18,5,1,0,0,
4411,0.550895,84.34,5,2,1,2,
4412,0.234429,36.87,2,5,1,4,
4413,0.975,100.0,5,1,0,0,
4415,0.595588,89.14,5,2,0,0,
4416,0.62069,91.16,5,1,0,0,
5111,0.239841,38.38,2,3,1,17,
5112,0.276428,43.69,3,2,1,17,
5113,0.335487,50.25,3,3,1,10,
5120,0.193279,29.04,2,5,1,2,
5131,0.156652,25.0,2,2,1,2,
5132,0.194444,29.29,2,1,0,0,
5141,0.199314,30.56,2,3,1,10,
5142,0.200133,30.81,2,6,1,10,
5151,0.265306,42.17,3,1,0,0,
5152,0.153486,24.49,2,2,1,4,
5153,0.0,0.25,1,1,1,3,
5161,0.526316,81.82,5,1,1,3,
5163,0.126856,19.44,1,3,0,0,
5164,0.238907,37.88,2,4,1,10,
5165,0.36,53.79,3,1,1,6,
5169,0.221113,33.59,2,5,1,10,
5211,0.26087,41.16,3,1,1,4,
5212,0.19525,29.55,2,2,1,4,
5221,0.480769,71.72,4,1,1,7,
5222,0.486486,73.74,4,1,0,0,
5223,0.342481,51.26,3,2,0,0,
5230,0.235604,37.37,2,2,0,0,
5241,0.233333,36.62,2,1,0,0,
5242,0.128205,19.95,1,1,0,0,
5243,0.26087,41.41,3,1,1,4,
5244,0.805556,98.23,5,1,0,0,
5245,0.230535,36.36,2,2,1,17,
5246,0.064693,10.61,1,3,1,2,
5249,0.532258,82.58,5,1,0,0,
5311,0.24933,38.64,2,2,1,10,
5312,0.316667,47.98,3,1,0,0,
5321,0.113347,18.18,1,2,0,0,
5322,0.218792,33.08,2,3,1,10,
5329,0.216049,32.58,2,8,1,2,
5411,0.277723,44.19,3,2,1,3,
5413,0.271986,43.18,3,2,0,0,
5414,0.317232,48.48,3,4,1,2,
5419,0.309155,46.72,3,8,1,2,
6111,0.140351,21.72,2,2,1,13,
6112,0.140351,21.97,2,2,1,13,
6113,0.138507,21.21,2,3,1,6,
6114,0.140351,22.22,2,2,1,13,
6121,0.223684,33.84,2,2,1,13,
6122,0.223684,34.09,2,2,1,13,
6123,0.223684,34.34,2,2,1,13,
6129,0.223684,34.6,2,2,1,13,
6130,0.149123,23.74,2,3,1,13,
6210,0.150691,23.99,2,5,1,13,
6221,0.223684,34.85,2,2,1,13,
6222,0.162281,25.76,2,2,1,13,
6224,0.162281,26.01,2,2,1,13,
7112,0.019231,3.03,1,2,1,2,
7113,0.020833,3.28,1,2,1,2,
7114,0.013889,2.78,1,3,1,2,
7115,0.144444,22.98,2,1,0,0,
7119,0.10377,17.17,1,5,1,2,
7121,0.04,5.3,1,1,0,0,
7122,0.055357,8.84,1,4,0,0,
7123,0.03953,5.05,1,3,0,0,
7124,0.047727,7.58,1,2,0,0,
7125,0.083333,12.37,1,1,0,0,
7126,0.055515,9.09,1,2,0,0,
7127,0.25776,40.15,3,2,1,11,
7131,0.042085,6.57,1,2,0,0,
7132,0.043478,7.07,1,2,1,2,
7211,0.040698,5.56,1,2,1,2,
7212,0.078209,11.87,1,2,0,0,
7213,0.075509,11.36,1,3,1,2,
7214,0.040909,5.81,1,3,0,0,
7215,0.0,0.51,1,1,0,0,
7221,0.041667,6.06,1,1,1,3,
7222,0.252495,39.14,2,6,1,2,
7223,0.121247,18.69,1,11,1,3,
7224,0.034524,4.29,1,2,1,2,
7231,0.085073,13.38,1,10,1,11,
7232,0.272292,43.43,3,2,1,11,
7233,0.133854,20.71,2,9,1,11,
7234,0.256852,39.9,2,2,1,11,
7311,0.288322,44.95,3,4,1,11,
7312,0.214932,32.32,2,2,1,11,
7313,0.205357,31.82,2,1,0,0,
7314,0.164801,26.77,2,2,1,6,
7315,0.035565,4.55,1,3,1,6,
7316,0.068182,11.11,1,2,1,2,
7317,0.258621,40.66,3,1,1,5,
7318,0.058824,9.34,1,1,1,3,
7319,0.258621,40.91,3,1,1,5,
7321,0.541331,83.33,5,2,0,0,
7322,0.2875,44.7,3,1,0,0,
7323,0.089744,14.39,1,1,0,0,
7411,0.128171,19.7,1,2,1,2,
7412,0.199194,30.3,2,13,1,11,
7413,0.205128,31.57,2,2,1,11,
7421,0.295995,45.71,3,7,1,11,
7422,0.239334,38.13,2,7,1,11,
7511,0.049561,7.83,1,4,1,2,
7512,0.264706,41.92,3,1,0,0,
7513,0.129121,20.45,2,2,1,2,
7514,0.129032,20.2,2,1,1,2,
7515,0.195833,29.8,2,2,1,3,
7522,0.139119,21.46,2,4,0,0,
7531,0.090909,14.65,1,1,0,0,
7532,0.209821,32.07,2,3,1,2,
7534,0.191176,28.54,2,1,0,0,
7535,0.1,16.41,1,1,1,3,
7536,0.058824,9.6,1,1,1,3,
7541,0.066667,10.86,1,1,0,0,
7542,0.135417,20.96,2,1,0,0,
7543,0.416667,62.88,4,1,0,0,
7544,0.220034,33.33,2,3,1,2,
7549,0.146875,23.48,2,2,0,0,
8111,0.039345,4.8,1,6,1,2,
8112,0.106686,17.68,1,2,1,4,
8113,0.042173,6.82,1,6,1,2,
8114,0.095499,15.66,1,4,1,4,
8121,0.095588,15.91,1,5,1,3,
8122,0.084303,13.13,1,3,1,3,
8131,0.122004,18.94,1,3,1,6,
8132,0.38,55.81,3,1,0,0,
8141,0.086664,13.89,1,5,1,6,
8142,0.09411,15.4,1,12,1,3,
8143,0.032258,4.04,1,2,1,3,
8151,0.085714,13.64,1,1,0,0,
8152,0.15625,24.75,2,1,0,0,
8153,0.081395,12.12,1,1,0,0,
8154,0.157895,25.25,2,1,0,0,
8156,0.086957,14.14,1,1,0,0,
8157,0.05,8.08,1,1,0,0,
8160,0.093217,14.9,1,5,1,4,
8171,0.052632,8.33,1,2,1,3,
8172,0.058824,9.85,1,1,0,0,
8181,0.099028,16.16,1,6,1,6,
8182,0.162791,26.26,2,1,0,0,
8183,0.0,0.76,1,1,0,0,
8189,0.120585,18.43,1,4,1,3,
8211,0.060119,10.1,1,2,0,0,
8212,0.112039,17.93,1,5,1,2,
8219,0.235294,37.12,2,1,0,0,
8311,0.236651,37.63,2,6,1,17,
8312,0.25836,40.4,3,3,1,17,
8322,0.277177,43.94,3,5,1,17,
8331,0.316808,48.23,3,4,1,17,
8332,0.30474,46.21,3,2,1,17,
8341,0.09375,15.15,1,2,1,6,
8342,0.01087,2.27,1,5,1,2,
8343,0.20242,31.31,2,5,1,17,
8344,0.180942,27.27,2,2,1,17,
8350,0.021277,3.54,1,2,0,0,
9111,0.0,1.01,1,1,1,2,
9112,0.027778,3.79,1,3,1,3,
9122,0.083333,12.63,1,1,1,2,
9123,0.0,1.26,1,1,1,3,
9129,0.078125,11.62,1,1,0,0,
9211,0.142857,22.73,2,1,1,5,
9212,0.0625,10.35,1,1,1,5,
9213,0.102679,16.92,1,2,1,5,
9214,0.083624,12.88,1,2,1,5,
9215,0.043478,7.32,1,1,1,2,
9216,0.05318,8.59,1,2,1,5,
9311,0.0,1.52,1,1,0,0,
9312,0.008065,1.77,1,2,0,0,
9313,0.010627,2.02,1,7,0,0,
9321,0.1,16.67,1,1,0,0,
9329,0.187081,28.03,2,4,1,3,
9331,0.224617,35.1,2,2,1,4,
9333,0.178483,27.02,2,4,1,3,
9334,0.181818,27.78,2,1,1,2,
9412,0.012346,2.53,1,3,1,2,
9510,0.041667,6.31,1,1,1,4,
9611,0.263531,41.67,3,2,1,17,
9612,0.196429,30.05,2,1,1,2,
9621,0.229246,35.86,2,2,1,4,
9622,0.126755,19.19,1,3,0,0,
9623,0.379464,55.56,3,2,0,0,
9629,0.141575,22.47,2,5,1,2,
