observation_date,adjustment,exposure_quintile,21-30,31-40,41-50,51-60
2021-01-01,percap,Quintile 1 (least exposed),112.08,113.96,127.49,143.42
2021-01-01,percap,Quintile 2,90.85,112.12,131.26,141.39
2021-01-01,percap,Quintile 3,82.58,109.5,120.87,142.61
2021-01-01,percap,Quintile 4,118.76,126.37,144.77,149.36
2021-01-01,percap,Quintile 5 (most exposed),99.29,136.36,161.44,163.01
2021-01-01,percap_sa,Quintile 1 (least exposed),90.53,92.92,102.43,101.66
2021-01-01,percap_sa,Quintile 2,87.35,96.13,101.35,97.74
2021-01-01,percap_sa,Quintile 3,80.07,82.65,81.14,86.64
2021-01-01,percap_sa,Quintile 4,78.62,68.79,72.79,73.81
2021-01-01,percap_sa,Quintile 5 (most exposed),72.91,79.93,88.47,88.09
2021-01-01,raw,Quintile 1 (least exposed),112.17,110.2,128.15,139.39
2021-01-01,raw,Quintile 2,90.92,108.42,131.94,137.42
2021-01-01,raw,Quintile 3,82.64,105.89,121.5,138.6
2021-01-01,raw,Quintile 4,118.85,122.21,145.51,145.16
2021-01-01,raw,Quintile 5 (most exposed),99.36,131.87,162.27,158.42
2021-01-01,sa,Quintile 1 (least exposed),90.6,89.72,102.95,98.68
2021-01-01,sa,Quintile 2,87.42,92.81,101.87,94.87
2021-01-01,sa,Quintile 3,80.14,79.8,81.56,84.1
2021-01-01,sa,Quintile 4,78.68,66.41,73.16,71.64
2021-01-01,sa,Quintile 5 (most exposed),72.97,77.17,88.92,85.5
2021-02-01,percap,Quintile 1 (least exposed),78.64,73.0,70.46,64.23
2021-02-01,percap,Quintile 2,69.99,62.96,63.9,65.16
2021-02-01,percap,Quintile 3,52.36,59.73,59.66,52.56
2021-02-01,percap,Quintile 4,67.85,57.8,49.77,42.83
2021-02-01,percap,Quintile 5 (most exposed),64.54,65.99,62.94,53.35
2021-02-01,percap_sa,Quintile 1 (least exposed),86.09,78.15,75.02,74.29
2021-02-01,percap_sa,Quintile 2,77.29,71.13,71.09,77.04
2021-02-01,percap_sa,Quintile 3,67.83,73.05,71.09,66.34
2021-02-01,percap_sa,Quintile 4,74.25,65.61,60.26,61.3
2021-02-01,percap_sa,Quintile 5 (most exposed),78.21,77.63,79.47,78.54
2021-02-01,raw,Quintile 1 (least exposed),78.7,70.6,70.82,62.42
2021-02-01,raw,Quintile 2,70.04,60.88,64.23,63.32
2021-02-01,raw,Quintile 3,52.4,57.76,59.97,51.08
2021-02-01,raw,Quintile 4,67.9,55.89,50.03,41.63
2021-02-01,raw,Quintile 5 (most exposed),64.59,63.81,63.26,51.85
2021-02-01,sa,Quintile 1 (least exposed),86.15,75.57,75.4,72.21
2021-02-01,sa,Quintile 2,77.34,68.78,71.45,74.88
2021-02-01,sa,Quintile 3,67.88,70.64,71.46,64.48
2021-02-01,sa,Quintile 4,74.31,63.45,60.57,59.58
2021-02-01,sa,Quintile 5 (most exposed),78.27,75.07,79.88,76.33
2021-03-01,percap,Quintile 1 (least exposed),90.37,81.25,71.23,66.66
2021-03-01,percap,Quintile 2,59.42,60.43,63.2,59.96
2021-03-01,percap,Quintile 3,60.31,69.69,71.41,69.66
2021-03-01,percap,Quintile 4,66.57,66.55,61.42,52.43
2021-03-01,percap,Quintile 5 (most exposed),74.43,85.32,87.22,65.59
2021-03-01,percap_sa,Quintile 1 (least exposed),100.59,91.8,81.58,76.45
2021-03-01,percap_sa,Quintile 2,61.6,58.25,58.48,57.36
2021-03-01,percap_sa,Quintile 3,81.63,81.59,83.83,81.12
2021-03-01,percap_sa,Quintile 4,71.03,68.43,69.73,62.44
2021-03-01,percap_sa,Quintile 5 (most exposed),89.22,94.73,99.12,92.67
2021-03-01,raw,Quintile 1 (least exposed),90.44,78.58,71.6,64.79
2021-03-01,raw,Quintile 2,59.46,58.44,63.53,58.28
2021-03-01,raw,Quintile 3,60.36,67.39,71.78,67.7
2021-03-01,raw,Quintile 4,66.62,64.36,61.74,50.95
2021-03-01,raw,Quintile 5 (most exposed),74.49,82.51,87.67,63.74
2021-03-01,sa,Quintile 1 (least exposed),100.67,88.92,82.01,74.39
2021-03-01,sa,Quintile 2,61.65,56.42,58.78,55.82
2021-03-01,sa,Quintile 3,81.69,79.03,84.27,78.94
2021-03-01,sa,Quintile 4,71.09,66.28,70.09,60.76
2021-03-01,sa,Quintile 5 (most exposed),89.28,91.75,99.63,90.19
2021-04-01,percap,Quintile 1 (least exposed),83.87,74.78,67.28,60.13
2021-04-01,percap,Quintile 2,62.07,61.81,64.39,64.49
2021-04-01,percap,Quintile 3,53.28,55.01,56.55,53.07
2021-04-01,percap,Quintile 4,58.64,54.48,53.74,46.99
2021-04-01,percap,Quintile 5 (most exposed),65.27,72.68,69.58,62.58
2021-04-01,percap_sa,Quintile 1 (least exposed),89.7,84.89,78.3,71.35
2021-04-01,percap_sa,Quintile 2,71.04,73.38,76.07,79.81
2021-04-01,percap_sa,Quintile 3,71.07,64.67,65.14,59.92
2021-04-01,percap_sa,Quintile 4,64.41,58.78,62.9,63.52
2021-04-01,percap_sa,Quintile 5 (most exposed),76.55,77.58,79.51,76.59
2021-04-01,raw,Quintile 1 (least exposed),83.88,72.56,67.54,58.65
2021-04-01,raw,Quintile 2,62.07,59.97,64.65,62.9
2021-04-01,raw,Quintile 3,53.29,53.38,56.77,51.76
2021-04-01,raw,Quintile 4,58.64,52.86,53.95,45.84
2021-04-01,raw,Quintile 5 (most exposed),65.28,70.51,69.85,61.04
2021-04-01,sa,Quintile 1 (least exposed),89.71,82.24,78.59,69.52
2021-04-01,sa,Quintile 2,71.05,71.09,76.35,77.76
2021-04-01,sa,Quintile 3,71.08,62.65,65.38,58.38
2021-04-01,sa,Quintile 4,64.42,56.94,63.13,61.9
2021-04-01,sa,Quintile 5 (most exposed),76.56,75.16,79.8,74.63
2021-05-01,percap,Quintile 1 (least exposed),100.68,89.31,84.72,77.7
2021-05-01,percap,Quintile 2,82.33,75.3,71.53,72.5
2021-05-01,percap,Quintile 3,67.71,66.86,63.96,62.45
2021-05-01,percap,Quintile 4,75.79,66.54,64.81,56.19
2021-05-01,percap,Quintile 5 (most exposed),68.76,85.0,81.08,75.51
2021-05-01,percap_sa,Quintile 1 (least exposed),91.14,83.01,76.7,74.47
2021-05-01,percap_sa,Quintile 2,76.83,70.58,67.01,66.21
2021-05-01,percap_sa,Quintile 3,76.48,71.21,70.25,72.74
2021-05-01,percap_sa,Quintile 4,68.38,59.54,62.27,60.91
2021-05-01,percap_sa,Quintile 5 (most exposed),77.02,87.52,85.1,91.2
2021-05-01,raw,Quintile 1 (least exposed),100.69,86.65,85.06,75.79
2021-05-01,raw,Quintile 2,82.34,73.06,71.81,70.72
2021-05-01,raw,Quintile 3,67.72,64.87,64.21,60.92
2021-05-01,raw,Quintile 4,75.8,64.56,65.07,54.81
2021-05-01,raw,Quintile 5 (most exposed),68.77,82.47,81.4,73.66
2021-05-01,sa,Quintile 1 (least exposed),91.15,80.54,76.99,72.65
2021-05-01,sa,Quintile 2,76.84,68.49,67.27,64.6
2021-05-01,sa,Quintile 3,76.48,69.1,70.51,70.97
2021-05-01,sa,Quintile 4,68.38,57.77,62.51,59.43
2021-05-01,sa,Quintile 5 (most exposed),77.03,84.92,85.42,88.98
2021-06-01,percap,Quintile 1 (least exposed),168.83,122.1,115.41,122.67
2021-06-01,percap,Quintile 2,132.98,103.19,93.95,85.64
2021-06-01,percap,Quintile 3,101.48,76.62,70.06,68.83
2021-06-01,percap,Quintile 4,116.06,66.94,58.96,48.97
2021-06-01,percap,Quintile 5 (most exposed),105.06,79.46,74.2,77.2
2021-06-01,percap_sa,Quintile 1 (least exposed),125.77,113.59,110.82,122.66
2021-06-01,percap_sa,Quintile 2,114.19,110.66,101.08,94.82
2021-06-01,percap_sa,Quintile 3,87.88,85.43,80.06,78.9
2021-06-01,percap_sa,Quintile 4,88.27,83.44,82.56,76.71
2021-06-01,percap_sa,Quintile 5 (most exposed),97.16,110.03,110.11,144.88
2021-06-01,raw,Quintile 1 (least exposed),168.85,118.47,115.86,119.66
2021-06-01,raw,Quintile 2,132.99,100.12,94.31,83.54
2021-06-01,raw,Quintile 3,101.49,74.34,70.33,67.14
2021-06-01,raw,Quintile 4,116.07,64.95,59.19,47.77
2021-06-01,raw,Quintile 5 (most exposed),105.07,77.1,74.49,75.31
2021-06-01,sa,Quintile 1 (least exposed),125.78,110.39,111.24,119.82
2021-06-01,sa,Quintile 2,114.2,107.55,101.46,92.62
2021-06-01,sa,Quintile 3,87.88,83.02,80.36,77.07
2021-06-01,sa,Quintile 4,88.27,81.09,82.88,74.93
2021-06-01,sa,Quintile 5 (most exposed),97.16,106.94,110.53,141.52
2021-07-01,percap,Quintile 1 (least exposed),156.16,95.68,92.7,86.81
2021-07-01,percap,Quintile 2,151.21,89.19,82.22,78.42
2021-07-01,percap,Quintile 3,106.21,68.43,63.31,68.42
2021-07-01,percap,Quintile 4,110.11,49.13,41.14,41.24
2021-07-01,percap,Quintile 5 (most exposed),93.43,48.9,43.99,45.32
2021-07-01,percap_sa,Quintile 1 (least exposed),109.42,108.14,104.22,104.73
2021-07-01,percap_sa,Quintile 2,113.59,109.86,104.29,103.95
2021-07-01,percap_sa,Quintile 3,87.6,85.79,81.34,83.08
2021-07-01,percap_sa,Quintile 4,87.68,80.07,76.81,77.08
2021-07-01,percap_sa,Quintile 5 (most exposed),86.15,93.48,91.23,97.48
2021-07-01,raw,Quintile 1 (least exposed),156.07,93.15,92.95,85.0
2021-07-01,raw,Quintile 2,151.13,86.83,82.44,76.78
2021-07-01,raw,Quintile 3,106.15,66.62,63.48,66.99
2021-07-01,raw,Quintile 4,110.05,47.83,41.25,40.38
2021-07-01,raw,Quintile 5 (most exposed),93.38,47.61,44.1,44.37
2021-07-01,sa,Quintile 1 (least exposed),109.36,105.11,104.48,102.41
2021-07-01,sa,Quintile 2,113.53,106.79,104.56,101.66
2021-07-01,sa,Quintile 3,87.55,83.39,81.55,81.24
2021-07-01,sa,Quintile 4,87.63,77.83,77.01,75.37
2021-07-01,sa,Quintile 5 (most exposed),86.1,90.86,91.46,95.33
2021-08-01,percap,Quintile 1 (least exposed),109.58,84.74,82.56,75.26
2021-08-01,percap,Quintile 2,131.52,115.37,98.67,84.64
2021-08-01,percap,Quintile 3,81.61,83.15,71.29,66.59
2021-08-01,percap,Quintile 4,144.48,83.23,69.62,47.53
2021-08-01,percap,Quintile 5 (most exposed),121.83,92.29,78.86,53.81
2021-08-01,percap_sa,Quintile 1 (least exposed),104.17,101.47,98.63,96.3
2021-08-01,percap_sa,Quintile 2,107.49,108.3,103.15,95.67
2021-08-01,percap_sa,Quintile 3,83.23,86.3,79.26,81.33
2021-08-01,percap_sa,Quintile 4,79.15,74.95,75.7,67.0
2021-08-01,percap_sa,Quintile 5 (most exposed),82.6,90.93,92.92,90.22
2021-08-01,raw,Quintile 1 (least exposed),109.51,82.5,82.77,73.69
2021-08-01,raw,Quintile 2,131.44,112.32,98.93,82.87
2021-08-01,raw,Quintile 3,81.57,80.95,71.48,65.19
2021-08-01,raw,Quintile 4,144.4,81.03,69.8,46.54
2021-08-01,raw,Quintile 5 (most exposed),121.76,89.85,79.06,52.69
2021-08-01,sa,Quintile 1 (least exposed),104.12,98.79,98.88,94.29
2021-08-01,sa,Quintile 2,107.43,105.44,103.41,93.68
2021-08-01,sa,Quintile 3,83.19,84.02,79.45,79.63
2021-08-01,sa,Quintile 4,79.11,72.97,75.89,65.61
2021-08-01,sa,Quintile 5 (most exposed),82.56,88.52,93.15,88.34
2021-09-01,percap,Quintile 1 (least exposed),139.95,128.25,122.9,117.8
2021-09-01,percap,Quintile 2,146.13,123.71,120.58,109.84
2021-09-01,percap,Quintile 3,106.9,95.0,90.03,87.31
2021-09-01,percap,Quintile 4,139.26,87.43,81.96,66.45
2021-09-01,percap,Quintile 5 (most exposed),137.18,106.14,102.27,84.69
2021-09-01,percap_sa,Quintile 1 (least exposed),108.51,109.62,108.98,107.88
2021-09-01,percap_sa,Quintile 2,113.85,108.62,106.6,106.13
2021-09-01,percap_sa,Quintile 3,84.64,82.52,81.97,84.86
2021-09-01,percap_sa,Quintile 4,80.94,69.42,73.13,68.94
2021-09-01,percap_sa,Quintile 5 (most exposed),85.4,87.97,92.88,97.02
2021-09-01,raw,Quintile 1 (least exposed),139.87,124.85,123.22,115.34
2021-09-01,raw,Quintile 2,146.05,120.44,120.9,107.54
2021-09-01,raw,Quintile 3,106.84,92.48,90.26,85.48
2021-09-01,raw,Quintile 4,139.19,85.11,82.17,65.06
2021-09-01,raw,Quintile 5 (most exposed),137.11,103.33,102.54,82.92
2021-09-01,sa,Quintile 1 (least exposed),108.45,106.9,109.24,105.77
2021-09-01,sa,Quintile 2,113.78,105.92,106.86,104.06
2021-09-01,sa,Quintile 3,84.59,80.47,82.16,83.2
2021-09-01,sa,Quintile 4,80.9,67.7,73.3,67.6
2021-09-01,sa,Quintile 5 (most exposed),85.35,85.79,93.1,95.13
2021-10-01,percap,Quintile 1 (least exposed),117.09,103.04,107.11,98.13
2021-10-01,percap,Quintile 2,119.97,101.43,97.87,92.35
2021-10-01,percap,Quintile 3,82.83,80.77,81.14,73.65
2021-10-01,percap,Quintile 4,88.21,78.69,68.99,57.65
2021-10-01,percap,Quintile 5 (most exposed),92.76,94.31,83.49,71.71
2021-10-01,percap_sa,Quintile 1 (least exposed),102.95,93.5,97.11,92.64
2021-10-01,percap_sa,Quintile 2,113.01,106.1,99.54,98.43
2021-10-01,percap_sa,Quintile 3,87.85,82.2,80.12,74.31
2021-10-01,percap_sa,Quintile 4,80.73,76.21,71.67,66.85
2021-10-01,percap_sa,Quintile 5 (most exposed),91.07,94.42,91.46,92.26
2021-10-01,raw,Quintile 1 (least exposed),116.95,100.65,107.26,96.44
2021-10-01,raw,Quintile 2,119.83,99.09,98.01,90.75
2021-10-01,raw,Quintile 3,82.73,78.9,81.25,72.38
2021-10-01,raw,Quintile 4,88.1,76.87,69.08,56.65
2021-10-01,raw,Quintile 5 (most exposed),92.65,92.12,83.6,70.47
2021-10-01,sa,Quintile 1 (least exposed),102.83,91.19,97.24,90.92
2021-10-01,sa,Quintile 2,112.88,103.47,99.67,96.6
2021-10-01,sa,Quintile 3,87.75,80.17,80.23,72.93
2021-10-01,sa,Quintile 4,80.63,74.33,71.77,65.61
2021-10-01,sa,Quintile 5 (most exposed),90.96,92.09,91.59,90.54
2021-11-01,percap,Quintile 1 (least exposed),111.88,102.72,104.6,94.66
2021-11-01,percap,Quintile 2,122.24,123.26,112.28,107.83
2021-11-01,percap,Quintile 3,84.44,85.17,83.25,80.57
2021-11-01,percap,Quintile 4,84.36,74.7,69.98,64.7
2021-11-01,percap,Quintile 5 (most exposed),87.12,91.58,91.46,87.97
2021-11-01,percap_sa,Quintile 1 (least exposed),111.88,102.72,104.6,94.66
2021-11-01,percap_sa,Quintile 2,122.24,123.26,112.28,107.83
2021-11-01,percap_sa,Quintile 3,84.44,85.17,83.25,80.57
2021-11-01,percap_sa,Quintile 4,84.36,74.7,69.98,64.7
2021-11-01,percap_sa,Quintile 5 (most exposed),87.12,91.58,91.46,87.97
2021-11-01,raw,Quintile 1 (least exposed),111.74,100.34,104.75,93.02
2021-11-01,raw,Quintile 2,122.09,120.4,112.44,105.97
2021-11-01,raw,Quintile 3,84.33,83.2,83.37,79.18
2021-11-01,raw,Quintile 4,84.26,72.97,70.08,63.58
2021-11-01,raw,Quintile 5 (most exposed),87.02,89.46,91.58,86.45
2021-11-01,sa,Quintile 1 (least exposed),111.74,100.34,104.75,93.02
2021-11-01,sa,Quintile 2,122.09,120.4,112.44,105.97
2021-11-01,sa,Quintile 3,84.33,83.2,83.37,79.18
2021-11-01,sa,Quintile 4,84.26,72.97,70.08,63.58
2021-11-01,sa,Quintile 5 (most exposed),87.02,89.46,91.58,86.45
2021-12-01,percap,Quintile 1 (least exposed),93.81,91.76,91.52,89.9
2021-12-01,percap,Quintile 2,106.88,98.23,93.6,97.15
2021-12-01,percap,Quintile 3,79.93,77.87,79.39,73.77
2021-12-01,percap,Quintile 4,76.6,70.58,67.52,62.73
2021-12-01,percap,Quintile 5 (most exposed),72.25,76.81,82.26,77.69
2021-12-01,percap_sa,Quintile 1 (least exposed),110.8,110.1,109.26,103.28
2021-12-01,percap_sa,Quintile 2,109.98,105.75,99.83,97.55
2021-12-01,percap_sa,Quintile 3,97.61,95.49,94.7,89.98
2021-12-01,percap_sa,Quintile 4,95.42,86.9,88.72,80.86
2021-12-01,percap_sa,Quintile 5 (most exposed),99.03,106.65,107.22,112.31
2021-12-01,raw,Quintile 1 (least exposed),93.7,89.63,91.65,88.35
2021-12-01,raw,Quintile 2,106.75,95.96,93.73,95.47
2021-12-01,raw,Quintile 3,79.83,76.06,79.49,72.5
2021-12-01,raw,Quintile 4,76.51,68.94,67.61,61.64
2021-12-01,raw,Quintile 5 (most exposed),72.16,75.04,82.37,76.34
2021-12-01,sa,Quintile 1 (least exposed),110.66,107.72,109.41,101.63
2021-12-01,sa,Quintile 2,109.84,103.46,99.97,95.99
2021-12-01,sa,Quintile 3,97.49,93.43,94.83,88.54
2021-12-01,sa,Quintile 4,95.3,85.03,88.84,79.57
2021-12-01,sa,Quintile 5 (most exposed),98.91,104.35,107.36,110.51
2022-01-01,percap,Quintile 1 (least exposed),121.91,121.61,128.59,140.2
2022-01-01,percap,Quintile 2,106.31,110.57,121.4,136.48
2022-01-01,percap,Quintile 3,86.19,114.29,128.53,148.42
2022-01-01,percap,Quintile 4,132.43,145.37,152.75,158.21
2022-01-01,percap,Quintile 5 (most exposed),133.83,175.69,195.94,194.21
2022-01-01,percap_sa,Quintile 1 (least exposed),98.47,99.16,103.31,99.38
2022-01-01,percap_sa,Quintile 2,102.23,94.8,93.74,94.34
2022-01-01,percap_sa,Quintile 3,83.58,86.26,86.29,90.17
2022-01-01,percap_sa,Quintile 4,87.67,79.13,76.8,78.18
2022-01-01,percap_sa,Quintile 5 (most exposed),98.27,102.98,107.37,104.95
2022-01-01,raw,Quintile 1 (least exposed),121.75,119.37,128.67,138.34
2022-01-01,raw,Quintile 2,106.17,108.53,121.48,134.66
2022-01-01,raw,Quintile 3,86.08,112.18,128.61,146.45
2022-01-01,raw,Quintile 4,132.26,142.69,152.84,156.11
2022-01-01,raw,Quintile 5 (most exposed),133.65,172.45,196.06,191.64
2022-01-01,sa,Quintile 1 (least exposed),98.34,97.18,103.37,97.94
2022-01-01,sa,Quintile 2,102.1,92.9,93.79,92.97
2022-01-01,sa,Quintile 3,83.47,84.54,86.34,88.87
2022-01-01,sa,Quintile 4,87.56,77.55,76.84,77.05
2022-01-01,sa,Quintile 5 (most exposed),98.15,100.92,107.43,103.43
2022-02-01,percap,Quintile 1 (least exposed),108.75,112.6,119.65,113.75
2022-02-01,percap,Quintile 2,95.44,90.3,91.29,82.05
2022-02-01,percap,Quintile 3,73.69,82.33,82.05,82.0
2022-02-01,percap,Quintile 4,86.11,76.86,66.11,56.87
2022-02-01,percap,Quintile 5 (most exposed),89.0,92.13,84.25,71.84
2022-02-01,percap_sa,Quintile 1 (least exposed),119.05,120.54,127.39,131.58
2022-02-01,percap_sa,Quintile 2,105.39,102.01,101.56,97.03
2022-02-01,percap_sa,Quintile 3,95.47,100.69,97.77,103.51
2022-02-01,percap_sa,Quintile 4,94.24,87.26,80.05,81.39
2022-02-01,percap_sa,Quintile 5 (most exposed),107.85,108.38,106.38,105.77
2022-02-01,raw,Quintile 1 (least exposed),108.6,110.52,119.73,112.24
2022-02-01,raw,Quintile 2,95.31,88.64,91.34,80.96
2022-02-01,raw,Quintile 3,73.59,80.81,82.1,80.91
2022-02-01,raw,Quintile 4,86.0,75.44,66.16,56.12
2022-02-01,raw,Quintile 5 (most exposed),88.88,90.43,84.3,70.89
2022-02-01,sa,Quintile 1 (least exposed),118.89,118.32,127.47,129.84
2022-02-01,sa,Quintile 2,105.25,100.13,101.62,95.74
2022-02-01,sa,Quintile 3,95.34,98.83,97.83,102.14
2022-02-01,sa,Quintile 4,94.12,85.65,80.1,80.32
2022-02-01,sa,Quintile 5 (most exposed),107.71,106.39,106.44,104.37
2022-03-01,percap,Quintile 1 (least exposed),106.36,98.47,98.27,99.07
2022-03-01,percap,Quintile 2,97.89,91.22,88.14,98.41
2022-03-01,percap,Quintile 3,71.24,89.71,91.37,95.46
2022-03-01,percap,Quintile 4,87.42,81.7,74.88,74.02
2022-03-01,percap,Quintile 5 (most exposed),89.42,104.11,101.62,83.62
2022-03-01,percap_sa,Quintile 1 (least exposed),118.39,111.25,112.55,113.61
2022-03-01,percap_sa,Quintile 2,101.48,87.92,81.55,94.13
2022-03-01,percap_sa,Quintile 3,96.43,105.04,107.27,111.17
2022-03-01,percap_sa,Quintile 4,93.27,84.01,85.01,88.16
2022-03-01,percap_sa,Quintile 5 (most exposed),107.19,115.58,115.48,118.15
2022-03-01,raw,Quintile 1 (least exposed),106.22,96.66,98.34,97.76
2022-03-01,raw,Quintile 2,97.76,89.53,88.2,97.1
2022-03-01,raw,Quintile 3,71.15,88.06,91.43,94.2
2022-03-01,raw,Quintile 4,87.3,80.2,74.93,73.04
2022-03-01,raw,Quintile 5 (most exposed),89.3,102.19,101.68,82.51
2022-03-01,sa,Quintile 1 (least exposed),118.23,109.38,112.63,112.25
2022-03-01,sa,Quintile 2,101.35,86.44,81.61,93.0
2022-03-01,sa,Quintile 3,96.29,103.27,107.34,109.84
2022-03-01,sa,Quintile 4,93.15,82.59,85.07,87.1
2022-03-01,sa,Quintile 5 (most exposed),107.04,113.63,115.56,116.73
2022-04-01,percap,Quintile 1 (least exposed),100.44,94.32,97.83,91.84
2022-04-01,percap,Quintile 2,96.93,91.46,87.07,86.79
2022-04-01,percap,Quintile 3,70.31,80.19,82.01,83.84
2022-04-01,percap,Quintile 4,77.34,74.44,68.36,57.94
2022-04-01,percap,Quintile 5 (most exposed),89.39,107.84,97.59,81.55
2022-04-01,percap_sa,Quintile 1 (least exposed),107.42,107.07,113.86,108.98
2022-04-01,percap_sa,Quintile 2,110.94,108.58,102.86,107.42
2022-04-01,percap_sa,Quintile 3,93.78,94.27,94.48,94.67
2022-04-01,percap_sa,Quintile 4,84.95,80.32,80.01,78.32
2022-04-01,percap_sa,Quintile 5 (most exposed),104.83,115.11,111.51,99.81
2022-04-01,raw,Quintile 1 (least exposed),100.35,93.15,97.87,91.02
2022-04-01,raw,Quintile 2,96.84,90.33,87.1,86.02
2022-04-01,raw,Quintile 3,70.24,79.2,82.05,83.1
2022-04-01,raw,Quintile 4,77.27,73.52,68.39,57.42
2022-04-01,raw,Quintile 5 (most exposed),89.31,106.51,97.63,80.82
2022-04-01,sa,Quintile 1 (least exposed),107.33,105.58,113.88,107.89
2022-04-01,sa,Quintile 2,110.85,107.07,102.88,106.34
2022-04-01,sa,Quintile 3,93.7,92.96,94.49,93.72
2022-04-01,sa,Quintile 4,84.88,79.2,80.03,77.53
2022-04-01,sa,Quintile 5 (most exposed),104.74,113.52,111.53,98.81
2022-05-01,percap,Quintile 1 (least exposed),123.24,116.21,120.61,103.53
2022-05-01,percap,Quintile 2,124.69,126.55,119.06,123.59
2022-05-01,percap,Quintile 3,80.54,91.87,89.28,82.86
2022-05-01,percap,Quintile 4,128.83,117.5,100.3,89.27
2022-05-01,percap,Quintile 5 (most exposed),100.55,114.46,111.89,99.51
2022-05-01,percap_sa,Quintile 1 (least exposed),111.57,108.01,109.18,99.23
2022-05-01,percap_sa,Quintile 2,116.36,118.63,111.55,112.87
2022-05-01,percap_sa,Quintile 3,90.96,97.85,98.05,96.52
2022-05-01,percap_sa,Quintile 4,116.23,105.13,96.37,96.78
2022-05-01,percap_sa,Quintile 5 (most exposed),112.63,117.85,117.44,120.19
2022-05-01,raw,Quintile 1 (least exposed),123.13,114.77,120.66,102.61
2022-05-01,raw,Quintile 2,124.58,124.99,119.11,122.49
2022-05-01,raw,Quintile 3,80.46,90.74,89.32,82.13
2022-05-01,raw,Quintile 4,128.72,116.04,100.35,88.48
2022-05-01,raw,Quintile 5 (most exposed),100.46,113.04,111.94,98.63
2022-05-01,sa,Quintile 1 (least exposed),111.47,106.68,109.21,98.36
2022-05-01,sa,Quintile 2,116.25,117.17,111.58,111.88
2022-05-01,sa,Quintile 3,90.88,96.65,98.08,95.67
2022-05-01,sa,Quintile 4,116.13,103.84,96.4,95.93
2022-05-01,sa,Quintile 5 (most exposed),112.53,116.4,117.48,119.14
2022-06-01,percap,Quintile 1 (least exposed),150.55,117.33,117.12,111.26
2022-06-01,percap,Quintile 2,131.29,101.44,99.09,90.52
2022-06-01,percap,Quintile 3,105.94,84.09,86.54,88.51
2022-06-01,percap,Quintile 4,125.26,66.35,60.46,50.04
2022-06-01,percap,Quintile 5 (most exposed),117.2,85.03,81.83,68.6
2022-06-01,percap_sa,Quintile 1 (least exposed),112.15,109.15,112.47,111.26
2022-06-01,percap_sa,Quintile 2,112.74,108.79,106.61,100.22
2022-06-01,percap_sa,Quintile 3,91.74,93.75,98.89,101.46
2022-06-01,percap_sa,Quintile 4,95.26,82.71,84.67,78.4
2022-06-01,percap_sa,Quintile 5 (most exposed),108.38,117.74,121.43,128.74
2022-06-01,raw,Quintile 1 (least exposed),150.41,115.88,117.17,110.27
2022-06-01,raw,Quintile 2,131.17,100.19,99.13,89.71
2022-06-01,raw,Quintile 3,105.84,83.05,86.58,87.72
2022-06-01,raw,Quintile 4,125.14,65.53,60.48,49.6
2022-06-01,raw,Quintile 5 (most exposed),117.1,83.98,81.86,67.99
2022-06-01,sa,Quintile 1 (least exposed),112.04,107.98,112.51,110.42
2022-06-01,sa,Quintile 2,112.63,107.62,106.65,99.47
2022-06-01,sa,Quintile 3,91.65,92.74,98.93,100.7
2022-06-01,sa,Quintile 4,95.17,81.82,84.7,77.8
2022-06-01,sa,Quintile 5 (most exposed),108.28,116.48,121.48,127.77
2022-07-01,percap,Quintile 1 (least exposed),141.76,87.58,87.21,76.73
2022-07-01,percap,Quintile 2,131.54,81.47,77.82,74.26
2022-07-01,percap,Quintile 3,100.1,67.88,63.9,69.56
2022-07-01,percap,Quintile 4,103.21,45.71,39.18,35.7
2022-07-01,percap,Quintile 5 (most exposed),99.98,53.89,49.2,49.23
2022-07-01,percap_sa,Quintile 1 (least exposed),99.33,98.98,98.04,92.56
2022-07-01,percap_sa,Quintile 2,98.82,100.35,98.71,98.44
2022-07-01,percap_sa,Quintile 3,82.56,85.1,82.09,84.47
2022-07-01,percap_sa,Quintile 4,82.18,74.5,73.15,66.73
2022-07-01,percap_sa,Quintile 5 (most exposed),92.18,103.0,102.04,105.9
2022-07-01,raw,Quintile 1 (least exposed),141.69,87.04,87.23,76.38
2022-07-01,raw,Quintile 2,131.48,80.96,77.84,73.93
2022-07-01,raw,Quintile 3,100.05,67.46,63.91,69.25
2022-07-01,raw,Quintile 4,103.16,45.43,39.19,35.54
2022-07-01,raw,Quintile 5 (most exposed),99.93,53.56,49.21,49.01
2022-07-01,sa,Quintile 1 (least exposed),99.29,98.21,98.05,92.03
2022-07-01,sa,Quintile 2,98.78,99.57,98.73,97.88
2022-07-01,sa,Quintile 3,82.52,84.45,82.1,83.99
2022-07-01,sa,Quintile 4,82.15,73.92,73.16,66.35
2022-07-01,sa,Quintile 5 (most exposed),92.15,102.21,102.05,105.3
2022-08-01,percap,Quintile 1 (least exposed),108.37,87.04,87.26,79.73
2022-08-01,percap,Quintile 2,129.17,106.07,91.52,89.74
2022-08-01,percap,Quintile 3,85.24,82.38,79.66,72.15
2022-08-01,percap,Quintile 4,166.96,93.98,73.73,56.02
2022-08-01,percap,Quintile 5 (most exposed),146.12,111.87,91.98,66.69
2022-08-01,percap_sa,Quintile 1 (least exposed),103.03,104.22,104.26,102.02
2022-08-01,percap_sa,Quintile 2,105.57,99.56,95.68,101.44
2022-08-01,percap_sa,Quintile 3,86.93,85.49,88.56,88.12
2022-08-01,percap_sa,Quintile 4,91.46,84.63,80.17,78.96
2022-08-01,percap_sa,Quintile 5 (most exposed),99.08,110.22,108.38,111.81
2022-08-01,raw,Quintile 1 (least exposed),108.32,86.5,87.28,79.38
2022-08-01,raw,Quintile 2,129.11,105.41,91.54,89.34
2022-08-01,raw,Quintile 3,85.2,81.87,79.68,71.83
2022-08-01,raw,Quintile 4,166.88,93.4,73.74,55.77
2022-08-01,raw,Quintile 5 (most exposed),146.06,111.18,91.99,66.39
2022-08-01,sa,Quintile 1 (least exposed),102.98,103.58,104.26,101.57
2022-08-01,sa,Quintile 2,105.53,98.95,95.69,101.0
2022-08-01,sa,Quintile 3,86.89,84.97,88.56,87.74
2022-08-01,sa,Quintile 4,91.42,84.11,80.17,78.62
2022-08-01,sa,Quintile 5 (most exposed),99.03,109.54,108.39,111.32
2022-09-01,percap,Quintile 1 (least exposed),130.63,115.0,111.53,103.39
2022-09-01,percap,Quintile 2,136.86,121.43,116.37,108.03
2022-09-01,percap,Quintile 3,118.88,111.4,104.53,97.61
2022-09-01,percap,Quintile 4,156.34,112.73,96.15,79.2
2022-09-01,percap,Quintile 5 (most exposed),162.03,136.05,120.08,92.02
2022-09-01,percap_sa,Quintile 1 (least exposed),101.29,98.3,98.9,94.68
2022-09-01,percap_sa,Quintile 2,106.63,106.61,102.88,104.39
2022-09-01,percap_sa,Quintile 3,94.13,96.77,95.18,94.87
2022-09-01,percap_sa,Quintile 4,90.87,89.52,85.79,82.16
2022-09-01,percap_sa,Quintile 5 (most exposed),100.87,112.76,109.04,105.41
2022-09-01,raw,Quintile 1 (least exposed),130.57,114.29,111.56,102.93
2022-09-01,raw,Quintile 2,136.8,120.68,116.4,107.55
2022-09-01,raw,Quintile 3,118.82,110.71,104.56,97.17
2022-09-01,raw,Quintile 4,156.27,112.03,96.17,78.84
2022-09-01,raw,Quintile 5 (most exposed),161.96,135.21,120.1,91.61
2022-09-01,sa,Quintile 1 (least exposed),101.24,97.86,98.9,94.4
2022-09-01,sa,Quintile 2,106.57,106.13,102.88,104.07
2022-09-01,sa,Quintile 3,94.09,96.33,95.17,94.59
2022-09-01,sa,Quintile 4,90.83,89.11,85.79,81.92
2022-09-01,sa,Quintile 5 (most exposed),100.82,112.25,109.04,105.09
2022-10-01,percap,Quintile 1 (least exposed),115.6,118.71,118.64,111.09
2022-10-01,percap,Quintile 2,103.56,94.55,94.16,86.19
2022-10-01,percap,Quintile 3,78.63,86.15,88.34,89.69
2022-10-01,percap,Quintile 4,98.44,86.27,79.9,78.4
2022-10-01,percap,Quintile 5 (most exposed),101.4,107.78,100.27,90.3
2022-10-01,percap_sa,Quintile 1 (least exposed),101.64,107.72,107.56,104.87
2022-10-01,percap_sa,Quintile 2,97.56,98.89,95.76,91.86
2022-10-01,percap_sa,Quintile 3,83.4,87.67,87.24,90.49
2022-10-01,percap_sa,Quintile 4,90.08,83.55,83.0,90.91
2022-10-01,percap_sa,Quintile 5 (most exposed),99.54,107.91,109.85,116.17
2022-10-01,raw,Quintile 1 (least exposed),115.6,118.71,118.64,111.09
2022-10-01,raw,Quintile 2,103.56,94.55,94.16,86.19
2022-10-01,raw,Quintile 3,78.63,86.15,88.34,89.69
2022-10-01,raw,Quintile 4,98.44,86.27,79.9,78.4
2022-10-01,raw,Quintile 5 (most exposed),101.4,107.78,100.27,90.3
2022-10-01,sa,Quintile 1 (least exposed),101.65,107.55,107.56,104.73
2022-10-01,sa,Quintile 2,97.56,98.73,95.76,91.74
2022-10-01,sa,Quintile 3,83.4,87.53,87.24,90.37
2022-10-01,sa,Quintile 4,90.09,83.41,83.0,90.79
2022-10-01,sa,Quintile 5 (most exposed),99.55,107.73,109.85,116.02
2022-11-01,percap,Quintile 1 (least exposed),100.0,100.0,100.0,100.0
2022-11-01,percap,Quintile 2,100.0,100.0,100.0,100.0
2022-11-01,percap,Quintile 3,100.0,100.0,100.0,100.0
2022-11-01,percap,Quintile 4,100.0,100.0,100.0,100.0
2022-11-01,percap,Quintile 5 (most exposed),100.0,100.0,100.0,100.0
2022-11-01,percap_sa,Quintile 1 (least exposed),100.0,100.0,100.0,100.0
2022-11-01,percap_sa,Quintile 2,100.0,100.0,100.0,100.0
2022-11-01,percap_sa,Quintile 3,100.0,100.0,100.0,100.0
2022-11-01,percap_sa,Quintile 4,100.0,100.0,100.0,100.0
2022-11-01,percap_sa,Quintile 5 (most exposed),100.0,100.0,100.0,100.0
2022-11-01,raw,Quintile 1 (least exposed),100.0,100.0,100.0,100.0
2022-11-01,raw,Quintile 2,100.0,100.0,100.0,100.0
2022-11-01,raw,Quintile 3,100.0,100.0,100.0,100.0
2022-11-01,raw,Quintile 4,100.0,100.0,100.0,100.0
2022-11-01,raw,Quintile 5 (most exposed),100.0,100.0,100.0,100.0
2022-11-01,sa,Quintile 1 (least exposed),100.0,100.0,100.0,100.0
2022-11-01,sa,Quintile 2,100.0,100.0,100.0,100.0
2022-11-01,sa,Quintile 3,100.0,100.0,100.0,100.0
2022-11-01,sa,Quintile 4,100.0,100.0,100.0,100.0
2022-11-01,sa,Quintile 5 (most exposed),100.0,100.0,100.0,100.0
2022-12-01,percap,Quintile 1 (least exposed),85.23,81.79,91.32,93.22
2022-12-01,percap,Quintile 2,99.91,94.12,97.86,101.87
2022-12-01,percap,Quintile 3,65.07,66.59,68.43,70.38
2022-12-01,percap,Quintile 4,67.17,63.11,56.78,58.2
2022-12-01,percap,Quintile 5 (most exposed),64.67,69.85,75.43,67.78
2022-12-01,percap_sa,Quintile 1 (least exposed),100.66,98.14,109.03,107.09
2022-12-01,percap_sa,Quintile 2,102.81,101.32,104.37,102.29
2022-12-01,percap_sa,Quintile 3,79.46,81.66,81.63,85.84
2022-12-01,percap_sa,Quintile 4,83.68,77.7,74.61,75.02
2022-12-01,percap_sa,Quintile 5 (most exposed),88.65,96.98,98.32,97.99
2022-12-01,raw,Quintile 1 (least exposed),85.23,81.79,91.32,93.22
2022-12-01,raw,Quintile 2,99.91,94.12,97.86,101.87
2022-12-01,raw,Quintile 3,65.07,66.59,68.43,70.38
2022-12-01,raw,Quintile 4,67.17,63.11,56.78,58.2
2022-12-01,raw,Quintile 5 (most exposed),64.67,69.85,75.43,67.78
2022-12-01,sa,Quintile 1 (least exposed),100.65,98.3,109.02,107.23
2022-12-01,sa,Quintile 2,102.81,101.48,104.37,102.43
2022-12-01,sa,Quintile 3,79.46,81.8,81.62,85.95
2022-12-01,sa,Quintile 4,83.67,77.82,74.6,75.12
2022-12-01,sa,Quintile 5 (most exposed),88.65,97.14,98.32,98.11
2023-01-01,percap,Quintile 1 (least exposed),139.97,131.49,134.87,154.34
2023-01-01,percap,Quintile 2,130.52,156.55,171.63,188.58
2023-01-01,percap,Quintile 3,94.77,121.19,134.55,144.81
2023-01-01,percap,Quintile 4,123.12,141.08,151.63,150.19
2023-01-01,percap,Quintile 5 (most exposed),122.3,161.86,181.86,193.7
2023-01-01,percap_sa,Quintile 1 (least exposed),113.05,107.22,108.36,109.4
2023-01-01,percap_sa,Quintile 2,125.5,134.23,132.51,130.36
2023-01-01,percap_sa,Quintile 3,91.9,91.47,90.33,87.98
2023-01-01,percap_sa,Quintile 4,81.51,76.79,76.24,74.22
2023-01-01,percap_sa,Quintile 5 (most exposed),89.81,94.87,99.66,104.67
2023-01-01,raw,Quintile 1 (least exposed),139.99,132.22,134.9,155.0
2023-01-01,raw,Quintile 2,130.54,157.42,171.66,189.39
2023-01-01,raw,Quintile 3,94.79,121.86,134.58,145.43
2023-01-01,raw,Quintile 4,123.14,141.87,151.66,150.83
2023-01-01,raw,Quintile 5 (most exposed),122.32,162.76,181.9,194.53
2023-01-01,sa,Quintile 1 (least exposed),113.08,107.64,108.38,109.73
2023-01-01,sa,Quintile 2,125.53,134.76,132.54,130.75
2023-01-01,sa,Quintile 3,91.92,91.83,90.34,88.25
2023-01-01,sa,Quintile 4,81.52,77.1,76.25,74.44
2023-01-01,sa,Quintile 5 (most exposed),89.83,95.25,99.67,104.99
2023-02-01,percap,Quintile 1 (least exposed),86.45,89.73,89.68,78.68
2023-02-01,percap,Quintile 2,100.75,105.69,107.21,102.08
2023-02-01,percap,Quintile 3,63.56,70.01,71.7,68.91
2023-02-01,percap,Quintile 4,72.13,66.69,64.57,53.48
2023-02-01,percap,Quintile 5 (most exposed),70.1,80.03,75.84,65.69
2023-02-01,percap_sa,Quintile 1 (least exposed),94.63,96.05,95.49,91.01
2023-02-01,percap_sa,Quintile 2,111.26,119.4,119.27,120.7
2023-02-01,percap_sa,Quintile 3,82.35,85.62,85.44,86.98
2023-02-01,percap_sa,Quintile 4,78.94,75.71,78.18,76.53
2023-02-01,percap_sa,Quintile 5 (most exposed),84.95,94.15,95.76,96.71
2023-02-01,raw,Quintile 1 (least exposed),86.46,90.23,89.7,79.02
2023-02-01,raw,Quintile 2,100.76,106.28,107.23,102.51
2023-02-01,raw,Quintile 3,63.57,70.39,71.72,69.2
2023-02-01,raw,Quintile 4,72.14,67.06,64.58,53.7
2023-02-01,raw,Quintile 5 (most exposed),70.12,80.48,75.86,65.98
2023-02-01,sa,Quintile 1 (least exposed),94.65,96.59,95.5,91.4
2023-02-01,sa,Quintile 2,111.28,120.07,119.29,121.22
2023-02-01,sa,Quintile 3,82.36,86.1,85.46,87.35
2023-02-01,sa,Quintile 4,78.95,76.13,78.19,76.86
2023-02-01,sa,Quintile 5 (most exposed),84.97,94.68,95.78,97.13
2023-03-01,percap,Quintile 1 (least exposed),83.9,82.12,86.33,85.52
2023-03-01,percap,Quintile 2,127.01,168.05,178.46,163.29
2023-03-01,percap,Quintile 3,57.61,68.64,68.91,69.94
2023-03-01,percap,Quintile 4,81.54,80.95,74.25,66.33
2023-03-01,percap,Quintile 5 (most exposed),69.03,80.48,75.81,61.04
2023-03-01,percap_sa,Quintile 1 (least exposed),93.39,92.78,98.87,98.07
2023-03-01,percap_sa,Quintile 2,131.68,161.98,165.12,156.2
2023-03-01,percap_sa,Quintile 3,77.97,80.37,80.9,81.45
2023-03-01,percap_sa,Quintile 4,87.0,83.23,84.29,79.0
2023-03-01,percap_sa,Quintile 5 (most exposed),82.75,89.35,86.15,86.26
2023-03-01,raw,Quintile 1 (least exposed),83.92,82.58,86.35,85.89
2023-03-01,raw,Quintile 2,127.03,168.99,178.5,163.98
2023-03-01,raw,Quintile 3,57.62,69.02,68.93,70.24
2023-03-01,raw,Quintile 4,81.55,81.4,74.26,66.62
2023-03-01,raw,Quintile 5 (most exposed),69.04,80.92,75.82,61.31
2023-03-01,sa,Quintile 1 (least exposed),93.4,93.45,98.9,98.62
2023-03-01,sa,Quintile 2,131.7,163.14,165.16,157.07
2023-03-01,sa,Quintile 3,77.98,80.94,80.92,81.9
2023-03-01,sa,Quintile 4,87.01,83.83,84.31,79.44
2023-03-01,sa,Quintile 5 (most exposed),82.76,89.99,86.17,86.74
2023-04-01,percap,Quintile 1 (least exposed),88.27,83.77,82.21,81.49
2023-04-01,percap,Quintile 2,90.5,90.74,91.58,81.54
2023-04-01,percap,Quintile 3,61.14,73.77,80.56,84.31
2023-04-01,percap,Quintile 4,70.49,66.67,63.16,54.62
2023-04-01,percap,Quintile 5 (most exposed),73.18,88.78,87.34,99.79
2023-04-01,percap_sa,Quintile 1 (least exposed),94.41,95.09,95.68,96.69
2023-04-01,percap_sa,Quintile 2,103.59,107.72,108.19,100.91
2023-04-01,percap_sa,Quintile 3,81.55,86.72,92.81,95.2
2023-04-01,percap_sa,Quintile 4,77.43,71.93,73.92,73.83
2023-04-01,percap_sa,Quintile 5 (most exposed),85.82,94.77,99.8,122.14
2023-04-01,raw,Quintile 1 (least exposed),88.28,84.65,82.28,82.17
2023-04-01,raw,Quintile 2,90.51,91.69,91.66,82.22
2023-04-01,raw,Quintile 3,61.14,74.54,80.63,85.02
2023-04-01,raw,Quintile 4,70.5,67.37,63.21,55.08
2023-04-01,raw,Quintile 5 (most exposed),73.19,89.71,87.41,100.62
2023-04-01,sa,Quintile 1 (least exposed),94.42,95.95,95.73,97.4
2023-04-01,sa,Quintile 2,103.6,108.68,108.25,101.65
2023-04-01,sa,Quintile 3,81.56,87.5,92.86,95.89
2023-04-01,sa,Quintile 4,77.44,72.57,73.96,74.37
2023-04-01,sa,Quintile 5 (most exposed),85.83,95.62,99.86,123.03
2023-05-01,percap,Quintile 1 (least exposed),110.52,106.23,115.86,108.14
2023-05-01,percap,Quintile 2,103.02,100.37,104.99,104.87
2023-05-01,percap,Quintile 3,73.23,75.67,74.72,71.46
2023-05-01,percap,Quintile 4,82.54,76.71,72.15,62.2
2023-05-01,percap,Quintile 5 (most exposed),78.46,83.84,89.0,72.74
2023-05-01,percap_sa,Quintile 1 (least exposed),100.05,98.73,104.89,103.65
2023-05-01,percap_sa,Quintile 2,96.14,94.08,98.37,95.77
2023-05-01,percap_sa,Quintile 3,82.71,80.6,82.06,83.23
2023-05-01,percap_sa,Quintile 4,74.47,68.64,69.32,67.43
2023-05-01,percap_sa,Quintile 5 (most exposed),87.88,86.32,93.42,87.86
2023-05-01,raw,Quintile 1 (least exposed),110.53,107.34,115.95,109.04
2023-05-01,raw,Quintile 2,103.03,101.42,105.08,105.74
2023-05-01,raw,Quintile 3,73.24,76.46,74.78,72.06
2023-05-01,raw,Quintile 4,82.55,77.51,72.21,62.72
2023-05-01,raw,Quintile 5 (most exposed),78.46,84.71,89.07,73.35
2023-05-01,sa,Quintile 1 (least exposed),100.06,99.77,104.95,104.53
2023-05-01,sa,Quintile 2,96.15,95.08,98.43,96.58
2023-05-01,sa,Quintile 3,82.71,81.45,82.11,83.94
2023-05-01,sa,Quintile 4,74.47,69.36,69.37,68.01
2023-05-01,sa,Quintile 5 (most exposed),87.89,87.23,93.48,88.61
2023-06-01,percap,Quintile 1 (least exposed),124.44,102.51,102.1,97.53
2023-06-01,percap,Quintile 2,114.51,88.16,88.22,92.71
2023-06-01,percap,Quintile 3,91.34,74.34,71.87,69.77
2023-06-01,percap,Quintile 4,106.11,61.05,54.63,49.66
2023-06-01,percap,Quintile 5 (most exposed),90.51,62.52,56.61,47.28
2023-06-01,percap_sa,Quintile 1 (least exposed),92.7,95.37,98.05,97.52
2023-06-01,percap_sa,Quintile 2,98.33,94.55,94.91,102.65
2023-06-01,percap_sa,Quintile 3,79.1,82.88,82.13,79.98
2023-06-01,percap_sa,Quintile 4,80.7,76.09,76.5,77.8
2023-06-01,percap_sa,Quintile 5 (most exposed),83.7,86.58,84.01,88.73
2023-06-01,raw,Quintile 1 (least exposed),124.45,103.59,102.19,98.35
2023-06-01,raw,Quintile 2,114.52,89.09,88.29,93.48
2023-06-01,raw,Quintile 3,91.35,75.12,71.93,70.35
2023-06-01,raw,Quintile 4,106.12,61.69,54.67,50.08
2023-06-01,raw,Quintile 5 (most exposed),90.52,63.18,56.65,47.67
2023-06-01,sa,Quintile 1 (least exposed),92.7,96.53,98.12,98.48
2023-06-01,sa,Quintile 2,98.34,95.69,94.98,103.65
2023-06-01,sa,Quintile 3,79.1,83.89,82.19,80.76
2023-06-01,sa,Quintile 4,80.7,77.02,76.56,78.56
2023-06-01,sa,Quintile 5 (most exposed),83.7,87.63,84.07,89.59
2023-07-01,percap,Quintile 1 (least exposed),137.58,81.21,90.83,83.47
2023-07-01,percap,Quintile 2,127.42,75.85,73.8,70.64
2023-07-01,percap,Quintile 3,100.22,69.73,74.06,76.78
2023-07-01,percap,Quintile 4,100.08,45.94,41.63,43.7
2023-07-01,percap,Quintile 5 (most exposed),100.06,48.42,47.15,44.44
2023-07-01,percap_sa,Quintile 1 (least exposed),96.4,91.78,102.11,100.69
2023-07-01,percap_sa,Quintile 2,95.72,93.43,93.62,93.64
2023-07-01,percap_sa,Quintile 3,82.65,87.43,95.14,93.24
2023-07-01,percap_sa,Quintile 4,79.69,74.88,77.73,81.68
2023-07-01,percap_sa,Quintile 5 (most exposed),92.26,92.54,97.79,95.6
2023-07-01,raw,Quintile 1 (least exposed),137.58,82.47,90.96,84.52
2023-07-01,raw,Quintile 2,127.42,77.03,73.91,71.52
2023-07-01,raw,Quintile 3,100.21,70.82,74.16,77.75
2023-07-01,raw,Quintile 4,100.08,46.66,41.69,44.25
2023-07-01,raw,Quintile 5 (most exposed),100.06,49.17,47.22,45.0
2023-07-01,sa,Quintile 1 (least exposed),96.4,93.06,102.24,101.83
2023-07-01,sa,Quintile 2,95.72,94.73,93.74,94.7
2023-07-01,sa,Quintile 3,82.66,88.65,95.27,94.3
2023-07-01,sa,Quintile 4,79.7,75.92,77.83,82.61
2023-07-01,sa,Quintile 5 (most exposed),92.26,93.83,97.92,96.68
2023-08-01,percap,Quintile 1 (least exposed),102.81,77.67,85.44,77.79
2023-08-01,percap,Quintile 2,117.01,101.95,92.98,86.97
2023-08-01,percap,Quintile 3,81.36,83.44,81.9,75.22
2023-08-01,percap,Quintile 4,145.32,78.56,66.6,56.61
2023-08-01,percap,Quintile 5 (most exposed),132.6,90.8,76.63,58.71
2023-08-01,percap_sa,Quintile 1 (least exposed),97.74,93.01,102.08,99.54
2023-08-01,percap_sa,Quintile 2,95.63,95.7,97.2,98.31
2023-08-01,percap_sa,Quintile 3,82.97,86.6,91.04,91.87
2023-08-01,percap_sa,Quintile 4,79.61,70.74,72.42,79.8
2023-08-01,percap_sa,Quintile 5 (most exposed),89.91,89.46,90.3,98.42
2023-08-01,raw,Quintile 1 (least exposed),102.81,78.88,85.57,78.77
2023-08-01,raw,Quintile 2,117.01,103.53,93.11,88.06
2023-08-01,raw,Quintile 3,81.35,84.73,82.01,76.17
2023-08-01,raw,Quintile 4,145.32,79.78,66.69,57.32
2023-08-01,raw,Quintile 5 (most exposed),132.6,92.21,76.74,59.44
2023-08-01,sa,Quintile 1 (least exposed),97.74,94.45,102.21,100.8
2023-08-01,sa,Quintile 2,95.63,97.19,97.32,99.56
2023-08-01,sa,Quintile 3,82.97,87.94,91.16,93.04
2023-08-01,sa,Quintile 4,79.61,71.84,72.51,80.81
2023-08-01,sa,Quintile 5 (most exposed),89.91,90.85,90.42,99.67
2023-09-01,percap,Quintile 1 (least exposed),122.65,107.0,111.54,105.82
2023-09-01,percap,Quintile 2,117.27,103.16,100.32,90.0
2023-09-01,percap,Quintile 3,95.53,91.93,89.98,84.42
2023-09-01,percap,Quintile 4,135.1,90.76,78.44,72.14
2023-09-01,percap,Quintile 5 (most exposed),136.57,108.58,98.54,85.29
2023-09-01,percap_sa,Quintile 1 (least exposed),95.1,91.46,98.9,96.91
2023-09-01,percap_sa,Quintile 2,91.36,90.57,88.69,86.96
2023-09-01,percap_sa,Quintile 3,75.64,79.85,81.93,82.05
2023-09-01,percap_sa,Quintile 4,78.52,72.07,69.99,74.84
2023-09-01,percap_sa,Quintile 5 (most exposed),85.02,89.99,89.48,97.7
2023-09-01,raw,Quintile 1 (least exposed),122.65,108.66,111.7,107.15
2023-09-01,raw,Quintile 2,117.27,104.76,100.46,91.13
2023-09-01,raw,Quintile 3,95.53,93.36,90.11,85.48
2023-09-01,raw,Quintile 4,135.1,92.16,78.55,73.05
2023-09-01,raw,Quintile 5 (most exposed),136.57,110.26,98.68,86.36
2023-09-01,sa,Quintile 1 (least exposed),95.1,93.03,99.02,98.27
2023-09-01,sa,Quintile 2,91.36,92.13,88.79,88.18
2023-09-01,sa,Quintile 3,75.64,81.23,82.03,83.21
2023-09-01,sa,Quintile 4,78.52,73.3,70.07,75.9
2023-09-01,sa,Quintile 5 (most exposed),85.02,91.54,89.59,99.08
2023-10-01,percap,Quintile 1 (least exposed),113.37,108.11,114.57,109.97
2023-10-01,percap,Quintile 2,109.44,97.03,101.66,101.03
2023-10-01,percap,Quintile 3,77.79,87.35,92.72,98.07
2023-10-01,percap,Quintile 4,87.93,73.23,71.0,60.53
2023-10-01,percap,Quintile 5 (most exposed),82.0,86.83,81.66,72.44
2023-10-01,percap_sa,Quintile 1 (least exposed),99.68,98.1,103.87,103.81
2023-10-01,percap_sa,Quintile 2,103.09,101.49,103.39,107.69
2023-10-01,percap_sa,Quintile 3,82.5,88.9,91.56,98.95
2023-10-01,percap_sa,Quintile 4,80.47,70.92,73.75,70.18
2023-10-01,percap_sa,Quintile 5 (most exposed),80.5,86.93,89.46,93.2
2023-10-01,raw,Quintile 1 (least exposed),113.36,110.33,114.8,111.81
2023-10-01,raw,Quintile 2,109.43,99.02,101.87,102.73
2023-10-01,raw,Quintile 3,77.78,89.14,92.91,99.72
2023-10-01,raw,Quintile 4,87.92,74.73,71.14,61.54
2023-10-01,raw,Quintile 5 (most exposed),81.99,88.61,81.83,73.66
2023-10-01,sa,Quintile 1 (least exposed),99.67,99.96,104.08,105.41
2023-10-01,sa,Quintile 2,103.09,103.41,103.61,109.35
2023-10-01,sa,Quintile 3,82.5,90.58,91.75,100.48
2023-10-01,sa,Quintile 4,80.46,72.26,73.9,71.27
2023-10-01,sa,Quintile 5 (most exposed),80.49,88.57,89.65,94.64
2023-11-01,percap,Quintile 1 (least exposed),93.27,96.6,105.64,109.05
2023-11-01,percap,Quintile 2,94.94,87.72,89.06,91.81
2023-11-01,percap,Quintile 3,71.96,76.17,77.75,83.96
2023-11-01,percap,Quintile 4,70.17,61.19,63.09,66.6
2023-11-01,percap,Quintile 5 (most exposed),83.48,96.22,97.65,113.46
2023-11-01,percap_sa,Quintile 1 (least exposed),93.27,96.6,105.64,109.05
2023-11-01,percap_sa,Quintile 2,94.94,87.72,89.06,91.81
2023-11-01,percap_sa,Quintile 3,71.96,76.17,77.75,83.96
2023-11-01,percap_sa,Quintile 4,70.17,61.19,63.09,66.6
2023-11-01,percap_sa,Quintile 5 (most exposed),83.48,96.22,97.65,113.46
2023-11-01,raw,Quintile 1 (least exposed),93.26,98.59,105.86,110.88
2023-11-01,raw,Quintile 2,94.93,89.52,89.24,93.35
2023-11-01,raw,Quintile 3,71.95,77.74,77.91,85.37
2023-11-01,raw,Quintile 4,70.17,62.45,63.22,67.72
2023-11-01,raw,Quintile 5 (most exposed),83.48,98.2,97.85,115.36
2023-11-01,sa,Quintile 1 (least exposed),93.26,98.59,105.86,110.88
2023-11-01,sa,Quintile 2,94.93,89.52,89.24,93.35
2023-11-01,sa,Quintile 3,71.95,77.74,77.91,85.37
2023-11-01,sa,Quintile 4,70.17,62.45,63.22,67.72
2023-11-01,sa,Quintile 5 (most exposed),83.48,98.2,97.85,115.36
2023-12-01,percap,Quintile 1 (least exposed),77.96,75.79,77.96,81.22
2023-12-01,percap,Quintile 2,99.84,93.85,90.46,99.88
2023-12-01,percap,Quintile 3,64.0,68.02,70.62,72.52
2023-12-01,percap,Quintile 4,58.99,54.6,50.31,55.13
2023-12-01,percap,Quintile 5 (most exposed),59.55,60.26,63.87,61.23
2023-12-01,percap_sa,Quintile 1 (least exposed),92.08,90.94,93.07,93.3
2023-12-01,percap_sa,Quintile 2,102.74,101.03,96.48,100.29
2023-12-01,percap_sa,Quintile 3,78.15,83.41,84.24,88.45
2023-12-01,percap_sa,Quintile 4,73.49,67.22,66.11,71.07
2023-12-01,percap_sa,Quintile 5 (most exposed),81.62,83.66,83.25,88.52
2023-12-01,raw,Quintile 1 (least exposed),77.95,77.35,78.12,82.58
2023-12-01,raw,Quintile 2,99.83,95.78,90.64,101.56
2023-12-01,raw,Quintile 3,63.99,69.42,70.76,73.73
2023-12-01,raw,Quintile 4,58.99,55.72,50.41,56.06
2023-12-01,raw,Quintile 5 (most exposed),59.54,61.49,64.0,62.25
2023-12-01,sa,Quintile 1 (least exposed),92.06,92.96,93.26,94.98
2023-12-01,sa,Quintile 2,102.72,103.27,96.68,102.11
2023-12-01,sa,Quintile 3,78.14,85.26,84.41,90.05
2023-12-01,sa,Quintile 4,73.48,68.71,66.24,72.36
2023-12-01,sa,Quintile 5 (most exposed),81.61,85.52,83.42,90.12
2024-01-01,percap,Quintile 1 (least exposed),112.23,111.5,122.56,131.97
2024-01-01,percap,Quintile 2,92.78,97.41,103.49,116.86
2024-01-01,percap,Quintile 3,80.98,108.95,125.19,142.76
2024-01-01,percap,Quintile 4,123.24,136.17,147.24,149.57
2024-01-01,percap,Quintile 5 (most exposed),110.23,148.59,147.95,159.95
2024-01-01,percap_sa,Quintile 1 (least exposed),90.65,90.92,98.46,93.55
2024-01-01,percap_sa,Quintile 2,89.22,83.52,79.91,80.78
2024-01-01,percap_sa,Quintile 3,78.53,82.23,84.04,86.73
2024-01-01,percap_sa,Quintile 4,81.58,74.12,74.03,73.91
2024-01-01,percap_sa,Quintile 5 (most exposed),80.94,87.09,81.08,86.43
2024-01-01,raw,Quintile 1 (least exposed),112.18,114.25,122.88,134.62
2024-01-01,raw,Quintile 2,92.73,99.81,103.77,119.2
2024-01-01,raw,Quintile 3,80.94,111.63,125.52,145.62
2024-01-01,raw,Quintile 4,123.17,139.52,147.64,152.57
2024-01-01,raw,Quintile 5 (most exposed),110.17,152.25,148.35,163.15
2024-01-01,sa,Quintile 1 (least exposed),90.61,93.01,98.72,95.3
2024-01-01,sa,Quintile 2,89.17,85.44,80.12,82.29
2024-01-01,sa,Quintile 3,78.49,84.12,84.26,88.36
2024-01-01,sa,Quintile 4,81.55,75.83,74.23,75.3
2024-01-01,sa,Quintile 5 (most exposed),80.9,89.1,81.29,88.05
2024-02-01,percap,Quintile 1 (least exposed),81.08,77.1,84.9,73.01
2024-02-01,percap,Quintile 2,87.22,75.67,72.59,71.12
2024-02-01,percap,Quintile 3,59.08,61.29,66.27,60.81
2024-02-01,percap,Quintile 4,71.29,59.62,56.92,48.06
2024-02-01,percap,Quintile 5 (most exposed),64.41,70.15,67.08,62.76
2024-02-01,percap_sa,Quintile 1 (least exposed),88.76,82.54,90.39,84.45
2024-02-01,percap_sa,Quintile 2,96.32,85.49,80.75,84.1
2024-02-01,percap_sa,Quintile 3,76.54,74.96,78.96,76.75
2024-02-01,percap_sa,Quintile 4,78.02,67.69,68.92,68.78
2024-02-01,percap_sa,Quintile 5 (most exposed),78.05,82.53,84.69,92.39
2024-02-01,raw,Quintile 1 (least exposed),81.04,79.0,85.12,74.47
2024-02-01,raw,Quintile 2,87.18,77.53,72.78,72.55
2024-02-01,raw,Quintile 3,59.05,62.8,66.44,62.03
2024-02-01,raw,Quintile 4,71.26,61.09,57.07,49.02
2024-02-01,raw,Quintile 5 (most exposed),64.38,71.88,67.25,64.01
2024-02-01,sa,Quintile 1 (least exposed),88.72,84.57,90.63,86.15
2024-02-01,sa,Quintile 2,96.27,87.59,80.97,85.79
2024-02-01,sa,Quintile 3,76.5,76.8,79.17,78.29
2024-02-01,sa,Quintile 4,77.98,69.36,69.1,70.16
2024-02-01,sa,Quintile 5 (most exposed),78.01,84.57,84.92,94.24
2024-03-01,percap,Quintile 1 (least exposed),80.27,80.63,85.55,78.5
2024-03-01,percap,Quintile 2,80.25,74.4,77.32,69.35
2024-03-01,percap,Quintile 3,58.9,64.83,64.56,65.23
2024-03-01,percap,Quintile 4,66.69,61.8,52.53,51.66
2024-03-01,percap,Quintile 5 (most exposed),66.7,72.52,75.16,64.94
2024-03-01,percap_sa,Quintile 1 (least exposed),89.34,91.1,97.98,90.02
2024-03-01,percap_sa,Quintile 2,83.2,71.71,71.54,66.34
2024-03-01,percap_sa,Quintile 3,79.72,75.91,75.79,75.96
2024-03-01,percap_sa,Quintile 4,71.16,63.55,59.63,61.53
2024-03-01,percap_sa,Quintile 5 (most exposed),79.95,80.52,85.42,91.77
2024-03-01,raw,Quintile 1 (least exposed),80.22,82.62,85.78,80.08
2024-03-01,raw,Quintile 2,80.21,76.23,77.52,70.74
2024-03-01,raw,Quintile 3,58.87,66.43,64.73,66.53
2024-03-01,raw,Quintile 4,66.66,63.33,52.67,52.69
2024-03-01,raw,Quintile 5 (most exposed),66.67,74.31,75.36,66.25
2024-03-01,sa,Quintile 1 (least exposed),89.29,93.49,98.24,91.95
2024-03-01,sa,Quintile 2,83.15,73.6,71.73,67.75
2024-03-01,sa,Quintile 3,79.68,77.9,75.99,77.58
2024-03-01,sa,Quintile 4,71.12,65.22,59.79,62.84
2024-03-01,sa,Quintile 5 (most exposed),79.91,82.63,85.65,93.73
2024-04-01,percap,Quintile 1 (least exposed),89.88,80.11,85.39,80.09
2024-04-01,percap,Quintile 2,82.75,72.1,72.18,71.98
2024-04-01,percap,Quintile 3,58.54,66.16,64.58,67.28
2024-04-01,percap,Quintile 4,80.03,71.29,61.52,55.12
2024-04-01,percap,Quintile 5 (most exposed),66.62,70.67,66.41,62.78
2024-04-01,percap_sa,Quintile 1 (least exposed),96.12,90.94,99.37,95.04
2024-04-01,percap_sa,Quintile 2,94.72,85.59,85.28,89.09
2024-04-01,percap_sa,Quintile 3,78.08,77.78,74.4,75.97
2024-04-01,percap_sa,Quintile 4,87.91,76.92,72.0,74.51
2024-04-01,percap_sa,Quintile 5 (most exposed),78.13,75.44,75.89,76.85
2024-04-01,raw,Quintile 1 (least exposed),89.77,82.34,85.67,81.89
2024-04-01,raw,Quintile 2,82.65,74.1,72.42,73.6
2024-04-01,raw,Quintile 3,58.47,68.0,64.79,68.79
2024-04-01,raw,Quintile 4,79.93,73.27,61.72,56.36
2024-04-01,raw,Quintile 5 (most exposed),66.54,72.64,66.63,64.19
2024-04-01,sa,Quintile 1 (least exposed),96.01,93.33,99.67,97.07
2024-04-01,sa,Quintile 2,94.61,87.83,85.53,90.99
2024-04-01,sa,Quintile 3,77.99,79.82,74.62,77.59
2024-04-01,sa,Quintile 4,87.81,78.94,72.22,76.1
2024-04-01,sa,Quintile 5 (most exposed),78.03,77.42,76.12,78.49
2024-05-01,percap,Quintile 1 (least exposed),94.94,92.28,103.96,101.83
2024-05-01,percap,Quintile 2,101.9,93.04,90.64,96.91
2024-05-01,percap,Quintile 3,69.77,75.27,73.68,73.45
2024-05-01,percap,Quintile 4,73.53,68.21,66.16,61.33
2024-05-01,percap,Quintile 5 (most exposed),62.36,77.44,72.81,73.97
2024-05-01,percap_sa,Quintile 1 (least exposed),85.95,85.77,94.11,97.6
2024-05-01,percap_sa,Quintile 2,95.09,87.22,84.92,88.5
2024-05-01,percap_sa,Quintile 3,78.8,80.17,80.92,85.55
2024-05-01,percap_sa,Quintile 4,66.34,61.03,63.56,66.49
2024-05-01,percap_sa,Quintile 5 (most exposed),69.86,79.73,76.42,89.34
2024-05-01,raw,Quintile 1 (least exposed),94.82,94.84,104.3,104.11
2024-05-01,raw,Quintile 2,101.77,95.63,90.94,99.08
2024-05-01,raw,Quintile 3,69.69,77.36,73.92,75.09
2024-05-01,raw,Quintile 4,73.44,70.1,66.37,62.71
2024-05-01,raw,Quintile 5 (most exposed),62.29,79.59,73.04,75.63
2024-05-01,sa,Quintile 1 (least exposed),85.84,88.15,94.41,99.8
2024-05-01,sa,Quintile 2,94.97,89.64,85.19,90.5
2024-05-01,sa,Quintile 3,78.7,82.4,81.17,87.48
2024-05-01,sa,Quintile 4,66.25,62.73,63.76,67.99
2024-05-01,sa,Quintile 5 (most exposed),69.77,81.95,76.66,91.36
2024-06-01,percap,Quintile 1 (least exposed),121.91,93.43,101.67,92.85
2024-06-01,percap,Quintile 2,109.91,85.87,84.14,83.02
2024-06-01,percap,Quintile 3,93.02,72.32,70.07,74.12
2024-06-01,percap,Quintile 4,96.63,55.23,46.44,45.38
2024-06-01,percap,Quintile 5 (most exposed),80.97,56.45,54.36,43.9
2024-06-01,percap_sa,Quintile 1 (least exposed),90.82,86.92,97.63,92.85
2024-06-01,percap_sa,Quintile 2,94.38,92.09,90.52,91.92
2024-06-01,percap_sa,Quintile 3,80.55,80.62,80.07,84.97
2024-06-01,percap_sa,Quintile 4,73.49,68.85,65.03,71.09
2024-06-01,percap_sa,Quintile 5 (most exposed),74.88,78.17,80.67,82.39
2024-06-01,raw,Quintile 1 (least exposed),121.76,96.02,102.0,94.94
2024-06-01,raw,Quintile 2,109.77,88.25,84.41,84.88
2024-06-01,raw,Quintile 3,92.91,74.32,70.3,75.78
2024-06-01,raw,Quintile 4,96.51,56.77,46.59,46.4
2024-06-01,raw,Quintile 5 (most exposed),80.87,58.02,54.54,44.89
2024-06-01,sa,Quintile 1 (least exposed),90.7,89.48,97.94,95.06
2024-06-01,sa,Quintile 2,94.26,94.8,90.81,94.12
2024-06-01,sa,Quintile 3,80.45,83.0,80.33,86.99
2024-06-01,sa,Quintile 4,73.39,70.88,65.24,72.79
2024-06-01,sa,Quintile 5 (most exposed),74.78,80.47,80.93,84.36
2024-07-01,percap,Quintile 1 (least exposed),141.91,84.44,91.54,81.23
2024-07-01,percap,Quintile 2,128.23,69.0,67.6,67.63
2024-07-01,percap,Quintile 3,102.94,68.27,72.99,75.52
2024-07-01,percap,Quintile 4,113.3,49.5,41.64,39.21
2024-07-01,percap,Quintile 5 (most exposed),112.53,45.92,45.42,43.13
2024-07-01,percap_sa,Quintile 1 (least exposed),99.44,95.42,102.91,97.99
2024-07-01,percap_sa,Quintile 2,96.33,84.99,85.74,89.65
2024-07-01,percap_sa,Quintile 3,84.9,85.6,93.77,91.7
2024-07-01,percap_sa,Quintile 4,90.22,80.68,77.75,73.28
2024-07-01,percap_sa,Quintile 5 (most exposed),103.76,87.77,94.21,92.77
2024-07-01,raw,Quintile 1 (least exposed),141.63,87.05,91.9,83.25
2024-07-01,raw,Quintile 2,127.98,71.13,67.86,69.31
2024-07-01,raw,Quintile 3,102.73,70.39,73.27,77.4
2024-07-01,raw,Quintile 4,113.07,51.03,41.8,40.18
2024-07-01,raw,Quintile 5 (most exposed),112.31,47.34,45.6,44.2
2024-07-01,sa,Quintile 1 (least exposed),99.24,98.22,103.3,100.31
2024-07-01,sa,Quintile 2,96.14,87.48,86.07,91.77
2024-07-01,sa,Quintile 3,84.73,88.11,94.13,93.87
2024-07-01,sa,Quintile 4,90.04,83.04,78.05,75.01
2024-07-01,sa,Quintile 5 (most exposed),103.55,90.34,94.57,94.97
2024-08-01,percap,Quintile 1 (least exposed),97.1,72.81,78.7,70.21
2024-08-01,percap,Quintile 2,112.56,91.44,84.45,80.03
2024-08-01,percap,Quintile 3,79.4,75.62,72.9,66.84
2024-08-01,percap,Quintile 4,126.1,69.53,61.03,48.95
2024-08-01,percap,Quintile 5 (most exposed),103.94,76.9,66.79,50.56
2024-08-01,percap_sa,Quintile 1 (least exposed),92.31,87.19,94.02,89.83
2024-08-01,percap_sa,Quintile 2,92.0,85.83,88.29,90.47
2024-08-01,percap_sa,Quintile 3,80.97,78.49,81.05,81.63
2024-08-01,percap_sa,Quintile 4,69.08,62.61,66.36,68.99
2024-08-01,percap_sa,Quintile 5 (most exposed),70.48,75.76,78.7,84.76
2024-08-01,raw,Quintile 1 (least exposed),96.9,75.06,79.01,71.95
2024-08-01,raw,Quintile 2,112.34,94.27,84.78,82.02
2024-08-01,raw,Quintile 3,79.24,77.96,73.19,68.5
2024-08-01,raw,Quintile 4,125.85,71.69,61.27,50.17
2024-08-01,raw,Quintile 5 (most exposed),103.73,79.27,67.05,51.82
2024-08-01,sa,Quintile 1 (least exposed),92.13,89.89,94.38,92.08
2024-08-01,sa,Quintile 2,91.82,88.49,88.62,92.73
2024-08-01,sa,Quintile 3,80.81,80.92,81.35,83.68
2024-08-01,sa,Quintile 4,68.95,64.55,66.61,70.72
2024-08-01,sa,Quintile 5 (most exposed),70.34,78.1,79.0,86.88
2024-09-01,percap,Quintile 1 (least exposed),117.66,101.46,105.56,103.68
2024-09-01,percap,Quintile 2,117.19,98.07,97.72,91.89
2024-09-01,percap,Quintile 3,100.2,85.5,82.12,77.68
2024-09-01,percap,Quintile 4,141.17,89.87,74.82,64.64
2024-09-01,percap,Quintile 5 (most exposed),131.22,93.69,84.18,70.07
2024-09-01,percap_sa,Quintile 1 (least exposed),91.23,86.73,93.6,94.94
2024-09-01,percap_sa,Quintile 2,91.3,86.11,86.38,88.79
2024-09-01,percap_sa,Quintile 3,79.34,74.27,74.77,75.5
2024-09-01,percap_sa,Quintile 4,82.05,71.36,66.76,67.06
2024-09-01,percap_sa,Quintile 5 (most exposed),81.69,77.65,76.44,80.27
2024-09-01,raw,Quintile 1 (least exposed),117.43,104.6,105.97,106.26
2024-09-01,raw,Quintile 2,116.95,101.11,98.1,94.18
2024-09-01,raw,Quintile 3,100.0,88.15,82.44,79.61
2024-09-01,raw,Quintile 4,140.88,92.65,75.11,66.24
2024-09-01,raw,Quintile 5 (most exposed),130.96,96.59,84.5,71.82
2024-09-01,sa,Quintile 1 (least exposed),91.05,89.56,93.94,97.45
2024-09-01,sa,Quintile 2,91.12,88.92,86.7,91.14
2024-09-01,sa,Quintile 3,79.18,76.7,75.04,77.49
2024-09-01,sa,Quintile 4,81.88,73.69,67.0,68.83
2024-09-01,sa,Quintile 5 (most exposed),81.52,80.19,76.72,82.39
2024-10-01,percap,Quintile 1 (least exposed),101.15,89.95,104.8,107.06
2024-10-01,percap,Quintile 2,90.08,79.03,84.24,86.82
2024-10-01,percap,Quintile 3,80.66,74.5,73.15,74.06
2024-10-01,percap,Quintile 4,90.03,76.64,69.67,67.4
2024-10-01,percap,Quintile 5 (most exposed),78.37,83.48,87.53,90.25
2024-10-01,percap_sa,Quintile 1 (least exposed),88.94,81.62,95.01,101.06
2024-10-01,percap_sa,Quintile 2,84.85,82.67,85.67,92.54
2024-10-01,percap_sa,Quintile 3,85.54,75.82,72.23,74.73
2024-10-01,percap_sa,Quintile 4,82.39,74.22,72.37,78.15
2024-10-01,percap_sa,Quintile 5 (most exposed),76.93,83.58,95.89,116.11
2024-10-01,raw,Quintile 1 (least exposed),100.87,93.02,105.27,109.98
2024-10-01,raw,Quintile 2,89.83,81.73,84.62,89.19
2024-10-01,raw,Quintile 3,80.43,77.05,73.48,76.09
2024-10-01,raw,Quintile 4,89.78,79.26,69.99,69.24
2024-10-01,raw,Quintile 5 (most exposed),78.15,86.33,87.92,92.72
2024-10-01,sa,Quintile 1 (least exposed),88.7,84.28,95.44,103.69
2024-10-01,sa,Quintile 2,84.62,85.35,86.06,94.94
2024-10-01,sa,Quintile 3,85.31,78.29,72.56,76.67
2024-10-01,sa,Quintile 4,82.17,76.63,72.7,80.18
2024-10-01,sa,Quintile 5 (most exposed),76.73,86.3,96.32,119.13
2024-11-01,percap,Quintile 1 (least exposed),88.57,87.6,96.23,91.9
2024-11-01,percap,Quintile 2,93.5,80.81,84.33,91.33
2024-11-01,percap,Quintile 3,72.82,80.58,88.19,87.87
2024-11-01,percap,Quintile 4,69.67,61.77,64.73,65.6
2024-11-01,percap,Quintile 5 (most exposed),69.74,72.95,73.05,82.83
2024-11-01,percap_sa,Quintile 1 (least exposed),88.57,87.6,96.23,91.9
2024-11-01,percap_sa,Quintile 2,93.5,80.81,84.33,91.33
2024-11-01,percap_sa,Quintile 3,72.82,80.58,88.19,87.87
2024-11-01,percap_sa,Quintile 4,69.67,61.77,64.73,65.6
2024-11-01,percap_sa,Quintile 5 (most exposed),69.74,72.95,73.05,82.83
2024-11-01,raw,Quintile 1 (least exposed),88.32,90.59,96.67,94.41
2024-11-01,raw,Quintile 2,93.24,83.57,84.71,93.82
2024-11-01,raw,Quintile 3,72.62,83.33,88.59,90.27
2024-11-01,raw,Quintile 4,69.48,63.88,65.02,67.4
2024-11-01,raw,Quintile 5 (most exposed),69.55,75.44,73.38,85.09
2024-11-01,sa,Quintile 1 (least exposed),88.32,90.59,96.67,94.41
2024-11-01,sa,Quintile 2,93.24,83.57,84.71,93.82
2024-11-01,sa,Quintile 3,72.62,83.33,88.59,90.27
2024-11-01,sa,Quintile 4,69.48,63.88,65.02,67.4
2024-11-01,sa,Quintile 5 (most exposed),69.55,75.44,73.38,85.09
2024-12-01,percap,Quintile 1 (least exposed),80.54,82.95,96.92,100.92
2024-12-01,percap,Quintile 2,93.87,77.76,82.34,87.23
2024-12-01,percap,Quintile 3,66.05,65.88,73.08,73.08
2024-12-01,percap,Quintile 4,62.8,57.79,60.11,60.99
2024-12-01,percap,Quintile 5 (most exposed),58.88,62.85,65.97,77.77
2024-12-01,percap_sa,Quintile 1 (least exposed),95.12,99.53,115.7,115.93
2024-12-01,percap_sa,Quintile 2,96.59,83.71,87.82,87.59
2024-12-01,percap_sa,Quintile 3,80.66,80.79,87.18,89.13
2024-12-01,percap_sa,Quintile 4,78.23,71.16,78.98,78.63
2024-12-01,percap_sa,Quintile 5 (most exposed),80.7,87.27,85.99,112.43
2024-12-01,raw,Quintile 1 (least exposed),80.32,85.78,97.35,103.67
2024-12-01,raw,Quintile 2,93.61,80.41,82.71,89.62
2024-12-01,raw,Quintile 3,65.87,68.13,73.41,75.07
2024-12-01,raw,Quintile 4,62.62,59.77,60.38,62.66
2024-12-01,raw,Quintile 5 (most exposed),58.72,65.0,66.26,79.9
2024-12-01,sa,Quintile 1 (least exposed),94.86,103.09,116.22,119.25
2024-12-01,sa,Quintile 2,96.33,86.7,88.22,90.1
2024-12-01,sa,Quintile 3,80.43,83.68,87.57,91.69
2024-12-01,sa,Quintile 4,78.01,73.71,79.34,80.88
2024-12-01,sa,Quintile 5 (most exposed),80.48,90.39,86.38,115.66
2025-01-01,percap,Quintile 1 (least exposed),115.76,103.09,123.39,132.7
2025-01-01,percap,Quintile 2,107.46,108.7,124.69,137.95
2025-01-01,percap,Quintile 3,87.56,119.75,138.74,167.03
2025-01-01,percap,Quintile 4,124.02,124.67,134.57,156.48
2025-01-01,percap,Quintile 5 (most exposed),104.41,141.19,166.14,183.55
2025-01-01,percap_sa,Quintile 1 (least exposed),93.5,84.06,99.13,94.06
2025-01-01,percap_sa,Quintile 2,103.33,93.2,96.27,95.36
2025-01-01,percap_sa,Quintile 3,84.91,90.38,93.14,101.48
2025-01-01,percap_sa,Quintile 4,82.1,67.86,67.66,77.33
2025-01-01,percap_sa,Quintile 5 (most exposed),76.67,82.76,91.04,99.19
2025-01-01,raw,Quintile 1 (least exposed),115.37,106.86,124.0,136.57
2025-01-01,raw,Quintile 2,107.1,112.68,125.3,141.97
2025-01-01,raw,Quintile 3,87.27,124.13,139.43,171.91
2025-01-01,raw,Quintile 4,123.59,129.23,135.23,161.05
2025-01-01,raw,Quintile 5 (most exposed),104.05,146.36,166.96,188.9
2025-01-01,sa,Quintile 1 (least exposed),93.18,86.99,99.61,96.69
2025-01-01,sa,Quintile 2,102.98,96.46,96.74,98.02
2025-01-01,sa,Quintile 3,84.62,93.54,93.6,104.31
2025-01-01,sa,Quintile 4,81.83,70.23,67.99,79.48
2025-01-01,sa,Quintile 5 (most exposed),76.41,85.65,91.49,101.95
2025-02-01,percap,Quintile 1 (least exposed),85.19,81.88,100.46,102.21
2025-02-01,percap,Quintile 2,79.36,66.21,74.01,75.82
2025-02-01,percap,Quintile 3,64.97,73.93,79.65,89.66
2025-02-01,percap,Quintile 4,72.7,65.23,64.08,64.36
2025-02-01,percap,Quintile 5 (most exposed),65.65,81.64,82.73,86.43
2025-02-01,percap_sa,Quintile 1 (least exposed),93.26,87.65,106.96,118.23
2025-02-01,percap_sa,Quintile 2,87.64,74.8,82.34,89.66
2025-02-01,percap_sa,Quintile 3,84.17,90.42,94.91,113.17
2025-02-01,percap_sa,Quintile 4,79.57,74.05,77.58,92.11
2025-02-01,percap_sa,Quintile 5 (most exposed),79.56,96.05,104.46,127.24
2025-02-01,raw,Quintile 1 (least exposed),84.9,84.88,100.95,105.2
2025-02-01,raw,Quintile 2,79.09,68.63,74.37,78.03
2025-02-01,raw,Quintile 3,64.75,76.64,80.04,92.27
2025-02-01,raw,Quintile 4,72.46,67.61,64.39,66.23
2025-02-01,raw,Quintile 5 (most exposed),65.43,84.63,83.14,88.95
2025-02-01,sa,Quintile 1 (least exposed),92.94,90.86,107.48,121.68
2025-02-01,sa,Quintile 2,87.34,77.54,82.74,92.27
2025-02-01,sa,Quintile 3,83.88,93.73,95.38,116.48
2025-02-01,sa,Quintile 4,79.29,76.76,77.96,94.79
2025-02-01,sa,Quintile 5 (most exposed),79.29,99.57,104.97,130.95
2025-03-01,percap,Quintile 1 (least exposed),84.92,78.39,85.44,73.84
2025-03-01,percap,Quintile 2,72.42,65.32,68.18,71.66
2025-03-01,percap,Quintile 3,57.06,60.4,64.51,63.68
2025-03-01,percap,Quintile 4,67.81,61.15,56.6,52.35
2025-03-01,percap,Quintile 5 (most exposed),63.22,69.48,65.13,60.64
2025-03-01,percap_sa,Quintile 1 (least exposed),94.52,88.57,97.85,84.68
2025-03-01,percap_sa,Quintile 2,75.08,62.96,63.09,68.55
2025-03-01,percap_sa,Quintile 3,77.22,70.72,75.73,74.16
2025-03-01,percap_sa,Quintile 4,72.35,62.88,64.26,62.35
2025-03-01,percap_sa,Quintile 5 (most exposed),75.78,77.14,74.02,85.69
2025-03-01,raw,Quintile 1 (least exposed),84.63,81.26,85.86,76.0
2025-03-01,raw,Quintile 2,72.18,67.71,68.52,73.75
2025-03-01,raw,Quintile 3,56.86,62.61,64.83,65.53
2025-03-01,raw,Quintile 4,67.58,63.39,56.88,53.88
2025-03-01,raw,Quintile 5 (most exposed),63.0,72.03,65.45,62.41
2025-03-01,sa,Quintile 1 (least exposed),94.19,91.95,98.33,87.27
2025-03-01,sa,Quintile 2,74.83,65.37,63.4,70.64
2025-03-01,sa,Quintile 3,76.96,73.43,76.1,76.42
2025-03-01,sa,Quintile 4,72.1,65.28,64.58,64.25
2025-03-01,sa,Quintile 5 (most exposed),75.52,80.09,74.38,88.3
2025-04-01,percap,Quintile 1 (least exposed),102.33,92.37,97.94,92.13
2025-04-01,percap,Quintile 2,93.55,83.33,78.08,77.78
2025-04-01,percap,Quintile 3,66.67,68.14,70.11,71.54
2025-04-01,percap,Quintile 4,74.92,63.58,59.48,56.7
2025-04-01,percap,Quintile 5 (most exposed),67.81,69.43,68.89,65.05
2025-04-01,percap_sa,Quintile 1 (least exposed),109.44,104.86,113.98,109.32
2025-04-01,percap_sa,Quintile 2,107.08,98.93,92.24,96.26
2025-04-01,percap_sa,Quintile 3,88.93,80.1,80.77,80.78
2025-04-01,percap_sa,Quintile 4,82.3,68.6,69.62,76.64
2025-04-01,percap_sa,Quintile 5 (most exposed),79.52,74.11,78.72,79.61
2025-04-01,raw,Quintile 1 (least exposed),101.92,95.91,98.44,94.93
2025-04-01,raw,Quintile 2,93.18,86.52,78.47,80.14
2025-04-01,raw,Quintile 3,66.41,70.75,70.47,73.72
2025-04-01,raw,Quintile 4,74.62,66.01,59.78,58.42
2025-04-01,raw,Quintile 5 (most exposed),67.54,72.09,69.24,67.02
2025-04-01,sa,Quintile 1 (least exposed),109.01,108.71,114.54,112.53
2025-04-01,sa,Quintile 2,106.66,102.56,92.68,99.08
2025-04-01,sa,Quintile 3,88.58,83.04,81.16,83.14
2025-04-01,sa,Quintile 4,81.97,71.11,69.95,78.89
2025-04-01,sa,Quintile 5 (most exposed),79.21,76.83,79.1,81.95
2025-05-01,percap,Quintile 1 (least exposed),99.19,88.53,95.95,98.81
2025-05-01,percap,Quintile 2,91.39,87.43,97.76,98.28
2025-05-01,percap,Quintile 3,63.5,66.26,67.1,66.85
2025-05-01,percap,Quintile 4,87.71,74.49,73.59,66.91
2025-05-01,percap,Quintile 5 (most exposed),67.31,78.08,73.7,70.68
2025-05-01,percap_sa,Quintile 1 (least exposed),89.79,82.29,86.86,94.71
2025-05-01,percap_sa,Quintile 2,85.29,81.95,91.59,89.75
2025-05-01,percap_sa,Quintile 3,71.72,70.57,73.69,77.87
2025-05-01,percap_sa,Quintile 4,79.13,66.65,70.7,72.53
2025-05-01,percap_sa,Quintile 5 (most exposed),75.39,80.39,77.36,85.37
2025-05-01,raw,Quintile 1 (least exposed),98.8,91.92,96.44,101.82
2025-05-01,raw,Quintile 2,91.03,90.77,98.26,101.27
2025-05-01,raw,Quintile 3,63.25,68.8,67.44,68.88
2025-05-01,raw,Quintile 4,87.36,77.34,73.96,68.94
2025-05-01,raw,Quintile 5 (most exposed),67.04,81.06,74.08,72.84
2025-05-01,sa,Quintile 1 (least exposed),89.44,85.44,87.29,97.6
2025-05-01,sa,Quintile 2,84.95,85.09,92.04,92.49
2025-05-01,sa,Quintile 3,71.43,73.28,74.05,80.25
2025-05-01,sa,Quintile 4,78.82,69.21,71.05,74.75
2025-05-01,sa,Quintile 5 (most exposed),75.09,83.47,77.74,87.98
2025-06-01,percap,Quintile 1 (least exposed),122.16,94.3,106.88,97.17
2025-06-01,percap,Quintile 2,112.02,79.23,82.07,80.77
2025-06-01,percap,Quintile 3,87.61,65.33,68.71,70.03
2025-06-01,percap,Quintile 4,105.78,58.97,51.4,42.65
2025-06-01,percap,Quintile 5 (most exposed),81.35,56.75,52.85,49.97
2025-06-01,percap_sa,Quintile 1 (least exposed),91.0,87.73,102.63,97.17
2025-06-01,percap_sa,Quintile 2,96.19,84.97,88.3,89.43
2025-06-01,percap_sa,Quintile 3,75.86,72.83,78.51,80.28
2025-06-01,percap_sa,Quintile 4,80.44,73.5,71.98,66.82
2025-06-01,percap_sa,Quintile 5 (most exposed),75.23,78.58,78.43,93.78
2025-06-01,raw,Quintile 1 (least exposed),121.67,97.91,107.42,100.13
2025-06-01,raw,Quintile 2,111.58,82.26,82.49,83.23
2025-06-01,raw,Quintile 3,87.26,67.83,69.06,72.16
2025-06-01,raw,Quintile 4,105.36,61.22,51.66,43.95
2025-06-01,raw,Quintile 5 (most exposed),81.03,58.92,53.12,51.49
2025-06-01,sa,Quintile 1 (least exposed),90.63,91.24,103.15,100.26
2025-06-01,sa,Quintile 2,95.81,88.36,88.74,92.28
2025-06-01,sa,Quintile 3,75.56,75.74,78.91,82.84
2025-06-01,sa,Quintile 4,80.12,76.44,72.34,68.95
2025-06-01,sa,Quintile 5 (most exposed),74.93,81.72,78.83,96.77
2025-07-01,percap,Quintile 1 (least exposed),128.26,78.81,80.89,77.73
2025-07-01,percap,Quintile 2,112.64,65.23,61.05,59.61
2025-07-01,percap,Quintile 3,90.11,60.25,59.48,63.85
2025-07-01,percap,Quintile 4,84.34,38.22,37.45,35.02
2025-07-01,percap,Quintile 5 (most exposed),73.67,34.15,32.46,34.11
2025-07-01,percap_sa,Quintile 1 (least exposed),89.87,89.07,90.94,93.77
2025-07-01,percap_sa,Quintile 2,84.62,80.35,77.44,79.01
2025-07-01,percap_sa,Quintile 3,74.32,75.54,76.42,77.54
2025-07-01,percap_sa,Quintile 4,67.16,62.3,69.93,65.45
2025-07-01,percap_sa,Quintile 5 (most exposed),67.92,65.28,67.32,73.37
2025-07-01,raw,Quintile 1 (least exposed),127.67,81.96,81.32,80.2
2025-07-01,raw,Quintile 2,112.12,67.84,61.37,61.5
2025-07-01,raw,Quintile 3,89.7,62.66,59.8,65.88
2025-07-01,raw,Quintile 4,83.96,39.75,37.65,36.13
2025-07-01,raw,Quintile 5 (most exposed),73.33,35.52,32.63,35.19
2025-07-01,sa,Quintile 1 (least exposed),89.46,92.48,91.41,96.63
2025-07-01,sa,Quintile 2,84.23,83.43,77.84,81.42
2025-07-01,sa,Quintile 3,73.98,78.43,76.82,79.9
2025-07-01,sa,Quintile 4,66.86,64.69,70.29,67.44
2025-07-01,sa,Quintile 5 (most exposed),67.62,67.79,67.67,75.61
2025-08-01,percap,Quintile 1 (least exposed),92.61,67.11,75.76,66.18
2025-08-01,percap,Quintile 2,113.75,91.74,80.82,82.19
2025-08-01,percap,Quintile 3,74.19,68.82,67.58,63.08
2025-08-01,percap,Quintile 4,121.39,70.95,57.5,49.11
2025-08-01,percap,Quintile 5 (most exposed),94.46,72.88,64.17,46.67
2025-08-01,percap_sa,Quintile 1 (least exposed),88.04,80.36,90.51,84.67
2025-08-01,percap_sa,Quintile 2,92.97,86.12,84.5,92.91
2025-08-01,percap_sa,Quintile 3,75.66,71.43,75.13,77.04
2025-08-01,percap_sa,Quintile 4,66.5,63.89,62.52,69.22
2025-08-01,percap_sa,Quintile 5 (most exposed),64.04,71.8,75.61,78.25
2025-08-01,raw,Quintile 1 (least exposed),92.18,69.79,76.16,68.28
2025-08-01,raw,Quintile 2,113.23,95.41,81.25,84.8
2025-08-01,raw,Quintile 3,73.85,71.58,67.94,65.08
2025-08-01,raw,Quintile 4,120.84,73.78,57.8,50.66
2025-08-01,raw,Quintile 5 (most exposed),94.03,75.79,64.51,48.15
2025-08-01,sa,Quintile 1 (least exposed),87.64,83.57,90.97,87.37
2025-08-01,sa,Quintile 2,92.55,89.56,84.93,95.87
2025-08-01,sa,Quintile 3,75.31,74.29,75.51,79.49
2025-08-01,sa,Quintile 4,66.2,66.44,62.84,71.42
2025-08-01,sa,Quintile 5 (most exposed),63.75,74.67,76.0,80.74
2025-09-01,percap,Quintile 1 (least exposed),111.8,90.27,107.84,96.39
2025-09-01,percap,Quintile 2,129.36,100.03,99.27,102.2
2025-09-01,percap,Quintile 3,99.1,83.61,83.84,77.56
2025-09-01,percap,Quintile 4,144.83,88.39,74.51,64.77
2025-09-01,percap,Quintile 5 (most exposed),131.67,88.72,84.13,71.18
2025-09-01,percap_sa,Quintile 1 (least exposed),86.69,77.16,95.62,88.27
2025-09-01,percap_sa,Quintile 2,100.78,87.83,87.76,98.75
2025-09-01,percap_sa,Quintile 3,78.47,72.63,76.34,75.38
2025-09-01,percap_sa,Quintile 4,84.18,70.19,66.48,67.2
2025-09-01,percap_sa,Quintile 5 (most exposed),81.97,73.54,76.4,81.54
2025-09-01,raw,Quintile 1 (least exposed),111.29,93.88,108.41,99.45
2025-09-01,raw,Quintile 2,128.77,104.03,99.8,105.44
2025-09-01,raw,Quintile 3,98.65,86.96,84.29,80.02
2025-09-01,raw,Quintile 4,144.17,91.93,74.91,66.82
2025-09-01,raw,Quintile 5 (most exposed),131.07,92.27,84.58,73.44
2025-09-01,sa,Quintile 1 (least exposed),86.29,80.38,96.11,91.2
2025-09-01,sa,Quintile 2,100.32,91.49,88.21,102.03
2025-09-01,sa,Quintile 3,78.11,75.66,76.72,77.89
2025-09-01,sa,Quintile 4,83.79,73.12,66.82,69.43
2025-09-01,sa,Quintile 5 (most exposed),81.59,76.6,76.79,84.25
2025-10-01,percap,Quintile 1 (least exposed),89.56,77.4,88.41,81.05
2025-10-01,percap,Quintile 2,96.48,79.32,89.73,89.09
2025-10-01,percap,Quintile 3,74.17,70.84,66.87,63.39
2025-10-01,percap,Quintile 4,76.64,72.52,63.82,58.0
2025-10-01,percap,Quintile 5 (most exposed),72.36,80.96,80.45,71.38
2025-10-01,percap_sa,Quintile 1 (least exposed),78.75,70.24,80.15,76.51
2025-10-01,percap_sa,Quintile 2,90.88,82.97,91.26,94.95
2025-10-01,percap_sa,Quintile 3,78.67,72.1,66.03,63.96
2025-10-01,percap_sa,Quintile 4,70.13,70.24,66.3,67.26
2025-10-01,percap_sa,Quintile 5 (most exposed),71.04,81.06,88.13,91.84
2025-10-01,raw,Quintile 1 (least exposed),89.1,80.63,88.9,83.72
2025-10-01,raw,Quintile 2,95.98,82.63,90.23,92.03
2025-10-01,raw,Quintile 3,73.79,73.8,67.24,65.48
2025-10-01,raw,Quintile 4,76.24,75.55,64.17,59.92
2025-10-01,raw,Quintile 5 (most exposed),71.99,84.34,80.89,73.74
2025-10-01,sa,Quintile 1 (least exposed),78.35,73.05,80.6,78.93
2025-10-01,sa,Quintile 2,90.41,86.29,91.76,97.96
2025-10-01,sa,Quintile 3,78.27,74.98,66.4,65.98
2025-10-01,sa,Quintile 4,69.77,73.05,66.66,69.38
2025-10-01,sa,Quintile 5 (most exposed),70.68,84.31,88.62,94.74
2025-11-01,percap,Quintile 1 (least exposed),78.93,86.2,94.42,86.91
2025-11-01,percap,Quintile 2,100.46,92.92,97.13,98.06
2025-11-01,percap,Quintile 3,84.29,80.13,87.74,86.32
2025-11-01,percap,Quintile 4,65.7,56.35,54.43,54.58
2025-11-01,percap,Quintile 5 (most exposed),60.68,60.46,67.22,67.1
2025-11-01,percap_sa,Quintile 1 (least exposed),78.93,86.2,94.42,86.91
2025-11-01,percap_sa,Quintile 2,100.46,92.92,97.13,98.06
2025-11-01,percap_sa,Quintile 3,84.29,80.13,87.74,86.32
2025-11-01,percap_sa,Quintile 4,65.7,56.35,54.43,54.58
2025-11-01,percap_sa,Quintile 5 (most exposed),60.68,60.46,67.22,67.1
2025-11-01,raw,Quintile 1 (least exposed),78.52,89.8,94.94,89.78
2025-11-01,raw,Quintile 2,99.94,96.8,97.67,101.29
2025-11-01,raw,Quintile 3,83.86,83.48,88.23,89.16
2025-11-01,raw,Quintile 4,65.37,58.71,54.73,56.38
2025-11-01,raw,Quintile 5 (most exposed),60.37,62.98,67.59,69.31
2025-11-01,sa,Quintile 1 (least exposed),78.52,89.8,94.94,89.78
2025-11-01,sa,Quintile 2,99.94,96.8,97.67,101.29
2025-11-01,sa,Quintile 3,83.86,83.48,88.23,89.16
2025-11-01,sa,Quintile 4,65.37,58.71,54.73,56.38
2025-11-01,sa,Quintile 5 (most exposed),60.37,62.98,67.59,69.31
2025-12-01,percap,Quintile 1 (least exposed),80.42,71.97,82.38,87.31
2025-12-01,percap,Quintile 2,107.03,90.93,90.77,96.92
2025-12-01,percap,Quintile 3,64.29,62.35,66.64,67.86
2025-12-01,percap,Quintile 4,66.75,59.79,59.48,63.42
2025-12-01,percap,Quintile 5 (most exposed),71.97,77.34,71.61,82.35
2025-12-01,percap_sa,Quintile 1 (least exposed),94.99,86.36,98.34,100.3
2025-12-01,percap_sa,Quintile 2,110.13,97.89,96.81,97.31
2025-12-01,percap_sa,Quintile 3,78.51,76.45,79.49,82.77
2025-12-01,percap_sa,Quintile 4,83.15,73.62,78.16,81.75
2025-12-01,percap_sa,Quintile 5 (most exposed),98.65,107.38,93.34,119.06
2025-12-01,raw,Quintile 1 (least exposed),80.01,74.98,82.83,90.19
2025-12-01,raw,Quintile 2,106.48,94.72,91.27,100.11
2025-12-01,raw,Quintile 3,63.96,64.95,67.0,70.1
2025-12-01,raw,Quintile 4,66.41,62.29,59.81,65.51
2025-12-01,raw,Quintile 5 (most exposed),71.6,80.57,72.0,85.07
2025-12-01,sa,Quintile 1 (least exposed),94.5,90.11,98.88,103.74
2025-12-01,sa,Quintile 2,109.56,102.13,97.34,100.65
2025-12-01,sa,Quintile 3,78.11,79.77,79.92,85.62
2025-12-01,sa,Quintile 4,82.72,76.82,78.59,84.56
2025-12-01,sa,Quintile 5 (most exposed),98.14,112.04,93.85,123.15
2026-01-01,percap,Quintile 1 (least exposed),93.0,78.1,97.31,105.54
2026-01-01,percap,Quintile 2,75.92,73.16,78.11,90.13
2026-01-01,percap,Quintile 3,88.77,98.14,104.96,114.35
2026-01-01,percap,Quintile 4,103.72,108.38,113.95,119.8
2026-01-01,percap,Quintile 5 (most exposed),103.08,135.3,130.6,138.32
2026-01-01,percap_sa,Quintile 1 (least exposed),75.11,63.68,78.18,74.81
2026-01-01,percap_sa,Quintile 2,73.0,62.72,60.31,62.3
2026-01-01,percap_sa,Quintile 3,86.08,74.07,70.46,69.47
2026-01-01,percap_sa,Quintile 4,68.67,58.99,57.29,59.2
2026-01-01,percap_sa,Quintile 5 (most exposed),75.69,79.3,71.57,74.75
2026-01-01,raw,Quintile 1 (least exposed),92.46,81.49,97.87,109.15
2026-01-01,raw,Quintile 2,75.49,76.33,78.55,93.22
2026-01-01,raw,Quintile 3,88.26,102.4,105.56,118.27
2026-01-01,raw,Quintile 4,103.13,113.08,114.6,123.91
2026-01-01,raw,Quintile 5 (most exposed),102.49,141.17,131.35,143.06
2026-01-01,sa,Quintile 1 (least exposed),74.69,66.34,78.63,77.28
2026-01-01,sa,Quintile 2,72.59,65.34,60.65,64.36
2026-01-01,sa,Quintile 3,85.59,77.16,70.86,71.76
2026-01-01,sa,Quintile 4,68.28,61.46,57.62,61.15
2026-01-01,sa,Quintile 5 (most exposed),75.26,82.62,71.97,77.21
2026-02-01,percap,Quintile 1 (least exposed),69.11,64.2,72.55,69.61
2026-02-01,percap,Quintile 2,72.93,61.34,66.2,60.0
2026-02-01,percap,Quintile 3,54.69,54.31,58.14,57.16
2026-02-01,percap,Quintile 4,72.04,60.5,51.92,47.13
2026-02-01,percap,Quintile 5 (most exposed),60.65,65.11,65.04,56.41
2026-02-01,percap_sa,Quintile 1 (least exposed),75.66,68.72,77.24,80.52
2026-02-01,percap_sa,Quintile 2,80.53,69.29,73.65,70.95
2026-02-01,percap_sa,Quintile 3,70.86,66.42,69.28,72.15
2026-02-01,percap_sa,Quintile 4,78.84,68.69,62.86,67.45
2026-02-01,percap_sa,Quintile 5 (most exposed),73.49,76.6,82.12,83.05
2026-02-01,raw,Quintile 1 (least exposed),68.72,66.98,72.96,72.0
2026-02-01,raw,Quintile 2,72.51,64.0,66.58,62.06
2026-02-01,raw,Quintile 3,54.38,56.67,58.47,59.11
2026-02-01,raw,Quintile 4,71.63,63.13,52.21,48.75
2026-02-01,raw,Quintile 5 (most exposed),60.3,67.94,65.41,58.35
2026-02-01,sa,Quintile 1 (least exposed),75.22,71.71,77.68,83.28
2026-02-01,sa,Quintile 2,80.07,72.3,74.07,73.38
2026-02-01,sa,Quintile 3,70.45,69.31,69.67,74.62
2026-02-01,sa,Quintile 4,78.39,71.67,63.22,69.77
2026-02-01,sa,Quintile 5 (most exposed),73.07,79.93,82.59,85.9
2026-03-01,percap,Quintile 1 (least exposed),65.99,59.41,68.78,63.3
2026-03-01,percap,Quintile 2,68.03,59.2,62.38,62.81
2026-03-01,percap,Quintile 3,52.52,60.9,63.89,69.1
2026-03-01,percap,Quintile 4,60.82,56.83,53.64,50.99
2026-03-01,percap,Quintile 5 (most exposed),59.98,65.07,61.44,63.69
2026-03-01,percap_sa,Quintile 1 (least exposed),73.45,67.12,78.77,72.59
2026-03-01,percap_sa,Quintile 2,70.53,57.06,57.72,60.08
2026-03-01,percap_sa,Quintile 3,71.09,71.3,75.0,80.48
2026-03-01,percap_sa,Quintile 4,64.9,58.44,60.89,60.73
2026-03-01,percap_sa,Quintile 5 (most exposed),71.89,72.24,69.83,90.0
2026-03-01,raw,Quintile 1 (least exposed),65.61,61.99,69.17,65.47
2026-03-01,raw,Quintile 2,67.64,61.77,62.74,64.96
2026-03-01,raw,Quintile 3,52.22,63.54,64.25,71.47
2026-03-01,raw,Quintile 4,60.48,59.3,53.95,52.74
2026-03-01,raw,Quintile 5 (most exposed),59.63,67.89,61.79,65.87
2026-03-01,sa,Quintile 1 (least exposed),73.02,70.14,79.23,75.17
2026-03-01,sa,Quintile 2,70.12,59.63,58.05,62.22
2026-03-01,sa,Quintile 3,70.68,74.52,75.43,83.34
2026-03-01,sa,Quintile 4,64.53,61.07,61.24,62.89
2026-03-01,sa,Quintile 5 (most exposed),71.48,75.5,70.23,93.2
2026-04-01,percap,Quintile 1 (least exposed),82.46,72.82,84.85,78.51
2026-04-01,percap,Quintile 2,82.1,71.28,74.61,75.35
2026-04-01,percap,Quintile 3,62.12,63.88,66.61,65.25
2026-04-01,percap,Quintile 4,65.48,61.47,61.01,59.58
2026-04-01,percap,Quintile 5 (most exposed),55.36,56.65,62.97,58.43
2026-04-01,percap_sa,Quintile 1 (least exposed),88.19,82.67,98.75,93.16
2026-04-01,percap_sa,Quintile 2,93.97,84.63,88.14,93.25
2026-04-01,percap_sa,Quintile 3,82.86,75.1,76.73,73.67
2026-04-01,percap_sa,Quintile 4,71.92,66.33,71.4,80.54
2026-04-01,percap_sa,Quintile 5 (most exposed),64.92,60.47,71.95,71.52
2026-04-01,raw,Quintile 1 (least exposed),81.94,76.11,85.35,81.3
2026-04-01,raw,Quintile 2,81.58,74.5,75.05,78.02
2026-04-01,raw,Quintile 3,61.73,66.76,67.0,67.57
2026-04-01,raw,Quintile 4,65.07,64.25,61.37,61.7
2026-04-01,raw,Quintile 5 (most exposed),55.01,59.21,63.34,60.51
2026-04-01,sa,Quintile 1 (least exposed),87.64,86.27,99.31,96.37
2026-04-01,sa,Quintile 2,93.38,88.31,88.64,96.46
2026-04-01,sa,Quintile 3,82.35,78.37,77.17,76.21
2026-04-01,sa,Quintile 4,71.47,69.21,71.81,83.31
2026-04-01,sa,Quintile 5 (most exposed),64.52,63.1,72.36,73.98
